d,instance,m_q,exact_threshold,n_train,n_informative,gamma_scale,certified_error,observed_error,rounding_floor,above_floor,informative,holds,holds_strict
100,0,1,50,300,30,10.0,458.54519144665574,1.2456622956185575,1.141309269314661e-13,True,True,True,True
100,0,2,50,300,30,10.0,196.1158633261928,0.9854084539964656,1.141309269314661e-13,True,True,True,True
100,0,3,50,300,30,10.0,64.87939684887284,0.3952690992633192,1.141309269314661e-13,True,True,True,True
100,0,4,50,300,30,10.0,16.35630578828021,0.09085004719271961,1.141309269314661e-13,True,True,True,True
100,0,5,50,300,30,10.0,3.151961079632625,0.013441210359750544,1.141309269314661e-13,True,True,True,True
100,0,6,50,300,30,10.0,0.4703494418851334,0.001354910026692302,1.141309269314661e-13,True,True,True,True
100,0,8,50,300,30,10.0,0.0052079102980489966,5.006306494692581e-06,1.141309269314661e-13,True,True,True,True
100,0,10,50,300,30,10.0,2.543270022463773e-05,5.6275220039481155e-09,1.141309269314661e-13,True,True,True,True
100,0,12,50,300,30,10.0,6.157493717960925e-08,2.227995565817764e-12,1.141309269314661e-13,True,True,True,True
100,0,16,50,300,30,10.0,6.27071073961708e-14,2.6201263381153694e-14,1.141309269314661e-13,False,False,True,True
100,1,1,50,300,30,10.0,357.83433444580214,0.8068843207876615,6.372680161348399e-14,True,True,True,True
100,1,2,50,300,30,10.0,143.18803624921955,0.5624387222151921,6.372680161348399e-14,True,True,True,True
100,1,3,50,300,30,10.0,42.94683432365668,0.1837204171372343,6.372680161348399e-14,True,True,True,True
100,1,4,50,300,30,10.0,9.536458751281799,0.03391828327089175,6.372680161348399e-14,True,True,True,True
100,1,5,50,300,30,10.0,1.5811104851030873,0.00398853886657935,6.372680161348399e-14,True,True,True,True
100,1,6,50,300,30,10.0,0.19937602135560425,0.00031710421054753635,6.372680161348399e-14,True,True,True,True
100,1,8,50,300,30,10.0,0.0015190786532496793,7.10712907525668e-07,6.372680161348399e-14,True,True,True,True
100,1,10,50,300,30,10.0,4.948525056709244e-06,4.5851888952341824e-10,6.372680161348399e-14,True,True,True,True
100,1,12,50,300,30,10.0,7.846764278034052e-09,1.1679546219056647e-13,6.372680161348399e-14,True,True,True,True
100,1,16,50,300,30,10.0,3.3250115235334027e-15,1.509903313490213e-14,6.372680161348399e-14,False,False,True,False
100,2,1,50,300,30,10.0,506.2999514781216,1.3850295450645804,1.127986593019159e-13,True,True,True,True
100,2,2,50,300,30,10.0,223.91147314700694,1.0144354781874072,1.127986593019159e-13,True,True,True,True
100,2,3,50,300,30,10.0,77.80748460389103,0.35837008389825575,1.127986593019159e-13,True,True,True,True
100,2,4,50,300,30,10.0,20.912631824006294,0.0763928563198315,1.127986593019159e-13,True,True,True,True
100,2,5,50,300,30,10.0,4.350592066625116,0.010903063438375327,1.127986593019159e-13,True,True,True,True
100,2,6,50,300,30,10.0,0.70783476159157,0.0010693780371919814,1.127986593019159e-13,True,True,True,True
100,2,8,50,300,30,10.0,0.009515197569698921,4.02173618740953e-06,1.127986593019159e-13,True,True,True,True
100,2,10,50,300,30,10.0,5.745347087109136e-05,5.9994984535904905e-09,1.127986593019159e-13,True,True,True,True
100,2,12,50,300,30,10.0,1.7389931743661856e-07,4.0914216459242425e-12,1.127986593019159e-13,True,True,True,True
100,2,16,50,300,30,10.0,2.82016436961978e-13,2.5757174171303632e-14,1.127986593019159e-13,False,True,True,True
100,3,1,50,300,30,10.0,501.7912964048219,1.0584661746708222,9.903189379656396e-14,True,True,True,True
100,3,2,50,300,30,10.0,223.22481335503673,0.8630038167672691,9.903189379656396e-14,True,True,True,True
100,3,3,50,300,30,10.0,78.23987502412373,0.36791232956095266,9.903189379656396e-14,True,True,True,True
100,3,4,50,300,30,10.0,21.266561149234203,0.09084294209484933,9.903189379656396e-14,True,True,True,True
100,3,5,50,300,30,10.0,4.484277344490651,0.014612119354942221,9.903189379656396e-14,True,True,True,True
100,3,6,50,300,30,10.0,0.7408187169894432,0.001622273211048908,9.903189379656396e-14,True,True,True,True
100,3,8,50,300,30,10.0,0.010307536280849502,7.560373806336784e-06,9.903189379656396e-14,True,True,True,True
100,3,10,50,300,30,10.0,6.463806317064131e-05,1.4046328905559236e-08,9.903189379656396e-14,True,True,True,True
100,3,12,50,300,30,10.0,2.0361526740906877e-07,9.064832218186325e-12,9.903189379656396e-14,True,True,True,True
100,3,16,50,300,30,10.0,3.5893268504793036e-13,2.4202861936828413e-14,9.903189379656396e-14,False,True,True,True
100,4,1,50,300,30,10.0,514.8673115170146,1.2855999043488031,1.0436096431476471e-13,True,True,True,True
100,4,2,50,300,30,10.0,213.10100563538924,0.9251828566275622,1.0436096431476471e-13,True,True,True,True
100,4,3,50,300,30,10.0,67.17729877914498,0.31452182271691353,1.0436096431476471e-13,True,True,True,True
100,4,4,50,300,30,10.0,15.907665860816547,0.06013483552415244,1.0436096431476471e-13,True,True,True,True
100,4,5,50,300,30,10.0,2.8456380061017095,0.007284811206312192,1.0436096431476471e-13,True,True,True,True
100,4,6,50,300,30,10.0,0.390596529090516,0.0005941682669621251,1.0436096431476471e-13,True,True,True,True
100,4,8,50,300,30,10.0,0.0035902926311290467,1.3970961898479572e-06,1.0436096431476471e-13,True,True,True,True
100,4,10,50,300,30,10.0,1.4322429328133145e-05,9.539682377379677e-10,1.0436096431476471e-13,True,True,True,True
100,4,12,50,300,30,10.0,2.8055806315477406e-08,2.362554596402333e-13,1.0436096431476471e-13,True,True,True,True
100,4,16,50,300,30,10.0,1.840664514552643e-14,2.5757174171303632e-14,1.0436096431476471e-13,False,False,True,False
100,5,1,50,300,30,10.0,477.59881192423086,1.1482113388721782,8.881784197001252e-14,True,True,True,True
100,5,2,50,300,30,10.0,192.78500466228218,0.8041902569275085,8.881784197001252e-14,True,True,True,True
100,5,3,50,300,30,10.0,58.57040444086308,0.262912381693427,8.881784197001252e-14,True,True,True,True
100,5,4,50,300,30,10.0,13.22310385916081,0.048286019923200474,8.881784197001252e-14,True,True,True,True
100,5,5,50,300,30,10.0,2.235607428474951,0.005616262156343144,8.881784197001252e-14,True,True,True,True
100,5,6,50,300,30,10.0,0.28811160249066475,0.00044051986517534836,8.881784197001252e-14,True,True,True,True
100,5,8,50,300,30,10.0,0.0023031956514434396,9.786430861247197e-07,8.881784197001252e-14,True,True,True,True
100,5,10,50,300,30,10.0,7.90134462690423e-06,6.789144801899738e-10,8.881784197001252e-14,True,True,True,True
100,5,12,50,300,30,10.0,1.3222924222012248e-08,1.9517720772910252e-13,8.881784197001252e-14,True,True,True,True
100,5,16,50,300,30,10.0,6.263137991009536e-15,2.1538326677728037e-14,8.881784197001252e-14,False,False,True,False
100,6,1,50,300,30,10.0,395.2598414579611,1.267981604523825,1.0480505352461478e-13,True,True,True,True
100,6,2,50,300,30,10.0,171.71968765793005,0.9387838596073046,1.0480505352461478e-13,True,True,True,True
100,6,3,50,300,30,10.0,58.13228091732977,0.33814386382592687,1.0480505352461478e-13,True,True,True,True
100,6,4,50,300,30,10.0,15.101233480587224,0.06945174233980089,1.0480505352461478e-13,True,True,True,True
100,6,5,50,300,30,10.0,3.0160944601535946,0.009150991679404807,1.0480505352461478e-13,True,True,True,True
100,6,6,50,300,30,10.0,0.468601231923595,0.0008205856477467854,1.0480505352461478e-13,True,True,True,True
100,6,8,50,300,30,10.0,0.005679064154792255,2.412314147992589e-06,1.0480505352461478e-13,True,True,True,True
100,6,10,50,300,30,10.0,3.060868246398967e-05,3.841084658673388e-09,1.0480505352461478e-13,True,True,True,True
100,6,12,50,300,30,10.0,8.219946184214891e-08,2.5862229025008787e-12,1.0480505352461478e-13,True,True,True,True
100,6,16,50,300,30,10.0,1.0386555938727907e-13,2.4424906541753444e-14,1.0480505352461478e-13,False,False,True,True
100,7,1,50,300,30,10.0,371.6937064125437,1.7744902862913836,1.3722356584366935e-13,True,True,True,True
100,7,2,50,300,30,10.0,154.20977436046,1.251830855343084,1.3722356584366935e-13,True,True,True,True
100,7,3,50,300,30,10.0,48.78378258102936,0.4166231353369174,1.3722356584366935e-13,True,True,True,True
100,7,4,50,300,30,10.0,11.604772212901896,0.07881243389126658,1.3722356584366935e-13,True,True,True,True
100,7,5,50,300,30,10.0,2.0871494801966564,0.009599489542374995,1.3722356584366935e-13,True,True,True,True
100,7,6,50,300,30,10.0,0.2882218100087632,0.000803883953659934,1.3722356584366935e-13,True,True,True,True
100,7,8,50,300,30,10.0,0.0026850714548270938,2.148864392204075e-06,1.3722356584366935e-13,True,True,True,True
100,7,10,50,300,30,10.0,1.0868157189605468e-05,1.8616010954985995e-09,1.3722356584366935e-13,True,True,True,True
100,7,12,50,300,30,10.0,2.161532268235031e-08,6.121769757783113e-13,1.3722356584366935e-13,True,True,True,True
100,7,16,50,300,30,10.0,1.4634860614135632e-14,3.086420008457935e-14,1.3722356584366935e-13,False,False,True,False
100,8,1,50,300,30,10.0,290.7057770568984,1.277813313790947,9.325873406851315e-14,True,True,True,True
100,8,2,50,300,30,10.0,109.99782921009911,0.8123401005350902,9.325873406851315e-14,True,True,True,True
100,8,3,50,300,30,10.0,30.379171395964878,0.23177155485122936,9.325873406851315e-14,True,True,True,True
100,8,4,50,300,30,10.0,6.0676219585216025,0.03714796680383148,9.325873406851315e-14,True,True,True,True
100,8,5,50,300,30,10.0,0.8885136639524286,0.003768813138513405,9.325873406851315e-14,True,True,True,True
100,8,6,50,300,30,10.0,0.09763749997306755,0.0002518596039378096,9.325873406851315e-14,True,True,True,True
100,8,8,50,300,30,10.0,0.000550126437467998,4.0575763549099975e-07,9.325873406851315e-14,True,True,True,True
100,8,10,50,300,30,10.0,1.2969701194380905e-06,1.9583734633954464e-10,9.325873406851315e-14,True,True,True,True
100,8,12,50,300,30,10.0,1.4700977487871818e-09,5.551115123125783e-14,9.325873406851315e-14,False,True,True,True
100,8,16,50,300,30,10.0,3.119737171533732e-16,2.2870594307278225e-14,9.325873406851315e-14,False,False,True,False
100,9,1,50,300,30,10.0,500.49799183099486,2.08559054185903,1.723066134218243e-13,True,True,True,True
100,9,2,50,300,30,10.0,210.7694887311996,1.5017793472541787,1.723066134218243e-13,True,True,True,True
100,9,3,50,300,30,10.0,68.15678302538225,0.5157515789613327,1.723066134218243e-13,True,True,True,True
100,9,4,50,300,30,10.0,16.681577931964515,0.10081703921877216,1.723066134218243e-13,True,True,True,True
100,9,5,50,300,30,10.0,3.1033870257682312,0.012704909091459715,1.723066134218243e-13,True,True,True,True
100,9,6,50,300,30,10.0,0.4451177314920908,0.0011034019340021572,1.723066134218243e-13,True,True,True,True
100,9,8,50,300,30,10.0,0.004511601542183038,3.226371632525371e-06,1.723066134218243e-13,True,True,True,True
100,9,10,50,300,30,10.0,2.0011377025314013e-05,3.2188063325833127e-09,1.723066134218243e-13,True,True,True,True
100,9,12,50,300,30,10.0,4.380032908150906e-08,1.317446152171442e-12,1.723066134218243e-13,True,True,True,True
100,9,16,50,300,30,10.0,3.6171864770776904e-14,3.952393967665557e-14,1.723066134218243e-13,False,False,True,False
100,10,1,50,300,30,10.0,359.5434299474591,1.3651691448417165,1.1235457009206584e-13,True,True,True,True
100,10,2,50,300,30,10.0,157.48640517522713,0.9946728227351302,1.1235457009206584e-13,True,True,True,True
100,10,3,50,300,30,10.0,53.95843541405799,0.3514149561224873,1.1235457009206584e-13,True,True,True,True
100,10,4,50,300,30,10.0,14.23817327451748,0.07120477866060915,1.1235457009206584e-13,True,True,True,True
100,10,5,50,300,30,10.0,2.8974766001664665,0.009321405755569057,1.1235457009206584e-13,True,True,True,True
100,10,6,50,300,30,10.0,0.4597993461310173,0.0008351654882299275,1.1235457009206584e-13,True,True,True,True
100,10,8,50,300,30,10.0,0.0058435431337183945,2.438094024670434e-06,1.1235457009206584e-13,True,True,True,True
100,10,10,50,300,30,10.0,3.317677463640815e-05,2.0485733109865123e-09,1.1235457009206584e-13,True,True,True,True
100,10,12,50,300,30,10.0,9.410976197550963e-08,6.259021079202398e-13,1.1235457009206584e-13,True,True,True,True
100,10,16,50,300,30,10.0,1.332904328352736e-13,2.531308496145357e-14,1.1235457009206584e-13,False,True,True,True
100,11,1,50,300,30,10.0,513.1461745349093,1.0188614591887755,8.926193117986259e-14,True,True,True,True
100,11,2,50,300,30,10.0,222.37476782140482,0.7946481973393202,8.926193117986259e-14,True,True,True,True
100,11,3,50,300,30,10.0,75.00276295751317,0.3074462864765678,8.926193117986259e-14,True,True,True,True
100,11,4,50,300,30,10.0,19.390171622399347,0.06815757368404374,8.926193117986259e-14,True,True,True,True
100,11,5,50,300,30,10.0,3.8504888617001543,0.009877625046323946,8.926193117986259e-14,True,True,True,True
100,11,6,50,300,30,10.0,0.5943662201961446,0.0010337426982012232,8.926193117986259e-14,True,True,True,True
100,11,8,50,300,30,10.0,0.007099090393763723,4.48054605806103e-06,8.926193117986259e-14,True,True,True,True
100,11,10,50,300,30,10.0,3.7657755792941614e-05,6.648628980698845e-09,8.926193117986259e-14,True,True,True,True
100,11,12,50,300,30,10.0,9.945005924647147e-08,3.700373341075647e-12,8.926193117986259e-14,True,True,True,True
100,11,16,50,300,30,10.0,1.2135447885270711e-13,2.042810365310288e-14,8.926193117986259e-14,False,True,True,True
100,12,1,50,300,30,10.0,435.6124613068342,2.162020413291519,1.7141843500212417e-13,True,True,True,True
100,12,2,50,300,30,10.0,188.0910518327234,1.5532682800792634,1.7141843500212417e-13,True,True,True,True
100,12,3,50,300,30,10.0,63.102057503345264,0.5349916145563687,1.7141843500212417e-13,True,True,True,True
100,12,4,50,300,30,10.0,16.200655271909103,0.1053101768727549,1.7141843500212417e-13,True,True,True,True
100,12,5,50,300,30,10.0,3.1905493144677095,0.013378782366549213,1.7141843500212417e-13,True,True,True,True
100,12,6,50,300,30,10.0,0.48791087311107345,0.001167538064383411,1.7141843500212417e-13,True,True,True,True
100,12,8,50,300,30,10.0,0.005706674014404096,3.7047356447050817e-06,1.7141843500212417e-13,True,True,True,True
100,12,10,50,300,30,10.0,2.9585839222645694e-05,5.077096187910968e-09,1.7141843500212417e-13,True,True,True,True
100,12,12,50,300,30,10.0,7.627348800619764e-08,2.634670259737959e-12,1.7141843500212417e-13,True,True,True,True
100,12,16,50,300,30,10.0,8.852007166014872e-14,3.9968028886505635e-14,1.7141843500212417e-13,False,False,True,True
100,13,1,50,300,30,10.0,423.29973730977036,1.2528402413161734,1.0347278589506459e-13,True,True,True,True
100,13,2,50,300,30,10.0,178.35333783553622,0.9221594924835663,1.0347278589506459e-13,True,True,True,True
100,13,3,50,300,30,10.0,57.7188772440714,0.3259882970969653,1.0347278589506459e-13,True,True,True,True
100,13,4,50,300,30,10.0,14.141030943374707,0.06519413846155042,1.0347278589506459e-13,True,True,True,True
100,13,5,50,300,30,10.0,2.633887372307878,0.008305437325849319,1.0347278589506459e-13,True,True,True,True
100,13,6,50,300,30,10.0,0.37828324102131555,0.0007152677105084493,1.0347278589506459e-13,True,True,True,True
100,13,8,50,300,30,10.0,0.0038456286147355283,1.8863958453074758e-06,1.0347278589506459e-13,True,True,True,True
100,13,10,50,300,30,10.0,1.711277135538999e-05,1.4393146674507307e-09,1.0347278589506459e-13,True,True,True,True
100,13,12,50,300,30,10.0,3.7583253098228364e-08,3.6859404417555197e-13,1.0347278589506459e-13,True,True,True,True
100,13,16,50,300,30,10.0,3.125696218209846e-14,2.4646951146678475e-14,1.0347278589506459e-13,False,False,True,True
100,14,1,50,300,30,10.0,378.15975647771614,1.1868586194011546,9.85878045867139e-14,True,True,True,True
100,14,2,50,300,30,10.0,170.25446159365308,0.8804691243659452,9.85878045867139e-14,True,True,True,True
100,14,3,50,300,30,10.0,60.73082267710178,0.34347226803287645,9.85878045867139e-14,True,True,True,True
100,14,4,50,300,30,10.0,16.890312236179845,0.0772597973395619,9.85878045867139e-14,True,True,True,True
100,14,5,50,300,30,10.0,3.6609734661132505,0.01129529451870126,9.85878045867139e-14,True,True,True,True
100,14,6,50,300,30,10.0,0.6240162628994117,0.0011423863560169334,9.85878045867139e-14,True,True,True,True
100,14,8,50,300,30,10.0,0.009317745704431755,4.509007285991018e-06,9.85878045867139e-14,True,True,True,True
100,14,10,50,300,30,10.0,6.315623651060005e-05,7.231770626781042e-09,9.85878045867139e-14,True,True,True,True
100,14,12,50,300,30,10.0,2.1598302320143313e-07,4.195588321209698e-12,9.85878045867139e-14,True,True,True,True
100,14,16,50,300,30,10.0,4.5212434002442046e-13,2.2870594307278225e-14,9.85878045867139e-14,False,True,True,True
100,15,1,50,300,30,10.0,345.44382637955385,0.9812884078424962,7.682743330406083e-14,True,True,True,True
100,15,2,50,300,30,10.0,137.91912134702693,0.6651773312605036,7.682743330406083e-14,True,True,True,True
100,15,3,50,300,30,10.0,41.22943219350294,0.2113654301963911,7.682743330406083e-14,True,True,True,True
100,15,4,50,300,30,10.0,9.116015404749444,0.038308785646836596,7.682743330406083e-14,True,True,True,True
100,15,5,50,300,30,10.0,1.5038052443972032,0.004455109543395119,7.682743330406083e-14,True,True,True,True
100,15,6,50,300,30,10.0,0.18856736573062416,0.000351410762460036,7.682743330406083e-14,True,True,True,True
100,15,8,50,300,30,10.0,0.0014190731387480591,7.683782040635023e-07,7.682743330406083e-14,True,True,True,True
100,15,10,50,300,30,10.0,4.561649877779765e-06,4.806045006411352e-10,7.682743330406083e-14,True,True,True,True
100,15,12,50,300,30,10.0,7.1338033961893755e-09,1.0869083411080283e-13,7.682743330406083e-14,True,True,True,True
100,15,16,50,300,30,10.0,2.9376729519478744e-15,1.865174681370263e-14,7.682743330406083e-14,False,False,True,False
100,16,1,50,300,30,10.0,410.2762534663445,1.001705917033605,7.771561172376096e-14,True,True,True,True
100,16,2,50,300,30,10.0,169.99209934726127,0.7088939807434524,7.771561172376096e-14,True,True,True,True
100,16,3,50,300,30,10.0,53.67183791818057,0.2352793474561352,7.771561172376096e-14,True,True,True,True
100,16,4,50,300,30,10.0,12.73538204055605,0.04533216097051829,7.771561172376096e-14,True,True,True,True
100,16,5,50,300,30,10.0,2.2836526790566807,0.005728654821297585,7.771561172376096e-14,True,True,True,True
100,16,6,50,300,30,10.0,0.3143031423539409,0.0004819621100720095,7.771561172376096e-14,True,True,True,True
100,16,8,50,300,30,10.0,0.0029063476306629824,1.3570992662970127e-06,7.771561172376096e-14,True,True,True,True
100,16,10,50,300,30,10.0,1.1669382746502869e-05,1.1331322546936917e-09,7.771561172376096e-14,True,True,True,True
100,16,12,50,300,30,10.0,2.3014147295432106e-08,4.062306047103448e-13,7.771561172376096e-14,True,True,True,True
100,16,16,50,300,30,10.0,1.5312288618179825e-14,1.8207657603852567e-14,7.771561172376096e-14,False,False,True,False
100,17,1,50,300,30,10.0,387.1378556034237,0.9794934112424457,7.083222897108499e-14,True,True,True,True
100,17,2,50,300,30,10.0,159.84238011968026,0.6413086022691299,7.083222897108499e-14,True,True,True,True
100,17,3,50,300,30,10.0,50.206734955901666,0.18894297671529303,7.083222897108499e-14,True,True,True,True
100,17,4,50,300,30,10.0,11.833599989020868,0.030798900009950225,7.083222897108499e-14,True,True,True,True
100,17,5,50,300,30,10.0,2.1051642140237443,0.003120888940179034,7.083222897108499e-14,True,True,True,True
100,17,6,50,300,30,10.0,0.28717304852786196,0.00020975913728787932,7.083222897108499e-14,True,True,True,True
100,17,8,50,300,30,10.0,0.0026035926046184153,6.093970448262098e-07,7.083222897108499e-14,True,True,True,True
100,17,10,50,300,30,10.0,1.023276501298536e-05,5.628317256700655e-10,7.083222897108499e-14,True,True,True,True
100,17,12,50,300,30,10.0,1.973516138459604e-08,1.8829382497642655e-13,7.083222897108499e-14,True,True,True,True
100,17,16,50,300,30,10.0,1.2536965809159192e-14,1.6764367671839864e-14,7.083222897108499e-14,False,False,True,False
100,18,1,50,300,30,10.0,564.4220653011182,1.2478797063387759,1.1191048088221578e-13,True,True,True,True
100,18,2,50,300,30,10.0,248.50691065018205,0.9705650827804835,1.1191048088221578e-13,True,True,True,True
100,18,3,50,300,30,10.0,85.79189656223207,0.3783719353450472,1.1191048088221578e-13,True,True,True,True
100,18,4,50,300,30,10.0,22.862970507461483,0.0849554974547555,1.1191048088221578e-13,True,True,True,True
100,18,5,50,300,30,10.0,4.708006776630156,0.012459080789369636,1.1191048088221578e-13,True,True,True,True
100,18,6,50,300,30,10.0,0.757179475915664,0.0012782768599000072,1.1191048088221578e-13,True,True,True,True
100,18,8,50,300,30,10.0,0.009916982311514973,5.498381641766414e-06,1.1191048088221578e-13,True,True,True,True
100,18,10,50,300,30,10.0,5.8192907910695736e-05,8.481003899163397e-09,1.1191048088221578e-13,True,True,True,True
100,18,12,50,300,30,10.0,1.7091112125304623e-07,5.093703236980218e-12,1.1191048088221578e-13,True,True,True,True
100,18,16,50,300,30,10.0,2.6027804895738126e-13,2.55351295663786e-14,1.1191048088221578e-13,False,True,True,True
100,19,1,50,300,30,10.0,353.1106242517641,1.004175533912506,6.616929226765933e-14,True,True,True,True
100,19,2,50,300,30,10.0,143.37104823161403,0.5915857425852122,6.616929226765933e-14,True,True,True,True
100,19,3,50,300,30,10.0,43.93507082232483,0.18383122616095693,6.616929226765933e-14,True,True,True,True
100,19,4,50,300,30,10.0,10.030033837606359,0.03309465012431079,6.616929226765933e-14,True,True,True,True
100,19,5,50,300,30,10.0,1.7181970256990715,0.004009486866637824,6.616929226765933e-14,True,True,True,True
100,19,6,50,300,30,10.0,0.22470106307231552,0.00034537143616297783,6.616929226765933e-14,True,True,True,True
100,19,8,50,300,30,10.0,0.0018554325629314364,1.009880825075804e-06,6.616929226765933e-14,True,True,True,True
100,19,10,50,300,30,10.0,6.591618873720031e-06,9.779251852748416e-10,6.616929226765933e-14,True,True,True,True
100,19,12,50,300,30,10.0,1.14403916852741e-08,3.560485239972877e-13,6.616929226765933e-14,True,True,True,True
100,19,16,50,300,30,10.0,5.842685999276543e-15,1.4654943925052066e-14,6.616929226765933e-14,False,False,True,False
100,20,1,50,300,30,10.0,458.2184966836186,1.2784319418860903,1.0302869668521453e-13,True,True,True,True
100,20,2,50,300,30,10.0,193.79319620678564,0.9098491004469512,1.0302869668521453e-13,True,True,True,True
100,20,3,50,300,30,10.0,63.06342230945899,0.3118081840347253,1.0302869668521453e-13,True,True,True,True
100,20,4,50,300,30,10.0,15.561785086125655,0.06168140970274183,1.0302869668521453e-13,True,True,True,True
100,20,5,50,300,30,10.0,2.923374617911724,0.007969403242909179,1.0302869668521453e-13,True,True,True,True
100,20,6,50,300,30,10.0,0.4239074626088031,0.0007152743948763973,1.0302869668521453e-13,True,True,True,True
100,20,8,50,300,30,10.0,0.00440260085441497,2.22285238926645e-06,1.0302869668521453e-13,True,True,True,True
100,20,10,50,300,30,10.0,2.005215195357223e-05,2.258686349065897e-09,1.0302869668521453e-13,True,True,True,True
100,20,12,50,300,30,10.0,4.512492589625054e-08,8.912870441690757e-13,1.0302869668521453e-13,True,True,True,True
100,20,16,50,300,30,10.0,3.947651277591554e-14,2.2870594307278225e-14,1.0302869668521453e-13,False,False,True,True
100,21,1,50,300,30,10.0,482.70505249165336,0.7652118005545829,7.149836278586008e-14,True,True,True,True
100,21,2,50,300,30,10.0,211.17312669437365,0.6207859460661008,7.149836278586008e-14,True,True,True,True
100,21,3,50,300,30,10.0,72.22203118305795,0.2655429991705447,7.149836278586008e-14,True,True,True,True
100,21,4,50,300,30,10.0,19.01258534406904,0.06637774718969092,7.149836278586008e-14,True,True,True,True
100,21,5,50,300,30,10.0,3.858175620284895,0.01088430151043851,7.149836278586008e-14,True,True,True,True
100,21,6,50,300,30,10.0,0.6103030687296814,0.0012359990050242464,7.149836278586008e-14,True,True,True,True
100,21,8,50,300,30,10.0,0.007700900969305935,5.9851108323849544e-06,7.149836278586008e-14,True,True,True,True
100,21,10,50,300,30,10.0,4.3380049025356875e-05,8.918505045585334e-09,7.149836278586008e-14,True,True,True,True
100,21,12,50,300,30,10.0,1.2203947575422238e-07,4.531930386519889e-12,7.149836278586008e-14,True,True,True,True
100,21,16,50,300,30,10.0,1.6989376336758968e-13,1.7319479184152442e-14,7.149836278586008e-14,False,True,True,True
100,22,1,50,300,30,10.0,551.1005350802141,0.8429016172742652,6.461498003318411e-14,True,True,True,True
100,22,2,50,300,30,10.0,232.07163967892012,0.584682824934389,6.461498003318411e-14,True,True,True,True
100,22,3,50,300,30,10.0,75.04168325383365,0.20580289712900135,6.461498003318411e-14,True,True,True,True
100,22,4,50,300,30,10.0,18.36553394818808,0.043655204843723205,6.461498003318411e-14,True,True,True,True
100,22,5,50,300,30,10.0,3.4164117864228567,0.005984949007748042,6.461498003318411e-14,True,True,True,True
100,22,6,50,300,30,10.0,0.48997402031093895,0.00056354487115573,6.461498003318411e-14,True,True,True,True
100,22,8,50,300,30,10.0,0.004965333648535045,2.2214800991515737e-06,6.461498003318411e-14,True,True,True,True
100,22,10,50,300,30,10.0,2.2019489001278574e-05,2.700750983963829e-09,6.461498003318411e-14,True,True,True,True
100,22,12,50,300,30,10.0,4.818546397275472e-08,1.057681719984771e-12,6.461498003318411e-14,True,True,True,True
100,22,16,50,300,30,10.0,3.9775848942421293e-14,1.5210055437364645e-14,6.461498003318411e-14,False,False,True,True
100,23,1,50,300,30,10.0,458.77158055928436,0.7210425734487699,5.88418203051333e-14,True,True,True,True
100,23,2,50,300,30,10.0,199.61492608335587,0.5401314956599084,5.88418203051333e-14,True,True,True,True
100,23,3,50,300,30,10.0,67.72645270101908,0.2016827356836497,5.88418203051333e-14,True,True,True,True
100,23,4,50,300,30,10.0,17.644697572865116,0.04324212565001717,5.88418203051333e-14,True,True,True,True
100,23,5,50,300,30,10.0,3.5363392542222836,0.005973603461590482,5.88418203051333e-14,True,True,True,True
100,23,6,50,300,30,10.0,0.5515875114914338,0.0005597104644207151,5.88418203051333e-14,True,True,True,True
100,23,8,50,300,30,10.0,0.006743828284163042,2.1693596531924264e-06,5.88418203051333e-14,True,True,True,True
100,23,10,50,300,30,10.0,3.6698808246934326e-05,3.3658535958380753e-09,5.88418203051333e-14,True,True,True,True
100,23,12,50,300,30,10.0,9.955685046423296e-08,2.2916113451287856e-12,5.88418203051333e-14,True,True,True,True
100,23,16,50,300,30,10.0,1.2847864229883228e-13,1.3100631690576847e-14,5.88418203051333e-14,False,True,True,True
100,24,1,50,300,30,10.0,552.4851962532158,1.1597921249410024,9.725553695716371e-14,True,True,True,True
100,24,2,50,300,30,10.0,237.38455491067205,0.8542077774180302,9.725553695716371e-14,True,True,True,True
100,24,3,50,300,30,10.0,79.06578600128948,0.3069797766149702,9.725553695716371e-14,True,True,True,True
100,24,4,50,300,30,10.0,20.109118533979416,0.0633404416537997,9.725553695716371e-14,True,True,True,True
100,24,5,50,300,30,10.0,3.916075773326034,0.008470959627572494,9.725553695716371e-14,True,True,True,True
100,24,6,50,300,30,10.0,0.591330445151539,0.0007831758771568165,9.725553695716371e-14,True,True,True,True
100,24,8,50,300,30,10.0,0.006723072272146997,2.6839110784937503e-06,9.725553695716371e-14,True,True,True,True
100,24,10,50,300,30,10.0,3.379356845067833e-05,3.4037242468976103e-09,9.725553695716371e-14,True,True,True,True
100,24,12,50,300,30,10.0,8.433523054796486e-08,1.8074708396653705e-12,9.725553695716371e-14,True,True,True,True
100,24,16,50,300,30,10.0,9.147485323349657e-14,2.2648549702353193e-14,9.725553695716371e-14,False,False,True,True
100,25,1,50,300,30,10.0,543.1991580820984,0.8176917302021494,6.483702463810914e-14,True,True,True,True
100,25,2,50,300,30,10.0,234.99505793292514,0.5798540682334347,6.483702463810914e-14,True,True,True,True
100,25,3,50,300,30,10.0,79.05990798851339,0.19488944603883818,6.483702463810914e-14,True,True,True,True
100,25,4,50,300,30,10.0,20.37211894789209,0.037972187403764956,6.483702463810914e-14,True,True,True,True
100,25,5,50,300,30,10.0,4.029663748422193,0.004845781709741037,6.483702463810914e-14,True,True,True,True
100,25,6,50,300,30,10.0,0.6192797573300421,0.0004239700441021066,6.483702463810914e-14,True,True,True,True
100,25,8,50,300,30,10.0,0.007323712299524987,1.2864945498902713e-06,6.483702463810914e-14,True,True,True,True
100,25,10,50,300,30,10.0,3.843071757847556e-05,1.2147086669855867e-09,6.483702463810914e-14,True,True,True,True
100,25,12,50,300,30,10.0,1.0034201592302463e-07,4.3998138465894954e-13,6.483702463810914e-14,True,True,True,True
100,25,16,50,300,30,10.0,1.1957290121703996e-13,1.5210055437364645e-14,6.483702463810914e-14,False,True,True,True
100,26,1,50,300,30,10.0,524.9498374037498,1.1079942055008438,9.059419880941277e-14,True,True,True,True
100,26,2,50,300,30,10.0,222.50724564874417,0.8079547707779016,9.059419880941277e-14,True,True,True,True
100,26,3,50,300,30,10.0,72.64340197385077,0.2802654209190777,9.059419880941277e-14,True,True,True,True
100,26,4,50,300,30,10.0,18.0016789398948,0.054689021371672863,9.059419880941277e-14,True,True,True,True
100,26,5,50,300,30,10.0,3.3987675767201138,0.006756813979467591,9.059419880941277e-14,True,True,True,True
100,26,6,50,300,30,10.0,0.4956352749864819,0.0005673289224176203,9.059419880941277e-14,True,True,True,True
100,26,8,50,300,30,10.0,0.005212841939652008,1.3764495248036468e-06,9.059419880941277e-14,True,True,True,True
100,26,10,50,300,30,10.0,2.407030979588311e-05,1.0393117477747182e-09,9.059419880941277e-14,True,True,True,True
100,26,12,50,300,30,10.0,5.495153065321616e-08,2.816566424534983e-13,9.059419880941277e-14,True,True,True,True
100,26,16,50,300,30,10.0,4.952993002338169e-14,2.220446049250313e-14,9.059419880941277e-14,False,False,True,True
100,27,1,50,300,30,10.0,385.16534180846486,2.1390121425333786,1.8118839761882555e-13,True,True,True,True
100,27,2,50,300,30,10.0,162.53250568326283,1.606775621864168,1.8118839761882555e-13,True,True,True,True
100,27,3,50,300,30,10.0,52.71664477261567,0.5969430463201255,1.8118839761882555e-13,True,True,True,True
100,27,4,50,300,30,10.0,12.953024199990168,0.12721140063223402,1.8118839761882555e-13,True,True,True,True
100,27,5,50,300,30,10.0,2.4209495493594893,0.017442373265335043,1.8118839761882555e-13,True,True,True,True
100,27,6,50,300,30,10.0,0.34905083671083176,0.001627273925397521,1.8118839761882555e-13,True,True,True,True
100,27,8,50,300,30,10.0,0.0035792308365287778,5.134380219651291e-06,1.8118839761882555e-13,True,True,True,True
100,27,10,50,300,30,10.0,1.607755308744689e-05,4.929775254680635e-09,1.8118839761882555e-13,True,True,True,True
100,27,12,50,300,30,10.0,3.565870190127764e-08,1.681321748492337e-12,1.8118839761882555e-13,True,True,True,True
100,27,16,50,300,30,10.0,3.026813353483782e-14,4.218847493575595e-14,1.8118839761882555e-13,False,False,True,False
100,28,1,50,300,30,10.0,420.13572213700513,1.197990572967873,1.0125233984581428e-13,True,True,True,True
100,28,2,50,300,30,10.0,175.9333416735431,0.898707133412122,1.0125233984581428e-13,True,True,True,True
100,28,3,50,300,30,10.0,56.42195100784505,0.3396291173999213,1.0125233984581428e-13,True,True,True,True
100,28,4,50,300,30,10.0,13.66167193349296,0.07284532507237396,1.0125233984581428e-13,True,True,True,True
100,28,5,50,300,30,10.0,2.5092919627589314,0.009834104948066136,1.0125233984581428e-13,True,True,True,True
100,28,6,50,300,30,10.0,0.35478004883633013,0.0008849204215399809,1.0125233984581428e-13,True,True,True,True
100,28,8,50,300,30,10.0,0.0034829003137187794,2.8399767330045123e-06,1.0125233984581428e-13,True,True,True,True
100,28,10,50,300,30,10.0,1.492169132011913e-05,2.7760405085786033e-09,1.0125233984581428e-13,True,True,True,True
100,28,12,50,300,30,10.0,3.149483080887328e-08,1.0544898287889737e-12,1.0125233984581428e-13,True,True,True,True
100,28,16,50,300,30,10.0,2.4120727985162474e-14,2.4202861936828413e-14,1.0125233984581428e-13,False,False,True,False
100,29,1,50,300,30,10.0,467.9252792868848,0.9172840850274301,7.771561172376096e-14,True,True,True,True
100,29,2,50,300,30,10.0,199.27697481744391,0.6967649162111572,7.771561172376096e-14,True,True,True,True
100,29,3,50,300,30,10.0,65.51349673573098,0.2597426656569284,7.771561172376096e-14,True,True,True,True
100,29,4,50,300,30,10.0,16.382235422203564,0.054928278468390435,7.771561172376096e-14,True,True,True,True
100,29,5,50,300,30,10.0,3.1264783356199737,0.0073996654793930805,7.771561172376096e-14,True,True,True,True
100,29,6,50,300,30,10.0,0.46147985395305374,0.0006726754480083086,7.771561172376096e-14,True,True,True,True
100,29,8,50,300,30,10.0,0.004986536147224743,2.299359856849925e-06,7.771561172376096e-14,True,True,True,True
100,29,10,50,300,30,10.0,2.371268669162551e-05,2.484687899872995e-09,7.771561172376096e-14,True,True,True,True
100,29,12,50,300,30,10.0,5.583102334519465e-08,9.796607969292381e-13,7.771561172376096e-14,True,True,True,True
100,29,16,50,300,30,10.0,5.36536327326871e-14,1.7541523789077473e-14,7.771561172376096e-14,False,False,True,True
100,30,1,50,300,30,10.0,448.78176327390634,1.0172922607085935,8.482103908136196e-14,True,True,True,True
100,30,2,50,300,30,10.0,191.51091333048205,0.757384131443144,8.482103908136196e-14,True,True,True,True
100,30,3,50,300,30,10.0,63.14776324808616,0.2733678397132331,8.482103908136196e-14,True,True,True,True
100,30,4,50,300,30,10.0,15.851775758142363,0.056042903428850877,8.482103908136196e-14,True,True,True,True
100,30,5,50,300,30,10.0,3.039195895245286,0.007359261651612048,8.482103908136196e-14,True,True,True,True
100,30,6,50,300,30,10.0,0.45092576841781,0.0006588253718999848,8.482103908136196e-14,True,True,True,True
100,30,8,50,300,30,10.0,0.004929187419486081,1.957197490742857e-06,8.482103908136196e-14,True,True,True,True
100,30,10,50,300,30,10.0,2.3737259820397957e-05,2.4147852606404285e-09,8.482103908136196e-14,True,True,True,True
100,30,12,50,300,30,10.0,5.6632789589105774e-08,1.0894618540646661e-12,8.482103908136196e-14,True,True,True,True
100,30,16,50,300,30,10.0,5.594071835622775e-14,1.9317880628477724e-14,8.482103908136196e-14,False,False,True,True
100,31,1,50,300,30,10.0,447.4041512047831,1.1122674730586493,9.459100169806334e-14,True,True,True,True
100,31,2,50,300,30,10.0,194.47700883033113,0.8577607049206388,9.459100169806334e-14,True,True,True,True
100,31,3,50,300,30,10.0,65.88774116127841,0.3343069448006285,9.459100169806334e-14,True,True,True,True
100,31,4,50,300,30,10.0,17.133310641903137,0.07559717288071788,9.459100169806334e-14,True,True,True,True
100,31,5,50,300,30,10.0,3.4261128167876915,0.011173392800535753,9.459100169806334e-14,True,True,True,True
100,31,6,50,300,30,10.0,0.5330355596631102,0.0011440888665135152,9.459100169806334e-14,True,True,True,True
100,31,8,50,300,30,10.0,0.006479875762547639,4.569908385043675e-06,9.459100169806334e-14,True,True,True,True
100,31,10,50,300,30,10.0,3.504267024969605e-05,5.804636105111172e-09,9.459100169806334e-14,True,True,True,True
100,31,12,50,300,30,10.0,9.444090457688495e-08,2.6185720258808942e-12,9.459100169806334e-14,True,True,True,True
100,31,16,50,300,30,10.0,1.2021769681789425e-13,2.220446049250313e-14,9.459100169806334e-14,False,True,True,True
100,32,1,50,300,30,10.0,392.93711588546734,1.625993558959559,1.163513729807164e-13,True,True,True,True
100,32,2,50,300,30,10.0,152.51795876446812,1.0258003059812881,1.163513729807164e-13,True,True,True,True
100,32,3,50,300,30,10.0,43.73593425215653,0.2866995907391101,1.163513729807164e-13,True,True,True,True
100,32,4,50,300,30,10.0,9.16638872459998,0.04421858689775138,1.163513729807164e-13,True,True,True,True
100,32,5,50,300,30,10.0,1.4200124766573705,0.0042368698524477555,1.163513729807164e-13,True,True,True,True
100,32,6,50,300,30,10.0,0.16606107981838286,0.00028193267453191506,1.163513729807164e-13,True,True,True,True
100,32,8,50,300,30,10.0,0.0010720439834949018,5.722490609150199e-07,1.163513729807164e-13,True,True,True,True
100,32,10,50,300,30,10.0,2.9231078596620048e-06,3.7354330739702846e-10,1.163513729807164e-13,True,True,True,True
100,32,12,50,300,30,10.0,3.852490684179796e-09,1.0369483049998962e-13,1.163513729807164e-13,False,True,True,True
100,32,16,50,300,30,10.0,1.1148657866727842e-15,2.6201263381153694e-14,1.163513729807164e-13,False,False,True,False
100,33,1,50,300,30,10.0,460.2208116542852,1.2247586821350591,1.1057821325266559e-13,True,True,True,True
100,33,2,50,300,30,10.0,206.51954345205078,0.9746187182230388,1.1057821325266559e-13,True,True,True,True
100,33,3,50,300,30,10.0,73.31280523547655,0.398625515977739,1.1057821325266559e-13,True,True,True,True
100,33,4,50,300,30,10.0,20.26165089243626,0.09476786176998564,1.1057821325266559e-13,True,True,True,True
100,33,5,50,300,30,10.0,4.358607095879112,0.014828307860800916,1.1057821325266559e-13,True,True,True,True
100,33,6,50,300,30,10.0,0.7365703820714766,0.0016310930886460628,1.1057821325266559e-13,True,True,True,True
100,33,8,50,300,30,10.0,0.010786723004261615,8.066646733695393e-06,1.1057821325266559e-13,True,True,True,True
100,33,10,50,300,30,10.0,7.15637250161021e-05,1.3966012124555505e-08,1.1057821325266559e-13,True,True,True,True
100,33,12,50,300,30,10.0,2.3925540232669207e-07,8.954392782811738e-12,1.1057821325266559e-13,True,True,True,True
100,33,16,50,300,30,10.0,4.776570048004065e-13,2.5757174171303632e-14,1.1057821325266559e-13,False,True,True,True
100,34,1,50,300,30,10.0,605.3995571237767,1.226568286377353,9.769962616701378e-14,True,True,True,True
100,34,2,50,300,30,10.0,252.1292583112211,0.8638209452922689,9.769962616701378e-14,True,True,True,True
100,34,3,50,300,30,10.0,80.20899807905445,0.286059080313148,9.769962616701378e-14,True,True,True,True
100,34,4,50,300,30,10.0,19.219452937691802,0.05314466776166604,9.769962616701378e-14,True,True,True,True
100,34,5,50,300,30,10.0,3.4865987417805497,0.006206148495511599,9.769962616701378e-14,True,True,True,True
100,34,6,50,300,30,10.0,0.4861497958027918,0.0004828995062242658,9.769962616701378e-14,True,True,True,True
100,34,8,50,300,30,10.0,0.004627211406049969,1.312494501748418e-06,9.769962616701378e-14,True,True,True,True
100,34,10,50,300,30,10.0,1.917001365952098e-05,1.2822037875892534e-09,9.769962616701378e-14,True,True,True,True
100,34,12,50,300,30,10.0,3.9065534407442406e-08,4.4420023215252513e-13,9.769962616701378e-14,True,True,True,True
100,34,16,50,300,30,10.0,2.7817631267024206e-14,2.220446049250313e-14,9.769962616701378e-14,False,False,True,True
100,35,1,50,300,30,10.0,439.90288223208336,1.098585944238643,8.881784197001252e-14,True,True,True,True
100,35,2,50,300,30,10.0,187.91056045950612,0.7684638450931431,8.881784197001252e-14,True,True,True,True
100,35,3,50,300,30,10.0,62.052151574639765,0.2574535867411186,8.881784197001252e-14,True,True,True,True
100,35,4,50,300,30,10.0,15.606671358597623,0.049958252945010884,8.881784197001252e-14,True,True,True,True
100,35,5,50,300,30,10.0,2.9990539316095353,0.006375762680544073,8.881784197001252e-14,True,True,True,True
100,35,6,50,300,30,10.0,0.44611687789136567,0.0005714612808349617,8.881784197001252e-14,True,True,True,True
100,35,8,50,300,30,10.0,0.004904754382248359,1.845086909257887e-06,8.881784197001252e-14,True,True,True,True
100,35,10,50,300,30,10.0,2.3768138796220038e-05,2.035371760022997e-09,8.881784197001252e-14,True,True,True,True
100,35,12,50,300,30,10.0,5.708074492847934e-08,9.378053889008697e-13,8.881784197001252e-14,True,True,True,True
100,35,16,50,300,30,10.0,5.715964972675017e-14,2.1094237467877974e-14,8.881784197001252e-14,False,False,True,True
100,36,1,50,300,30,10.0,381.16363839192013,1.2478886215180955,1.0169642905566434e-13,True,True,True,True
100,36,2,50,300,30,10.0,162.68614405268457,0.896766997463925,1.0169642905566434e-13,True,True,True,True
100,36,3,50,300,30,10.0,53.657914866646934,0.30815905021005763,1.0169642905566434e-13,True,True,True,True
100,36,4,50,300,30,10.0,13.474359609984962,0.06035620638134365,1.0169642905566434e-13,True,True,True,True
100,36,5,50,300,30,10.0,2.584478210802122,0.007605992774353476,1.0169642905566434e-13,True,True,True,True
100,36,6,50,300,30,10.0,0.3836421391195048,0.0006558000807521669,1.0169642905566434e-13,True,True,True,True
100,36,8,50,300,30,10.0,0.004198162617657793,2.0085806551328744e-06,1.0169642905566434e-13,True,True,True,True
100,36,10,50,300,30,10.0,2.0240381151712672e-05,2.4697632827752614e-09,1.0169642905566434e-13,True,True,True,True
100,36,12,50,300,30,10.0,4.834873313466773e-08,1.0629830349273561e-12,1.0169642905566434e-13,True,True,True,True
100,36,16,50,300,30,10.0,4.7878992133795687e-14,2.353672812205332e-14,1.0169642905566434e-13,False,False,True,True
100,37,1,50,300,30,10.0,451.08122869543797,1.0231272106583134,8.215650382226158e-14,True,True,True,True
100,37,2,50,300,30,10.0,187.17427334100773,0.7349390676719172,8.215650382226158e-14,True,True,True,True
100,37,3,50,300,30,10.0,59.224992962739854,0.24990884815772607,8.215650382226158e-14,True,True,True,True
100,37,4,50,300,30,10.0,14.092550913109706,0.04789703309411064,8.215650382226158e-14,True,True,True,True
100,37,5,50,300,30,10.0,2.5354374937824105,0.005824136129978674,8.215650382226158e-14,True,True,True,True
100,37,6,50,300,30,10.0,0.3502596665692199,0.00047659426138735306,8.215650382226158e-14,True,True,True,True
100,37,8,50,300,30,10.0,0.003265752217622086,1.1138358297912987e-06,8.215650382226158e-14,True,True,True,True
100,37,10,50,300,30,10.0,1.3230547873369106e-05,9.003595646817075e-10,8.215650382226158e-14,True,True,True,True
100,37,12,50,300,30,10.0,2.6338809708249296e-08,2.5768276401549883e-13,8.215650382226158e-14,True,True,True,True
100,37,16,50,300,30,10.0,1.7868078598235598e-14,1.9539925233402755e-14,8.215650382226158e-14,False,False,True,False
100,38,1,50,300,30,10.0,373.9140511228372,1.4316816373470809,1.163513729807164e-13,True,True,True,True
100,38,2,50,300,30,10.0,159.5485831975298,1.042968167198461,1.163513729807164e-13,True,True,True,True
100,38,3,50,300,30,10.0,52.602059799623,0.36490506807909573,1.163513729807164e-13,True,True,True,True
100,38,4,50,300,30,10.0,13.202363029636093,0.07291450163800128,1.163513729807164e-13,True,True,True,True
100,38,5,50,300,30,10.0,2.530741652117079,0.009459503786379386,1.163513729807164e-13,True,True,True,True
100,38,6,50,300,30,10.0,0.37540401779896504,0.0008567973645863258,1.163513729807164e-13,True,True,True,True
100,38,8,50,300,30,10.0,0.004101628838891969,2.8862546397334654e-06,1.163513729807164e-13,True,True,True,True
100,38,10,50,300,30,10.0,1.9741479162120856e-05,3.489472710782593e-09,1.163513729807164e-13,True,True,True,True
100,38,12,50,300,30,10.0,4.7073198381704576e-08,1.6393553181615061e-12,1.163513729807164e-13,True,True,True,True
100,38,16,50,300,30,10.0,4.644381607287226e-14,2.731148640577885e-14,1.163513729807164e-13,False,False,True,True
100,39,1,50,300,30,10.0,325.4151027911084,1.15252249703459,8.526512829121202e-14,True,True,True,True
100,39,2,50,300,30,10.0,129.61734293267182,0.7608814197627473,8.526512829121202e-14,True,True,True,True
100,39,3,50,300,30,10.0,38.61353347442684,0.2306469658382717,8.526512829121202e-14,True,True,True,True
100,39,4,50,300,30,10.0,8.499549976589767,0.03917273972735913,8.526512829121202e-14,True,True,True,True
100,39,5,50,300,30,10.0,1.3947523474842736,0.0041908033896516095,8.526512829121202e-14,True,True,True,True
100,39,6,50,300,30,10.0,0.1738719307259219,0.00030053876633417964,8.526512829121202e-14,True,True,True,True
100,39,8,50,300,30,10.0,0.0012917121304620506,6.143968133143218e-07,8.526512829121202e-14,True,True,True,True
100,39,10,50,300,30,10.0,4.0950228402931975e-06,4.621674154492439e-10,8.526512829121202e-14,True,True,True,True
100,39,12,50,300,30,10.0,6.312232640501479e-09,1.1585177261963508e-13,8.526512829121202e-14,True,True,True,True
100,39,16,50,300,30,10.0,2.523001185633256e-15,1.9984014443252818e-14,8.526512829121202e-14,False,False,True,False
100,40,1,50,300,30,10.0,497.76523703839655,0.971460223559653,7.327471962526033e-14,True,True,True,True
100,40,2,50,300,30,10.0,205.77506874344593,0.6787364566236511,7.327471962526033e-14,True,True,True,True
100,40,3,50,300,30,10.0,64.75316129042639,0.22328936211731487,7.327471962526033e-14,True,True,True,True
100,40,4,50,300,30,10.0,15.298516566786061,0.04176588223478206,7.327471962526033e-14,True,True,True,True
100,40,5,50,300,30,10.0,2.729246510337343,0.005022459911860233,7.327471962526033e-14,True,True,True,True
100,40,6,50,300,30,10.0,0.3734829633276053,0.00041358061011009806,7.327471962526033e-14,True,True,True,True
100,40,8,50,300,30,10.0,0.0034098942113003146,1.195255637354009e-06,7.327471962526033e-14,True,True,True,True
100,40,10,50,300,30,10.0,1.3503712003804213e-05,1.3601054171807903e-09,7.327471962526033e-14,True,True,True,True
100,40,12,50,300,30,10.0,2.625072487152449e-08,5.358491428353318e-13,7.327471962526033e-14,True,True,True,True
100,40,16,50,300,30,10.0,1.6951946483347666e-14,1.6764367671839864e-14,7.327471962526033e-14,False,False,True,True
100,41,1,50,300,30,10.0,522.8984059649177,1.4444659856633604,1.2079226507921703e-13,True,True,True,True
100,41,2,50,300,30,10.0,224.15376294750993,1.1013432374091512,1.2079226507921703e-13,True,True,True,True
100,41,3,50,300,30,10.0,74.40593880105654,0.41463896292394153,1.2079226507921703e-13,True,True,True,True
100,41,4,50,300,30,10.0,18.840576199802207,0.08906655485225223,1.2079226507921703e-13,True,True,True,True
100,41,5,50,300,30,10.0,3.649763964341479,0.012266536340105771,1.2079226507921703e-13,True,True,True,True
100,41,6,50,300,30,10.0,0.5478563482133224,0.0011469936122781021,1.2079226507921703e-13,True,True,True,True
100,41,8,50,300,30,10.0,0.006146650955858757,3.6298735994755305e-06,1.2079226507921703e-13,True,True,True,True
100,41,10,50,300,30,10.0,3.0451918657347283e-05,3.6440224171485625e-09,1.2079226507921703e-13,True,True,True,True
100,41,12,50,300,30,10.0,7.484870420296897e-08,1.5331069747048787e-12,1.2079226507921703e-13,True,True,True,True
100,41,16,50,300,30,10.0,7.865675053249392e-14,2.731148640577885e-14,1.2079226507921703e-13,False,False,True,True
100,42,1,50,300,30,10.0,396.7201673675358,0.9349467879997901,8.215650382226158e-14,True,True,True,True
100,42,2,50,300,30,10.0,166.55149702121352,0.7151839715153043,8.215650382226158e-14,True,True,True,True
100,42,3,50,300,30,10.0,53.61373466428147,0.26725435494158967,8.215650382226158e-14,True,True,True,True
100,42,4,50,300,30,10.0,13.044966346033117,0.056498197717446685,8.215650382226158e-14,True,True,True,True
100,42,5,50,300,30,10.0,2.4098944541224703,0.00761765915919943,8.215650382226158e-14,True,True,True,True
100,42,6,50,300,30,10.0,0.3429414002048457,0.0006963588777981755,8.215650382226158e-14,True,True,True,True
100,42,8,50,300,30,10.0,0.0034155857873423927,2.1730062176317233e-06,8.215650382226158e-14,True,True,True,True
100,42,10,50,300,30,10.0,1.486425493587251e-05,2.446204017125808e-09,8.215650382226158e-14,True,True,True,True
100,42,12,50,300,30,10.0,3.1892188555324494e-08,9.78550573904613e-13,8.215650382226158e-14,True,True,True,True
100,42,16,50,300,30,10.0,2.527010740519637e-14,1.9539925233402755e-14,8.215650382226158e-14,False,False,True,True
100,43,1,50,300,30,10.0,377.77944502978727,2.1876364522153313,1.8207657603852567e-13,True,True,True,True
100,43,2,50,300,30,10.0,154.83705001366945,1.6091374090767494,1.8207657603852567e-13,True,True,True,True
100,43,3,50,300,30,10.0,48.11116232321545,0.566005874408847,1.8207657603852567e-13,True,True,True,True
100,43,4,50,300,30,10.0,11.182012341586711,0.11204999611858923,1.8207657603852567e-13,True,True,True,True
100,43,5,50,300,30,10.0,1.956547900684305,0.014033053446633748,1.8207657603852567e-13,True,True,True,True
100,43,6,50,300,30,10.0,0.2619975521230445,0.0011788235433827232,1.8207657603852567e-13,True,True,True,True
100,43,8,50,300,30,10.0,0.0022796984362649054,2.8967789433842484e-06,1.8207657603852567e-13,True,True,True,True
100,43,10,50,300,30,10.0,8.570128769841725e-06,2.0416006663026565e-09,1.8207657603852567e-13,True,True,True,True
100,43,12,50,300,30,10.0,1.577852226865727e-08,5.160316618457728e-13,1.8207657603852567e-13,True,True,True,True
100,43,16,50,300,30,10.0,9.104569948746138e-15,4.263256414560601e-14,1.8207657603852567e-13,False,False,True,False
100,44,1,50,300,30,10.0,531.5153782431368,1.372423302675831,1.1057821325266559e-13,True,True,True,True
100,44,2,50,300,30,10.0,227.80276338367173,0.9942907016326339,1.1057821325266559e-13,True,True,True,True
100,44,3,50,300,30,10.0,75.59529511498874,0.3438995963368867,1.1057821325266559e-13,True,True,True,True
100,44,4,50,300,30,10.0,19.134528556379177,0.06859368811816968,1.1057821325266559e-13,True,True,True,True
100,44,5,50,300,30,10.0,3.705043429732862,0.010841911187020048,1.1057821325266559e-13,True,True,True,True
100,44,6,50,300,30,10.0,0.5558728959691459,0.0011494904209099488,1.1057821325266559e-13,True,True,True,True
100,44,8,50,300,30,10.0,0.006229539307808706,4.908002536718747e-06,1.1057821325266559e-13,True,True,True,True
100,44,10,50,300,30,10.0,3.082450107355985e-05,6.1412118723680464e-09,1.1057821325266559e-13,True,True,True,True
100,44,12,50,300,30,10.0,7.56663762243267e-08,2.4021895583814512e-12,1.1057821325266559e-13,True,True,True,True
100,44,16,50,300,30,10.0,7.930200375322484e-14,2.55351295663786e-14,1.1057821325266559e-13,False,False,True,True
100,45,1,50,300,30,10.0,356.72122638591344,1.1389532088705234,8.926193117986259e-14,True,True,True,True
100,45,2,50,300,30,10.0,147.36227196854233,0.8085601823295079,8.926193117986259e-14,True,True,True,True
100,45,3,50,300,30,10.0,46.32300139665685,0.2736158308022718,8.926193117986259e-14,True,True,True,True
100,45,4,50,300,30,10.0,10.929297086334186,0.05287658694958308,8.926193117986259e-14,True,True,True,True
100,45,5,50,300,30,10.0,1.946629615166917,0.006593076546960397,8.926193117986259e-14,True,True,True,True
100,45,6,50,300,30,10.0,0.2659042208270841,0.0005650214864618697,8.926193117986259e-14,True,True,True,True
100,45,8,50,300,30,10.0,0.0024179695818027738,1.5756731064353602e-06,8.926193117986259e-14,True,True,True,True
100,45,10,50,300,30,10.0,9.533978896317177e-06,1.5900028307869185e-09,8.926193117986259e-14,True,True,True,True
100,45,12,50,300,30,10.0,1.8449658922391622e-08,5.524677937351896e-13,8.926193117986259e-14,True,True,True,True
100,45,16,50,300,30,10.0,1.1802598284049954e-14,2.1760371282653068e-14,8.926193117986259e-14,False,False,True,False
100,46,1,50,300,30,10.0,411.8547924793617,1.7244449298941498,1.2878587085651816e-13,True,True,True,True
100,46,2,50,300,30,10.0,173.76286579247898,1.1736244722742912,1.2878587085651816e-13,True,True,True,True
100,46,3,50,300,30,10.0,56.34384928398299,0.36644500103869637,1.2878587085651816e-13,True,True,True,True
100,46,4,50,300,30,10.0,13.839384342942154,0.06389075494219565,1.2878587085651816e-13,True,True,True,True
100,46,5,50,300,30,10.0,2.585527737342309,0.007011671849102674,1.2878587085651816e-13,True,True,True,True
100,46,6,50,300,30,10.0,0.37260403289623945,0.0005154715441320068,1.2878587085651816e-13,True,True,True,True
100,46,8,50,300,30,10.0,0.0038167398341690862,9.784258518941158e-07,1.2878587085651816e-13,True,True,True,True
100,46,10,50,300,30,10.0,1.7124859886301812e-05,8.896262615465389e-10,1.2878587085651816e-13,True,True,True,True
100,46,12,50,300,30,10.0,3.7936141480811845e-08,4.363176486776865e-13,1.2878587085651816e-13,True,True,True,True
100,46,16,50,300,30,10.0,3.212142609171899e-14,3.1530333899354446e-14,1.2878587085651816e-13,False,False,True,True
100,47,1,50,300,30,10.0,383.1828134981302,1.1508346607244766,8.659739592076221e-14,True,True,True,True
100,47,2,50,300,30,10.0,153.45606389057644,0.7672186353692875,8.659739592076221e-14,True,True,True,True
100,47,3,50,300,30,10.0,46.08179650658319,0.2379752275030873,8.659739592076221e-14,True,True,True,True
100,47,4,50,300,30,10.0,10.248422840694369,0.04236874094533727,8.659739592076221e-14,True,True,True,True
100,47,5,50,300,30,10.0,1.7022500780435608,0.004922492488713459,8.659739592076221e-14,True,True,True,True
100,47,6,50,300,30,10.0,0.21508737586267615,0.0003983154335627237,8.659739592076221e-14,True,True,True,True
100,47,8,50,300,30,10.0,0.0016461313047645735,1.0068617812830638e-06,8.659739592076221e-14,True,True,True,True
100,47,10,50,300,30,10.0,5.388288078725489e-06,7.955733849485114e-10,8.659739592076221e-14,True,True,True,True
100,47,12,50,300,30,10.0,8.587024166456811e-09,2.3159252293680765e-13,8.659739592076221e-14,True,True,True,True
100,47,16,50,300,30,10.0,3.676552093470066e-15,2.0650148258027912e-14,8.659739592076221e-14,False,False,True,False
100,48,1,50,300,30,10.0,534.2527050375172,1.4674664140551155,1.4077627952246985e-13,True,True,True,True
100,48,2,50,300,30,10.0,242.69892538442076,1.1871558115749687,1.4077627952246985e-13,True,True,True,True
100,48,3,50,300,30,10.0,87.71711802031429,0.501462004087335,1.4077627952246985e-13,True,True,True,True
100,48,4,50,300,30,10.0,24.818325423784298,0.12327883095599135,1.4077627952246985e-13,True,True,True,True
100,48,5,50,300,30,10.0,5.49171161070189,0.01987575088256266,1.4077627952246985e-13,True,True,True,True
100,48,6,50,300,30,10.0,0.958329910156959,0.0022313247365595146,1.4077627952246985e-13,True,True,True,True
100,48,8,50,300,30,10.0,0.01509188202048205,1.2096904020597599e-05,1.4077627952246985e-13,True,True,True,True
100,48,10,50,300,30,10.0,0.00010848272283345673,2.687105360443809e-08,1.4077627952246985e-13,True,True,True,True
100,48,12,50,300,30,10.0,3.9478699054726485e-07,2.18968176923795e-11,1.4077627952246985e-13,True,True,True,True
100,48,16,50,300,30,10.0,9.413710404523155e-13,3.3084646133829665e-14,1.4077627952246985e-13,False,True,True,True
100,49,1,50,300,30,10.0,371.3420636306975,1.3646036449683643,1.1368683772161603e-13,True,True,True,True
100,49,2,50,300,30,10.0,155.08095668299063,0.9954095322717926,1.1368683772161603e-13,True,True,True,True
100,49,3,50,300,30,10.0,49.537011075730035,0.3485708199611046,1.1368683772161603e-13,True,True,True,True
100,49,4,50,300,30,10.0,11.932846256475722,0.06941557086265004,1.1368683772161603e-13,True,True,True,True
100,49,5,50,300,30,10.0,2.1783620709012705,0.008875207292103005,1.1368683772161603e-13,True,True,True,True
100,49,6,50,300,30,10.0,0.3058814633903437,0.0007749049548804177,1.1368683772161603e-13,True,True,True,True
100,49,8,50,300,30,10.0,0.0029572950863187945,2.227739686944119e-06,1.1368683772161603e-13,True,True,True,True
100,49,10,50,300,30,10.0,1.2461352216634683e-05,1.9763726211152743e-09,1.1368683772161603e-13,True,True,True,True
100,49,12,50,300,30,10.0,2.5849036345207067e-08,6.017408793468348e-13,1.1368683772161603e-13,True,True,True,True
100,49,16,50,300,30,10.0,1.909645113338583e-14,2.6867397195928788e-14,1.1368683772161603e-13,False,False,True,False
100,50,1,50,300,30,10.0,595.7203429601849,1.4728958782267145,1.056932319443149e-13,True,True,True,True
100,50,2,50,300,30,10.0,242.92939038158787,0.9282359384401743,1.056932319443149e-13,True,True,True,True
100,50,3,50,300,30,10.0,74.92225468054416,0.25702819470745664,1.056932319443149e-13,True,True,True,True
100,50,4,50,300,30,10.0,17.24627868645815,0.038880376102429226,1.056932319443149e-13,True,True,True,True
100,50,5,50,300,30,10.0,2.983401644500802,0.004529944003855646,1.056932319443149e-13,True,True,True,True
100,50,6,50,300,30,10.0,0.394442354742806,0.00038193605548375587,1.056932319443149e-13,True,True,True,True
100,50,8,50,300,30,10.0,0.003336631095134624,9.700876520968293e-07,1.056932319443149e-13,True,True,True,True
100,50,10,50,300,30,10.0,1.2166759129147313e-05,7.26483762036878e-10,1.056932319443149e-13,True,True,True,True
100,50,12,50,300,30,10.0,2.169860678010494e-08,2.4157759126453016e-13,1.056932319443149e-13,True,True,True,True
100,50,16,50,300,30,10.0,1.1722627171358515e-14,2.353672812205332e-14,1.056932319443149e-13,False,False,True,False
100,51,1,50,300,30,10.0,394.92952386091713,1.278257377145652,1.1013412404281553e-13,True,True,True,True
100,51,2,50,300,30,10.0,168.95621555665832,0.978442852392341,1.1013412404281553e-13,True,True,True,True
100,51,3,50,300,30,10.0,55.91786220076958,0.37069858711684245,1.1013412404281553e-13,True,True,True,True
100,51,4,50,300,30,10.0,14.104769786519636,0.08023780789612212,1.1013412404281553e-13,True,True,True,True
100,51,5,50,300,30,10.0,2.7198450727186723,0.01135606523353827,1.1013412404281553e-13,True,True,True,True
100,51,6,50,300,30,10.0,0.40616462917525853,0.0010943536667260556,1.1013412404281553e-13,True,True,True,True
100,51,8,50,300,30,10.0,0.004504599548678965,3.7032438262585288e-06,1.1013412404281553e-13,True,True,True,True
100,51,10,50,300,30,10.0,2.2037410175841452e-05,3.869134346246028e-09,1.1013412404281553e-13,True,True,True,True
100,51,12,50,300,30,10.0,5.345470515882429e-08,1.4721557306529576e-12,1.1013412404281553e-13,True,True,True,True
100,51,16,50,300,30,10.0,5.4650123495667935e-14,2.4868995751603507e-14,1.1013412404281553e-13,False,False,True,True
100,52,1,50,300,30,10.0,646.4112914607873,0.9648784543011469,7.349676423018536e-14,True,True,True,True
100,52,2,50,300,30,10.0,275.5831557233793,0.6456008503951634,7.349676423018536e-14,True,True,True,True
100,52,3,50,300,30,10.0,90.74180718929813,0.2727045054710564,7.349676423018536e-14,True,True,True,True
100,52,4,50,300,30,10.0,22.73709329104569,0.06476038804174122,7.349676423018536e-14,True,True,True,True
100,52,5,50,300,30,10.0,4.349823102996155,0.009771083665481073,7.349676423018536e-14,True,True,True,True
100,52,6,50,300,30,10.0,0.6438065391017013,0.0009978968038719671,7.349676423018536e-14,True,True,True,True
100,52,8,50,300,30,10.0,0.006999253743364008,3.7953446155869486e-06,7.349676423018536e-14,True,True,True,True
100,52,10,50,300,30,10.0,3.350583410636072e-05,4.4970032142543914e-09,7.349676423018536e-14,True,True,True,True
100,52,12,50,300,30,10.0,7.94408524857207e-08,1.9156898289907076e-12,7.349676423018536e-14,True,True,True,True
100,52,16,50,300,30,10.0,7.745731804748506e-14,1.7430501486614958e-14,7.349676423018536e-14,False,True,True,True
100,53,1,50,300,30,10.0,372.31640966341934,1.3378199918858105,1.0880185641326534e-13,True,True,True,True
100,53,2,50,300,30,10.0,159.08391005559872,0.9908573773992135,1.0880185641326534e-13,True,True,True,True
100,53,3,50,300,30,10.0,52.554259604533726,0.3501649977257457,1.0880185641326534e-13,True,True,True,True
100,53,4,50,300,30,10.0,13.224832106582312,0.06900470355982957,1.0880185641326534e-13,True,True,True,True
100,53,5,50,300,30,10.0,2.542944250994663,0.00846565333227578,1.0880185641326534e-13,True,True,True,True
100,53,6,50,300,30,10.0,0.37853687918188206,0.0006789827422708505,1.0880185641326534e-13,True,True,True,True
100,53,8,50,300,30,10.0,0.0041683375638090076,2.172595531257926e-06,1.0880185641326534e-13,True,True,True,True
100,53,10,50,300,30,10.0,2.023431795261377e-05,3.0416261731502914e-09,1.0880185641326534e-13,True,True,True,True
100,53,12,50,300,30,10.0,4.868193048255942e-08,1.5759615834554097e-12,1.0880185641326534e-13,True,True,True,True
100,53,16,50,300,30,10.0,4.893271989706425e-14,2.5979218776228663e-14,1.0880185641326534e-13,False,False,True,True
100,54,1,50,300,30,10.0,408.4981515676859,0.7521478285181246,5.995204332975845e-14,True,True,True,True
100,54,2,50,300,30,10.0,169.33015500689194,0.5369094047719793,5.995204332975845e-14,True,True,True,True
100,54,3,50,300,30,10.0,53.49763566078308,0.1826660900680952,5.995204332975845e-14,True,True,True,True
100,54,4,50,300,30,10.0,12.704748631681717,0.03527383866900968,5.995204332975845e-14,True,True,True,True
100,54,5,50,300,30,10.0,2.2804364689332055,0.0043450742717840996,5.995204332975845e-14,True,True,True,True
100,54,6,50,300,30,10.0,0.31421177848715715,0.00036677133149176644,5.995204332975845e-14,True,True,True,True
100,54,8,50,300,30,10.0,0.0029127285337559694,9.767986481890034e-07,5.995204332975845e-14,True,True,True,True
100,54,10,50,300,30,10.0,1.1726515233081495e-05,8.110675395189837e-10,5.995204332975845e-14,True,True,True,True
100,54,12,50,300,30,10.0,2.3191971238322776e-08,2.640943019827091e-13,5.995204332975845e-14,True,True,True,True
100,54,16,50,300,30,10.0,1.552080708217957e-14,1.4210854715202004e-14,5.995204332975845e-14,False,False,True,True
100,55,1,50,300,30,10.0,658.5290581902561,1.2546640649613865,1.176836406102666e-13,True,True,True,True
100,55,2,50,300,30,10.0,299.9605874410238,1.0330742258585057,1.176836406102666e-13,True,True,True,True
100,55,3,50,300,30,10.0,108.84027329631819,0.4531994998385842,1.176836406102666e-13,True,True,True,True
100,55,4,50,300,30,10.0,30.953733010773078,0.1161509757253083,1.176836406102666e-13,True,True,True,True
100,55,5,50,300,30,10.0,6.891926247803114,0.019522416211498195,1.176836406102666e-13,True,True,True,True
100,55,6,50,300,30,10.0,1.2111917048612277,0.0022742591377660215,1.176836406102666e-13,True,True,True,True
100,55,8,50,300,30,10.0,0.019381648564302082,1.2796226851241599e-05,1.176836406102666e-13,True,True,True,True
100,55,10,50,300,30,10.0,0.00014180420862502385,2.531258483373655e-08,1.176836406102666e-13,True,True,True,True
100,55,12,50,300,30,10.0,5.258090192132857e-07,1.7275320063347976e-11,1.176836406102666e-13,True,True,True,True
100,55,16,50,300,30,10.0,1.304025944528972e-12,2.7533531010703882e-14,1.176836406102666e-13,False,True,True,True
100,56,1,50,300,30,10.0,351.64144943365346,0.9809168895465228,7.016609515630989e-14,True,True,True,True
100,56,2,50,300,30,10.0,142.36131459055454,0.6241209693228851,7.016609515630989e-14,True,True,True,True
100,56,3,50,300,30,10.0,43.439674813075364,0.17671410088170603,7.016609515630989e-14,True,True,True,True
100,56,4,50,300,30,10.0,9.862371788829138,0.027580063477368078,7.016609515630989e-14,True,True,True,True
100,56,5,50,300,30,10.0,1.678504692675498,0.0026486644002853277,7.016609515630989e-14,True,True,True,True
100,56,6,50,300,30,10.0,0.21792053696973476,0.00017324731170842433,7.016609515630989e-14,True,True,True,True
100,56,8,50,300,30,10.0,0.0017707638608228425,5.15700197101232e-07,7.016609515630989e-14,True,True,True,True
100,56,10,50,300,30,10.0,6.182713684750155e-06,5.911025835469985e-10,7.016609515630989e-14,True,True,True,True
100,56,12,50,300,30,10.0,1.053848005721986e-08,2.588901315547787e-13,7.016609515630989e-14,True,True,True,True
100,56,16,50,300,30,10.0,5.184659087393135e-15,1.7208456881689926e-14,7.016609515630989e-14,False,False,True,False
100,57,1,50,300,30,10.0,422.71803505167287,0.9728594397843888,7.260858581048524e-14,True,True,True,True
100,57,2,50,300,30,10.0,177.9946501585895,0.6521058265372355,7.260858581048524e-14,True,True,True,True
100,57,3,50,300,30,10.0,57.54874290064008,0.19941433516099494,7.260858581048524e-14,True,True,True,True
100,57,4,50,300,30,10.0,14.08217905984847,0.03462071106409048,7.260858581048524e-14,True,True,True,True
100,57,5,50,300,30,10.0,2.6191290814460118,0.004154494333434844,7.260858581048524e-14,True,True,True,True
100,57,6,50,300,30,10.0,0.37555223055850456,0.0003433551726143014,7.260858581048524e-14,True,True,True,True
100,57,8,50,300,30,10.0,0.0038040529671863697,9.35177904670681e-07,7.260858581048524e-14,True,True,True,True
100,57,10,50,300,30,10.0,1.686121650495311e-05,1.0999123833954627e-09,7.260858581048524e-14,True,True,True,True
100,57,12,50,300,30,10.0,3.6878308007538845e-08,4.4708681201655054e-13,7.260858581048524e-14,True,True,True,True
100,57,16,50,300,30,10.0,3.040911557843626e-14,1.587618925213974e-14,7.260858581048524e-14,False,False,True,True
100,58,1,50,300,30,10.0,389.892101176322,1.2866003507503496,1.0080825063596421e-13,True,True,True,True
100,58,2,50,300,30,10.0,166.8972578162614,0.9198124826290988,1.0080825063596421e-13,True,True,True,True
100,58,3,50,300,30,10.0,55.28323401737534,0.3240601922167512,1.0080825063596421e-13,True,True,True,True
100,58,4,50,300,30,10.0,13.96005630410841,0.06582484207107897,1.0080825063596421e-13,True,True,True,True
100,58,5,50,300,30,10.0,2.695476225461914,0.008944057963745478,1.0080825063596421e-13,True,True,True,True
100,58,6,50,300,30,10.0,0.4031210863113718,0.0009097027204422181,1.0080825063596421e-13,True,True,True,True
100,58,8,50,300,30,10.0,0.004485647282630443,3.4276923905895984e-06,1.0080825063596421e-13,True,True,True,True
100,58,10,50,300,30,10.0,2.2023921332760253e-05,4.074831083666908e-09,1.0080825063596421e-13,True,True,True,True
100,58,12,50,300,30,10.0,5.362446565981879e-08,1.7098544802252036e-12,1.0080825063596421e-13,True,True,True,True
100,58,16,50,300,30,10.0,5.525668022359132e-14,2.6645352591003757e-14,1.0080825063596421e-13,False,False,True,True
100,59,1,50,300,30,10.0,375.4280709650472,1.9664956903197055,1.5987211554602254e-13,True,True,True,True
100,59,2,50,300,30,10.0,164.245318725039,1.4452933089738358,1.5987211554602254e-13,True,True,True,True
100,59,3,50,300,30,10.0,56.174333122326836,0.513897074215083,1.5987211554602254e-13,True,True,True,True
100,59,4,50,300,30,10.0,14.788614533824076,0.10405278059061751,1.5987211554602254e-13,True,True,True,True
100,59,5,50,300,30,10.0,3.001165514985267,0.013510634251103992,1.5987211554602254e-13,True,True,True,True
100,59,6,50,300,30,10.0,0.4747642138494932,0.001194829018341892,1.5987211554602254e-13,True,True,True,True
100,59,8,50,300,30,10.0,0.005991408530177111,3.470696833596243e-06,1.5987211554602254e-13,True,True,True,True
100,59,10,50,300,30,10.0,3.375496431730385e-05,5.161205185455486e-09,1.5987211554602254e-13,True,True,True,True
100,59,12,50,300,30,10.0,9.497544914692157e-08,3.1867841698840493e-12,1.5987211554602254e-13,True,True,True,True
100,59,16,50,300,30,10.0,1.322576137336629e-13,3.7969627442180354e-14,1.5987211554602254e-13,False,False,True,True
500,0,1,250,300,150,10.0,178.36381628403265,0.2879776792720095,9.614531393253856e-14,True,True,True,True
500,0,2,250,300,150,10.0,78.39639607113956,0.23532217328479488,9.614531393253856e-14,True,True,True,True
500,0,3,250,300,150,10.0,26.996686480424923,0.1041590669849442,9.614531393253856e-14,True,True,True,True
500,0,4,250,300,150,10.0,7.170855848235005,0.027673969941231003,9.614531393253856e-14,True,True,True,True
500,0,5,250,300,150,10.0,1.4708471319060996,0.005001206064545738,9.614531393253856e-14,True,True,True,True
500,0,6,250,300,150,10.0,0.23550309780774323,0.0006561461518660439,9.614531393253856e-14,True,True,True,True
500,0,8,250,300,150,10.0,0.003053722097910837,5.44183435272072e-06,9.614531393253856e-14,True,True,True,True
500,0,10,250,300,150,10.0,1.7723578148615834e-05,1.8941895246760154e-08,9.614531393253856e-14,True,True,True,True
500,0,12,250,300,150,10.0,5.1454875872594194e-08,3.1026681224233243e-11,9.614531393253856e-14,True,True,True,True
500,0,16,250,300,150,10.0,7.649047088276907e-14,1.4432899320127035e-14,9.614531393253856e-14,False,False,True,True
500,1,1,250,300,150,10.0,219.9335146522398,0.3284717066592193,1.1757261830780408e-13,True,True,True,True
500,1,2,250,300,150,10.0,98.62645525556887,0.27920973277364003,1.1757261830780408e-13,True,True,True,True
500,1,3,250,300,150,10.0,34.977038410463734,0.13365603404946763,1.1757261830780408e-13,True,True,True,True
500,1,4,250,300,150,10.0,9.654226186961806,0.03860849105746522,1.1757261830780408e-13,True,True,True,True
500,1,5,250,300,150,10.0,2.073560599557733,0.007600629557933503,1.1757261830780408e-13,True,True,True,True
500,1,6,250,300,150,10.0,0.34979879621981563,0.0010850792143714538,1.1757261830780408e-13,True,True,True,True
500,1,8,250,300,150,10.0,0.005102286916595963,9.789838949836316e-06,1.1757261830780408e-13,True,True,True,True
500,1,10,250,300,150,10.0,3.370263305150168e-05,3.5238792883696135e-08,1.1757261830780408e-13,True,True,True,True
500,1,12,250,300,150,10.0,1.1215529420499962e-07,6.282126208123628e-11,1.1757261830780408e-13,True,True,True,True
500,1,16,250,300,150,10.0,2.217493808435775e-13,1.765254609153999e-14,1.1757261830780408e-13,False,True,True,True
500,2,1,250,300,150,10.0,195.4426487168142,0.19260528440232083,6.539213615042172e-14,True,True,True,True
500,2,2,250,300,150,10.0,86.04532399894413,0.15896620818770713,6.539213615042172e-14,True,True,True,True
500,2,3,250,300,150,10.0,29.702712519115643,0.07397306534635213,6.539213615042172e-14,True,True,True,True
500,2,4,250,300,150,10.0,7.914649551474564,0.021378902046903903,6.539213615042172e-14,True,True,True,True
500,2,5,250,300,150,10.0,1.6295783463716071,0.004221921264784989,6.539213615042172e-14,True,True,True,True
500,2,6,250,300,150,10.0,0.26204031336878014,0.0006057669614342454,6.539213615042172e-14,True,True,True,True
500,2,8,250,300,150,10.0,0.003430787424061684,5.527294150264872e-06,6.539213615042172e-14,True,True,True,True
500,2,10,250,300,150,10.0,2.0123999175356237e-05,2.300824705758764e-08,6.539213615042172e-14,True,True,True,True
500,2,12,250,300,150,10.0,5.907930080814273e-08,4.432845063240265e-11,6.539213615042172e-14,True,True,True,True
500,2,16,250,300,150,10.0,8.989355490013222e-14,9.769962616701378e-15,6.539213615042172e-14,False,True,True,True
500,3,1,250,300,150,10.0,185.48267654998443,0.25676161676209436,8.848477506262498e-14,True,True,True,True
500,3,2,250,300,150,10.0,81.64728890578446,0.21385660359151545,8.848477506262498e-14,True,True,True,True
500,3,3,250,300,150,10.0,28.17789830459166,0.0982522890478327,8.848477506262498e-14,True,True,True,True
500,3,4,250,300,150,10.0,7.506044664083543,0.027166945885262334,8.848477506262498e-14,True,True,True,True
500,3,5,250,300,150,10.0,1.5448820864749675,0.005114453986525547,8.848477506262498e-14,True,True,True,True
500,3,6,250,300,150,10.0,0.24831779417701566,0.0006985312973101787,8.848477506262498e-14,True,True,True,True
500,3,8,250,300,150,10.0,0.0032480875507887776,5.806102694794202e-06,8.848477506262498e-14,True,True,True,True
500,3,10,250,300,150,10.0,1.9032815867739382e-05,1.9539437068338827e-08,8.848477506262498e-14,True,True,True,True
500,3,12,250,300,150,10.0,5.5815516109289776e-08,3.072686549643322e-11,8.848477506262498e-14,True,True,True,True
500,3,16,250,300,150,10.0,8.473620808697596e-14,1.326716514427062e-14,8.848477506262498e-14,False,False,True,True
500,4,1,250,300,150,10.0,162.68276311069494,0.41954916637339346,1.3233858453531866e-13,True,True,True,True
500,4,2,250,300,150,10.0,69.9185228295342,0.33208797532341516,1.3233858453531866e-13,True,True,True,True
500,4,3,250,300,150,10.0,23.297168211193032,0.1373295504691307,1.3233858453531866e-13,True,True,True,True
500,4,4,250,300,150,10.0,5.928364571228173,0.03360355438877527,1.3233858453531866e-13,True,True,True,True
500,4,5,250,300,150,10.0,1.1552185424546555,0.005508508155365577,1.3233858453531866e-13,True,True,True,True
500,4,6,250,300,150,10.0,0.17456168480354628,0.0006448749073251769,1.3233858453531866e-13,True,True,True,True
500,4,8,250,300,150,10.0,0.001987789458387311,3.771066451718763e-06,1.3233858453531866e-13,True,True,True,True
500,4,10,250,300,150,10.0,1.0008822546064953e-05,8.46344483385053e-09,1.3233858453531866e-13,True,True,True,True
500,4,12,250,300,150,10.0,2.502314199170316e-08,9.934747469131366e-12,1.3233858453531866e-13,True,True,True,True
500,4,16,250,300,150,10.0,2.7243659417041178e-14,1.9761969838327786e-14,1.3233858453531866e-13,False,False,True,True
500,5,1,250,300,150,10.0,155.97955954692316,0.22193359563000464,7.399636459126668e-14,True,True,True,True
500,5,2,250,300,150,10.0,68.30760825031668,0.18135954730125492,7.399636459126668e-14,True,True,True,True
500,5,3,250,300,150,10.0,23.396601090472778,0.08010256129548249,7.399636459126668e-14,True,True,True,True
500,5,4,250,300,150,10.0,6.171274673896481,0.021170550633746316,7.399636459126668e-14,True,True,True,True
500,5,5,250,300,150,10.0,1.2552600124998845,0.003787653490120918,7.399636459126668e-14,True,True,True,True
500,5,6,250,300,150,10.0,0.19908943704834484,0.000488479543374748,7.399636459126668e-14,True,True,True,True
500,5,8,250,300,150,10.0,0.0025271469106754032,3.7337493253852827e-06,7.399636459126668e-14,True,True,True,True
500,5,10,250,300,150,10.0,1.4328886771542919e-05,1.3102905621620309e-08,7.399636459126668e-14,True,True,True,True
500,5,12,250,300,150,10.0,4.058882012804565e-08,2.1993448728885312e-11,7.399636459126668e-14,True,True,True,True
500,5,16,250,300,150,10.0,5.731994282105828e-14,1.0935696792557792e-14,7.399636459126668e-14,False,False,True,True
500,6,1,250,300,150,10.0,199.84603004796804,0.31525003984668065,1.1257661469699087e-13,True,True,True,True
500,6,2,250,300,150,10.0,91.90724890997416,0.26733482337444214,1.1257661469699087e-13,True,True,True,True
500,6,3,250,300,150,10.0,33.81929175108723,0.12765802141891833,1.1257661469699087e-13,True,True,True,True
500,6,4,250,300,150,10.0,9.796179032898372,0.0368179810060153,1.1257661469699087e-13,True,True,True,True
500,6,5,250,300,150,10.0,2.2299339323684593,0.007234410121060242,1.1257661469699087e-13,True,True,True,True
500,6,6,250,300,150,10.0,0.40189592287831877,0.0010281610990648393,1.1257661469699087e-13,True,True,True,True
500,6,8,250,300,150,10.0,0.006810120227471195,8.987999063403418e-06,1.1257661469699087e-13,True,True,True,True
500,6,10,250,300,150,10.0,5.3085444287967565e-05,3.131161971370311e-08,1.1257661469699087e-13,True,True,True,True
500,6,12,250,300,150,10.0,2.105223287533495e-07,7.18798631726969e-11,1.1257661469699087e-13,True,True,True,True
500,6,16,250,300,150,10.0,6.011791057386324e-13,1.6819878823071122e-14,1.1257661469699087e-13,False,True,True,True
500,7,1,250,300,150,10.0,129.7691483950014,0.2701684167417443,8.482103908136196e-14,True,True,True,True
500,7,2,250,300,150,10.0,55.48890581275628,0.21314227730902924,8.482103908136196e-14,True,True,True,True
500,7,3,250,300,150,10.0,18.35098046425319,0.08759760009762743,8.482103908136196e-14,True,True,True,True
500,7,4,250,300,150,10.0,4.624389610670628,0.021291028843513055,8.482103908136196e-14,True,True,True,True
500,7,5,250,300,150,10.0,0.8907002721552953,0.0034663300639757866,8.482103908136196e-14,True,True,True,True
500,7,6,250,300,150,10.0,0.1328389379888724,0.0004032007713496988,8.482103908136196e-14,True,True,True,True
500,7,8,250,300,150,10.0,0.0014689885102120062,2.3375012274673423e-06,8.482103908136196e-14,True,True,True,True
500,7,10,250,300,150,10.0,7.16387409133799e-06,6.683389619510649e-09,8.482103908136196e-14,True,True,True,True
500,7,12,250,300,150,10.0,1.731929798562954e-08,8.995235112330136e-12,8.482103908136196e-14,True,True,True,True
500,7,16,250,300,150,10.0,1.7584693263969753e-14,1.2712053631958042e-14,8.482103908136196e-14,False,False,True,True
500,8,1,250,300,150,10.0,190.93852396548775,0.14961763090122263,4.984901380566953e-14,True,True,True,True
500,8,2,250,300,150,10.0,84.08444710559888,0.11936724206783289,4.984901380566953e-14,True,True,True,True
500,8,3,250,300,150,10.0,29.03701997146371,0.057992647523502666,4.984901380566953e-14,True,True,True,True
500,8,4,250,300,150,10.0,7.74116112952057,0.017187424624731454,4.984901380566953e-14,True,True,True,True
500,8,5,250,300,150,10.0,1.5948190115842842,0.003440373122233331,4.984901380566953e-14,True,True,True,True
500,8,6,250,300,150,10.0,0.25662591440285293,0.000494188540385937,4.984901380566953e-14,True,True,True,True
500,8,8,250,300,150,10.0,0.003365059810160771,4.362044127015352e-06,4.984901380566953e-14,True,True,True,True
500,8,10,250,300,150,10.0,1.977172285604584e-05,1.5772747968822998e-08,4.984901380566953e-14,True,True,True,True
500,8,12,250,300,150,10.0,5.814819720466412e-08,2.801733844925991e-11,4.984901380566953e-14,True,True,True,True
500,8,16,250,300,150,10.0,8.880510271657468e-14,7.438494264988549e-15,4.984901380566953e-14,False,True,True,True
500,9,1,250,300,150,10.0,197.59357099811336,0.17333565028717185,5.551115123125783e-14,True,True,True,True
500,9,2,250,300,150,10.0,86.4158253738215,0.13766669754815344,5.551115123125783e-14,True,True,True,True
500,9,3,250,300,150,10.0,29.540931434206822,0.05906084068450679,5.551115123125783e-14,True,True,True,True
500,9,4,250,300,150,10.0,7.772036271738016,0.015168071419403378,5.551115123125783e-14,True,True,True,True
500,9,5,250,300,150,10.0,1.576026448391734,0.0026329806236329856,5.551115123125783e-14,True,True,True,True
500,9,6,250,300,150,10.0,0.24910027302981513,0.0003348541061818089,5.551115123125783e-14,True,True,True,True
500,9,8,250,300,150,10.0,0.0031374543287204172,2.7218003776641186e-06,5.551115123125783e-14,True,True,True,True
500,9,10,250,300,150,10.0,1.7638331358934672e-05,9.116825128163697e-09,5.551115123125783e-14,True,True,True,True
500,9,12,250,300,150,10.0,4.951689738248178e-08,1.4514917046071218e-11,5.551115123125783e-14,True,True,True,True
500,9,16,250,300,150,10.0,6.863155799648673e-14,8.326672684688674e-15,5.551115123125783e-14,False,True,True,True
500,10,1,250,300,150,10.0,141.4298614996588,0.22515556204039175,7.815970093361102e-14,True,True,True,True
500,10,2,250,300,150,10.0,62.31780787560091,0.18821264011130115,7.815970093361102e-14,True,True,True,True
500,10,3,250,300,150,10.0,21.53841777154009,0.08703267329845576,7.815970093361102e-14,True,True,True,True
500,10,4,250,300,150,10.0,5.748363560753823,0.024211056135254594,7.815970093361102e-14,True,True,True,True
500,10,5,250,300,150,10.0,1.1858240179559536,0.004581126091652232,7.815970093361102e-14,True,True,True,True
500,10,6,250,300,150,10.0,0.19109764637367802,0.000636900032709109,7.815970093361102e-14,True,True,True,True
500,10,8,250,300,150,10.0,0.002514208636400763,6.072411024571345e-06,7.815970093361102e-14,True,True,True,True
500,10,10,250,300,150,10.0,1.4826816534361115e-05,2.337533766549882e-08,7.815970093361102e-14,True,True,True,True
500,10,12,250,300,150,10.0,4.377444512597274e-08,4.188163704732517e-11,7.815970093361102e-14,True,True,True,True
500,10,16,250,300,150,10.0,6.739549013398041e-14,1.1685097334179773e-14,7.815970093361102e-14,False,False,True,True
500,11,1,250,300,150,10.0,148.31907137505323,0.3290784387245262,1.0258460747536446e-13,True,True,True,True
500,11,2,250,300,150,10.0,62.36748350749326,0.25859460250050936,1.0258460747536446e-13,True,True,True,True
500,11,3,250,300,150,10.0,20.123871304111024,0.10530999925241905,1.0258460747536446e-13,True,True,True,True
500,11,4,250,300,150,10.0,4.91144556682134,0.025279126102992988,1.0258460747536446e-13,True,True,True,True
500,11,5,250,300,150,10.0,0.9106382274876825,0.004046957326697798,1.0258460747536446e-13,True,True,True,True
500,11,6,250,300,150,10.0,0.13011968117263492,0.0004602784026083717,1.0258460747536446e-13,True,True,True,True
500,11,8,250,300,150,10.0,0.0013078003665630193,2.7987261428941146e-06,1.0258460747536446e-13,True,True,True,True
500,11,10,250,300,150,10.0,5.747958185647463e-06,7.528031892301001e-09,1.0258460747536446e-13,True,True,True,True
500,11,12,250,300,150,10.0,1.2460962341763167e-08,8.99399998921524e-12,1.0258460747536446e-13,True,True,True,True
500,11,16,250,300,150,10.0,1.0088020112346005e-14,1.5265566588595902e-14,1.0258460747536446e-13,False,False,True,False
500,12,1,250,300,150,10.0,140.1887161767839,0.23153937099354327,7.827072323607354e-14,True,True,True,True
500,12,2,250,300,150,10.0,62.11585630711672,0.19095638768960238,7.827072323607354e-14,True,True,True,True
500,12,3,250,300,150,10.0,21.644699996625516,0.0857594781454043,7.827072323607354e-14,True,True,True,True
500,12,4,250,300,150,10.0,5.83861683645281,0.023049402908997124,7.827072323607354e-14,True,True,True,True
500,12,5,250,300,150,10.0,1.2199259568378,0.004190458324745738,7.827072323607354e-14,True,True,True,True
500,12,6,250,300,150,10.0,0.19945785409997738,0.0005483246880396975,7.827072323607354e-14,True,True,True,True
500,12,8,250,300,150,10.0,0.0027110970572782004,4.311761056752239e-06,7.827072323607354e-14,True,True,True,True
500,12,10,250,300,150,10.0,1.65700666591289e-05,1.3730273890066869e-08,7.827072323607354e-14,True,True,True,True
500,12,12,250,300,150,10.0,5.080141704015566e-08,2.0144302892433075e-11,7.827072323607354e-14,True,True,True,True
500,12,16,250,300,150,10.0,8.462243273879184e-14,1.174060848541103e-14,7.827072323607354e-14,False,True,True,True
500,13,1,250,300,150,10.0,174.73968554412997,0.2810251852928874,9.725553695716371e-14,True,True,True,True
500,13,2,250,300,150,10.0,77.48700034146923,0.23537823781469833,9.725553695716371e-14,True,True,True,True
500,13,3,250,300,150,10.0,27.032618108783616,0.1084348903135963,9.725553695716371e-14,True,True,True,True
500,13,4,250,300,150,10.0,7.303184538841446,0.02982584759422846,9.725553695716371e-14,True,True,True,True
500,13,5,250,300,150,10.0,1.5287421418854847,0.00570534403261877,9.725553695716371e-14,True,True,True,True
500,13,6,250,300,150,10.0,0.25047056234851417,0.0008276249300556426,9.725553695716371e-14,True,True,True,True
500,13,8,250,300,150,10.0,0.00342050025207228,7.810784670270188e-06,9.725553695716371e-14,True,True,True,True
500,13,10,250,300,150,10.0,2.1014012570538027e-05,2.9670129908510035e-08,9.725553695716371e-14,True,True,True,True
500,13,12,250,300,150,10.0,6.477745872979057e-08,5.197112185051367e-11,9.725553695716371e-14,True,True,True,True
500,13,16,250,300,150,10.0,1.0913660878818445e-13,1.4710455076283324e-14,9.725553695716371e-14,False,True,True,True
500,14,1,250,300,150,10.0,239.03208784037207,0.2581032561875616,9.481304630298837e-14,True,True,True,True
500,14,2,250,300,150,10.0,108.28694416550539,0.22239181764043223,9.481304630298837e-14,True,True,True,True
500,14,3,250,300,150,10.0,38.97936509977702,0.10936389999576185,9.481304630298837e-14,True,True,True,True
500,14,4,250,300,150,10.0,10.970442338448054,0.03244480380801351,9.481304630298837e-14,True,True,True,True
500,14,5,250,300,150,10.0,2.4120807590044575,0.0065439488329955275,9.481304630298837e-14,True,True,True,True
500,14,6,250,300,150,10.0,0.417878611009553,0.0009528243020223703,9.481304630298837e-14,True,True,True,True
500,14,8,250,300,150,10.0,0.0064735583044961765,8.744940229510334e-06,9.481304630298837e-14,True,True,True,True
500,14,10,250,300,150,10.0,4.569604366326844e-05,3.0626559510693596e-08,9.481304630298837e-14,True,True,True,True
500,14,12,250,300,150,10.0,1.6313067212681466e-07,6.812055086680147e-11,9.481304630298837e-14,True,True,True,True
500,14,16,250,300,150,10.0,3.7363131127938065e-13,1.426636586643326e-14,9.481304630298837e-14,False,True,True,True
500,15,1,250,300,150,10.0,142.6804860295165,0.18237656011371664,6.42264019745653e-14,True,True,True,True
500,15,2,250,300,150,10.0,62.674670589973644,0.15376980565678253,6.42264019745653e-14,True,True,True,True
500,15,3,250,300,150,10.0,21.563642809420188,0.0723961045150183,6.42264019745653e-14,True,True,True,True
500,15,4,250,300,150,10.0,5.721126995845801,0.020529367866489567,6.42264019745653e-14,True,True,True,True
500,15,5,250,300,150,10.0,1.1718663279252493,0.003959650321908703,6.42264019745653e-14,True,True,True,True
500,15,6,250,300,150,10.0,0.18733902845012027,0.0005526250233722496,6.42264019745653e-14,True,True,True,True
500,15,8,250,300,150,10.0,0.00242066269346628,4.735823434021125e-06,6.42264019745653e-14,True,True,True,True
500,15,10,250,300,150,10.0,1.399529137658146e-05,1.610651589878387e-08,6.42264019745653e-14,True,True,True,True
500,15,12,250,300,150,10.0,4.0466262471425806e-08,2.836098023095701e-11,6.42264019745653e-14,True,True,True,True
500,15,16,250,300,150,10.0,5.964765763408182e-14,9.603429163007604e-15,6.42264019745653e-14,False,False,True,True
500,16,1,250,300,150,10.0,226.38373201823296,0.23485618318983711,7.926992395823618e-14,True,True,True,True
500,16,2,250,300,150,10.0,100.12511830219394,0.19410996875711828,7.926992395823618e-14,True,True,True,True
500,16,3,250,300,150,10.0,34.79614589789081,0.08812979795994501,7.926992395823618e-14,True,True,True,True
500,16,4,250,300,150,10.0,9.353510893575809,0.026240737831233457,7.926992395823618e-14,True,True,True,True
500,16,5,250,300,150,10.0,1.9461741582033096,0.005326839281140194,7.926992395823618e-14,True,True,True,True
500,16,6,250,300,150,10.0,0.3166952417720198,0.0007841371872503722,7.926992395823618e-14,True,True,True,True
500,16,8,250,300,150,10.0,0.004258918712803446,7.513846224049825e-06,7.926992395823618e-14,True,True,True,True
500,16,10,250,300,150,10.0,2.5726846916880644e-05,2.8699264187359574e-08,7.926992395823618e-14,True,True,True,True
500,16,12,250,300,150,10.0,7.790534074753142e-08,5.0331433465444775e-11,7.926992395823618e-14,True,True,True,True
500,16,16,250,300,150,10.0,1.264618336693876e-13,1.2184697695261093e-14,7.926992395823618e-14,False,True,True,True
500,17,1,250,300,150,10.0,165.95853999180693,0.3467082784548041,1.1590728377086634e-13,True,True,True,True
500,17,2,250,300,150,10.0,73.05557191177384,0.28396768483712775,1.1590728377086634e-13,True,True,True,True
500,17,3,250,300,150,10.0,25.21405296709509,0.1255177454082287,1.1590728377086634e-13,True,True,True,True
500,17,4,250,300,150,10.0,6.7169873929222765,0.033093293206007235,1.1590728377086634e-13,True,True,True,True
500,17,5,250,300,150,10.0,1.3825914149131664,0.00588531138303483,1.1590728377086634e-13,True,True,True,True
500,17,6,250,300,150,10.0,0.2222522253583201,0.0007859966452087308,1.1590728377086634e-13,True,True,True,True
500,17,8,250,300,150,10.0,0.0029077392454657366,6.634661364968153e-06,1.1590728377086634e-13,True,True,True,True
500,17,10,250,300,150,10.0,1.704232739943614e-05,2.2371205887772305e-08,1.1590728377086634e-13,True,True,True,True
500,17,12,250,300,150,10.0,4.9990124499834367e-08,3.477435006615792e-11,1.1590728377086634e-13,True,True,True,True
500,17,16,250,300,150,10.0,7.593012663308639e-14,1.7430501486614958e-14,1.1590728377086634e-13,False,False,True,True
500,18,1,250,300,150,10.0,171.82586508745896,0.20366310824331488,7.177591854201637e-14,True,True,True,True
500,18,2,250,300,150,10.0,76.88230378896118,0.1714551137629219,7.177591854201637e-14,True,True,True,True
500,18,3,250,300,150,10.0,27.177115909496052,0.0806428326809618,7.177591854201637e-14,True,True,True,True
500,18,4,250,300,150,10.0,7.469517178469582,0.02290833012518742,7.177591854201637e-14,True,True,True,True
500,18,5,250,300,150,10.0,1.5961541156100592,0.004443568560665023,7.177591854201637e-14,True,True,True,True
500,18,6,250,300,150,10.0,0.26770688208349025,0.0006267383154178463,7.177591854201637e-14,True,True,True,True
500,18,8,250,300,150,10.0,0.0038540752917117097,5.572852011553886e-06,7.177591854201637e-14,True,True,True,True
500,18,10,250,300,150,10.0,2.5093271803797495e-05,2.0021622693100483e-08,7.177591854201637e-14,True,True,True,True
500,18,12,250,300,150,10.0,8.224252211606416e-08,3.334296727608432e-11,7.177591854201637e-14,True,True,True,True
500,18,16,250,300,150,10.0,1.575058757552996e-13,1.0630385460785874e-14,7.177591854201637e-14,False,True,True,True
500,19,1,250,300,150,10.0,130.60046516974612,0.21845582315831502,7.616129948928574e-14,True,True,True,True
500,19,2,250,300,150,10.0,57.50702737666742,0.18320588304677538,7.616129948928574e-14,True,True,True,True
500,19,3,250,300,150,10.0,19.855915494701733,0.08530199817399914,7.616129948928574e-14,True,True,True,True
500,19,4,250,300,150,10.0,5.2924420907185565,0.02392783524063377,7.616129948928574e-14,True,True,True,True
500,19,5,250,300,150,10.0,1.090074423455514,0.0045744676933936745,7.616129948928574e-14,True,True,True,True
500,19,6,250,300,150,10.0,0.17535821572895696,0.0006352783533065398,7.616129948928574e-14,True,True,True,True
500,19,8,250,300,150,10.0,0.0022980015450531003,5.488913250278893e-06,7.616129948928574e-14,True,True,True,True
500,19,10,250,300,150,10.0,1.349298231758719e-05,1.9390882705083712e-08,7.616129948928574e-14,True,True,True,True
500,19,12,250,300,150,10.0,3.965424949358099e-08,3.2688157736160406e-11,7.616129948928574e-14,True,True,True,True
500,19,16,250,300,150,10.0,6.047063069980632e-14,1.1352030426792226e-14,7.616129948928574e-14,False,False,True,True
500,20,1,250,300,150,10.0,172.53708160342475,0.29597176051460367,1.1068923555512811e-13,True,True,True,True
500,20,2,250,300,150,10.0,77.81306113411732,0.2572013397359552,1.1068923555512811e-13,True,True,True,True
500,20,3,250,300,150,10.0,27.82638649741171,0.12941134340084806,1.1068923555512811e-13,True,True,True,True
500,20,4,250,300,150,10.0,7.764521176675294,0.039530783758589205,1.1068923555512811e-13,True,True,True,True
500,20,5,250,300,150,10.0,1.6896335993237783,0.008265550886164985,1.1068923555512811e-13,True,True,True,True
500,20,6,250,300,150,10.0,0.2892979873436084,0.0012577736330861011,1.1068923555512811e-13,True,True,True,True
500,20,8,250,300,150,10.0,0.00436395086844158,1.2986988828567192e-05,1.1068923555512811e-13,True,True,True,True
500,20,10,250,300,150,10.0,2.991294300437816e-05,5.388988205679013e-08,1.1068923555512811e-13,True,True,True,True
500,20,12,250,300,150,10.0,1.0351839174749315e-07,1.0341671963232102e-10,1.1068923555512811e-13,True,True,True,True
500,20,16,250,300,150,10.0,2.2215146676589815e-13,1.659783421814609e-14,1.1068923555512811e-13,False,True,True,True
500,21,1,250,300,150,10.0,158.19559594321706,0.1904348181697531,6.378231276471524e-14,True,True,True,True
500,21,2,250,300,150,10.0,69.1199049617592,0.15645299411024757,6.378231276471524e-14,True,True,True,True
500,21,3,250,300,150,10.0,23.595520515965234,0.06935510294201692,6.378231276471524e-14,True,True,True,True
500,21,4,250,300,150,10.0,6.196585652768927,0.01827965358122549,6.378231276471524e-14,True,True,True,True
500,21,5,250,300,150,10.0,1.253829865967392,0.003234246651098449,6.378231276471524e-14,True,True,True,True
500,21,6,250,300,150,10.0,0.1976896465602924,0.00040818703913583776,6.378231276471524e-14,True,True,True,True
500,21,8,250,300,150,10.0,0.002476246354819795,3.884061409942241e-06,6.378231276471524e-14,True,True,True,True
500,21,10,250,300,150,10.0,1.3837341677717945e-05,1.5372169856475715e-08,6.378231276471524e-14,True,True,True,True
500,21,12,250,300,150,10.0,3.860013935013249e-08,2.7378391220800324e-11,6.378231276471524e-14,True,True,True,True
500,21,16,250,300,150,10.0,5.2796497251818145e-14,9.43689570931383e-15,6.378231276471524e-14,False,False,True,True
500,22,1,250,300,150,10.0,191.49264102102285,0.24504105632141263,8.237854842718662e-14,True,True,True,True
500,22,2,250,300,150,10.0,83.73112276366514,0.20064942564582844,8.237854842718662e-14,True,True,True,True
500,22,3,250,300,150,10.0,28.61488997875178,0.08969423831449452,8.237854842718662e-14,True,True,True,True
500,22,4,250,300,150,10.0,7.525560476664058,0.024206376238038924,8.237854842718662e-14,True,True,True,True
500,22,5,250,300,150,10.0,1.525356849661226,0.004467635837880624,8.237854842718662e-14,True,True,True,True
500,22,6,250,300,150,10.0,0.24096863045327516,0.0006011439867827373,8.237854842718662e-14,True,True,True,True
500,22,8,250,300,150,10.0,0.00303155717284296,4.9101096276926715e-06,8.237854842718662e-14,True,True,True,True
500,22,10,250,300,150,10.0,1.7021601248145155e-05,1.6368871508243288e-08,8.237854842718662e-14,True,True,True,True
500,22,12,250,300,150,10.0,4.7722376735841876e-08,2.5440566320256153e-11,8.237854842718662e-14,True,True,True,True
500,22,16,250,300,150,10.0,6.596218577162575e-14,1.2434497875801753e-14,8.237854842718662e-14,False,False,True,True
500,23,1,250,300,150,10.0,190.40571318382925,0.21835580141200456,7.838174553853605e-14,True,True,True,True
500,23,2,250,300,150,10.0,85.16524735152825,0.1859784378475207,7.838174553853605e-14,True,True,True,True
500,23,3,250,300,150,10.0,30.089270721117057,0.08958225374967643,7.838174553853605e-14,True,True,True,True
500,23,4,250,300,150,10.0,8.26424886130509,0.026842578796107353,7.838174553853605e-14,True,True,True,True
500,23,5,250,300,150,10.0,1.764527380371957,0.005475697924715306,7.838174553853605e-14,True,True,True,True
500,23,6,250,300,150,10.0,0.2956702325610827,0.0008082012327791099,7.838174553853605e-14,True,True,True,True
500,23,8,250,300,150,10.0,0.004247686300841052,7.716891999021147e-06,7.838174553853605e-14,True,True,True,True
500,23,10,250,300,150,10.0,2.759187658511183e-05,2.8985793959490636e-08,7.838174553853605e-14,True,True,True,True
500,23,12,250,300,150,10.0,9.021009355696476e-08,4.939765263500817e-11,7.838174553853605e-14,True,True,True,True
500,23,16,250,300,150,10.0,1.718808221343366e-13,1.1851630787873546e-14,7.838174553853605e-14,False,True,True,True
500,24,1,250,300,150,10.0,214.1164490255809,0.2999788741440235,1.0336176359260207e-13,True,True,True,True
500,24,2,250,300,150,10.0,93.57484023767302,0.24942088671759566,1.0336176359260207e-13,True,True,True,True
500,24,3,250,300,150,10.0,31.954557592526136,0.11408603614545862,1.0336176359260207e-13,True,True,True,True
500,24,4,250,300,150,10.0,8.395520693150305,0.0313526958077916,1.0336176359260207e-13,True,True,True,True
500,24,5,250,300,150,10.0,1.6996653568289846,0.005853266380193789,1.0336176359260207e-13,True,True,True,True
500,24,6,250,300,150,10.0,0.2681441249441653,0.0007903834645039409,1.0336176359260207e-13,True,True,True,True
500,24,8,250,300,150,10.0,0.0033632659689110233,6.346185735306431e-06,1.0336176359260207e-13,True,True,True,True
500,24,10,250,300,150,10.0,1.8821685744555613e-05,2.024385920007532e-08,1.0336176359260207e-13,True,True,True,True
500,24,12,250,300,150,10.0,5.258560855857965e-08,2.958028266775159e-11,1.0336176359260207e-13,True,True,True,True
500,24,16,250,300,150,10.0,7.215802088648755e-14,1.559863349598345e-14,1.0336176359260207e-13,False,False,True,True
500,25,1,250,300,150,10.0,218.64036696377215,0.3200393537363891,1.0802470029602773e-13,True,True,True,True
500,25,2,250,300,150,10.0,97.49236094184967,0.26381119921405777,1.0802470029602773e-13,True,True,True,True
500,25,3,250,300,150,10.0,34.28883999389146,0.11806300196727681,1.0802470029602773e-13,True,True,True,True
500,25,4,250,300,150,10.0,9.362153184280404,0.03154563846367092,1.0802470029602773e-13,True,True,True,True
500,25,5,250,300,150,10.0,1.9847969887784676,0.005688925496837582,1.0802470029602773e-13,True,True,True,True
500,25,6,250,300,150,10.0,0.3299098182348859,0.0007372203244438436,1.0802470029602773e-13,True,True,True,True
500,25,8,250,300,150,10.0,0.004654131106572826,6.944032723804616e-06,1.0802470029602773e-13,True,True,True,True
500,25,10,250,300,150,10.0,2.963272746350527e-05,2.6501298738823564e-08,1.0802470029602773e-13,True,True,True,True
500,25,12,250,300,150,10.0,9.485519081965791e-08,4.640091089136433e-11,1.0802470029602773e-13,True,True,True,True
500,25,16,250,300,150,10.0,1.7291309447430352e-13,1.609823385706477e-14,1.0802470029602773e-13,False,True,True,True
500,26,1,250,300,150,10.0,196.1548723249174,0.23644240585565013,7.993605777301127e-14,True,True,True,True
500,26,2,250,300,150,10.0,85.9882743797487,0.1952462854087326,7.993605777301127e-14,True,True,True,True
500,26,3,250,300,150,10.0,29.496259500898002,0.08766357121878088,7.993605777301127e-14,True,True,True,True
500,26,4,250,300,150,10.0,7.795222717535439,0.023499230967647167,7.993605777301127e-14,True,True,True,True
500,26,5,250,300,150,10.0,1.5892498368576837,0.004309190901603754,7.993605777301127e-14,True,True,True,True
500,26,6,250,300,150,10.0,0.25272195707022943,0.0005754805412228337,7.993605777301127e-14,True,True,True,True
500,26,8,250,300,150,10.0,0.003226852560553604,4.483937094845736e-06,7.993605777301127e-14,True,True,True,True
500,26,10,250,300,150,10.0,1.841448856113491e-05,1.3731655229554107e-08,7.993605777301127e-14,True,True,True,True
500,26,12,250,300,150,10.0,5.251713442340679e-08,1.904740254410342e-11,7.993605777301127e-14,True,True,True,True
500,26,16,250,300,150,10.0,7.522248551502431e-14,1.2073675392798577e-14,7.993605777301127e-14,False,False,True,True
500,27,1,250,300,150,10.0,170.34200827974334,0.34317883434314606,1.1812772982011666e-13,True,True,True,True
500,27,2,250,300,150,10.0,74.98165814746451,0.28567046100426424,1.1812772982011666e-13,True,True,True,True
500,27,3,250,300,150,10.0,25.87702413343774,0.13082410964059837,1.1812772982011666e-13,True,True,True,True
500,27,4,250,300,150,10.0,6.892980457967918,0.03597590159938785,1.1812772982011666e-13,True,True,True,True
500,27,5,250,300,150,10.0,1.418663725395637,0.006718577882279142,1.1812772982011666e-13,True,True,True,True
500,27,6,250,300,150,10.0,0.22802299248057623,0.0009076137304381837,1.1812772982011666e-13,True,True,True,True
500,27,8,250,300,150,10.0,0.002982418188975779,7.311169159140984e-06,1.1812772982011666e-13,True,True,True,True
500,27,10,250,300,150,10.0,1.747474973690823e-05,2.35464633902005e-08,1.1812772982011666e-13,True,True,True,True
500,27,12,250,300,150,10.0,5.124225074978946e-08,3.5029146250309395e-11,1.1812772982011666e-13,True,True,True,True
500,27,16,250,300,150,10.0,7.778035672068266e-14,1.7819079545233762e-14,1.1812772982011666e-13,False,False,True,True
500,28,1,250,300,150,10.0,172.88467776417994,0.24955260367193968,8.115730310009894e-14,True,True,True,True
500,28,2,250,300,150,10.0,75.06828171902185,0.20114703415994828,8.115730310009894e-14,True,True,True,True
500,28,3,250,300,150,10.0,25.39247357144335,0.08610771787794846,8.115730310009894e-14,True,True,True,True
500,28,4,250,300,150,10.0,6.58940043095658,0.022126737211004083,8.115730310009894e-14,True,True,True,True
500,28,5,250,300,150,10.0,1.3144243772075321,0.0038626165444147487,8.115730310009894e-14,True,True,True,True
500,28,6,250,300,150,10.0,0.20393004937902778,0.0004832903239977149,8.115730310009894e-14,True,True,True,True
500,28,8,250,300,150,10.0,0.002463654665355159,3.5921676093952914e-06,8.115730310009894e-14,True,True,True,True
500,28,10,250,300,150,10.0,1.3232566782652143e-05,1.04793983768392e-08,8.115730310009894e-14,True,True,True,True
500,28,12,250,300,150,10.0,3.5406815814946265e-08,1.3943318721842957e-11,8.115730310009894e-14,True,True,True,True
500,28,16,250,300,150,10.0,4.440118078960123e-14,1.1879386363489175e-14,8.115730310009894e-14,False,False,True,True
500,29,1,250,300,150,10.0,218.20711931114477,0.19124803596038448,6.816769371198461e-14,True,True,True,True
500,29,2,250,300,150,10.0,98.26029869032966,0.16224308892772607,6.816769371198461e-14,True,True,True,True
500,29,3,250,300,150,10.0,35.06022049362531,0.07721518116123957,6.816769371198461e-14,True,True,True,True
500,29,4,250,300,150,10.0,9.754560175763972,0.022132044645286786,6.816769371198461e-14,True,True,True,True
500,29,5,250,300,150,10.0,2.1152633406047263,0.004314814874777501,6.816769371198461e-14,True,True,True,True
500,29,6,250,300,150,10.0,0.3607352543820577,0.0006088492014806601,6.816769371198461e-14,True,True,True,True
500,29,8,250,300,150,10.0,0.005392771821831996,5.609719487750797e-06,6.816769371198461e-14,True,True,True,True
500,29,10,250,300,150,10.0,3.6599750924001345e-05,2.4173302776153704e-08,6.816769371198461e-14,True,True,True,True
500,29,12,250,300,150,10.0,1.2533560605308327e-07,4.80148004688985e-11,6.816769371198461e-14,True,True,True,True
500,29,16,250,300,150,10.0,2.631201619700965e-13,1.0325074129013956e-14,6.816769371198461e-14,False,True,True,True
500,30,1,250,300,150,10.0,199.2427174765131,0.2322993610119615,7.671641100159832e-14,True,True,True,True
500,30,2,250,300,150,10.0,85.11188851048372,0.18968817719135694,7.671641100159832e-14,True,True,True,True
500,30,3,250,300,150,10.0,28.107069868006576,0.0829118732096715,7.671641100159832e-14,True,True,True,True
500,30,4,250,300,150,10.0,7.069596207019796,0.021505930305387305,7.671641100159832e-14,True,True,True,True
500,30,5,250,300,150,10.0,1.3586234375193311,0.003744062615663485,7.671641100159832e-14,True,True,True,True
500,30,6,250,300,150,10.0,0.20211466194123284,0.00046601649660346633,7.671641100159832e-14,True,True,True,True
500,30,8,250,300,150,10.0,0.0022225071747218614,3.084713480788759e-06,7.671641100159832e-14,True,True,True,True
500,30,10,250,300,150,10.0,1.0772207853856793e-05,8.280818086792152e-09,7.671641100159832e-14,True,True,True,True
500,30,12,250,300,150,10.0,2.5875393308328143e-08,1.0337120048831139e-11,7.671641100159832e-14,True,True,True,True
500,30,16,250,300,150,10.0,2.5922052534539323e-14,1.1463052729254741e-14,7.671641100159832e-14,False,False,True,True
500,31,1,250,300,150,10.0,165.72293807298988,0.23124688614224323,7.938094626069869e-14,True,True,True,True
500,31,2,250,300,150,10.0,72.71403926362765,0.19196439978445706,7.938094626069869e-14,True,True,True,True
500,31,3,250,300,150,10.0,24.97620793403302,0.08765162656756975,7.938094626069869e-14,True,True,True,True
500,31,4,250,300,150,10.0,6.612182933505001,0.02406988646589428,7.938094626069869e-14,True,True,True,True
500,31,5,250,300,150,10.0,1.3508729228560192,0.004495409992151561,7.938094626069869e-14,True,True,True,True
500,31,6,250,300,150,10.0,0.21532277938533964,0.0006080974324152444,7.938094626069869e-14,True,True,True,True
500,31,8,250,300,150,10.0,0.002763946811777637,4.925195665306248e-06,7.938094626069869e-14,True,True,True,True
500,31,10,250,300,150,10.0,1.5864815649440515e-05,1.5992245472329358e-08,7.938094626069869e-14,True,True,True,True
500,31,12,250,300,150,10.0,4.552351836278466e-08,2.4054008784801795e-11,7.938094626069869e-14,True,True,True,True
500,31,16,250,300,150,10.0,6.604347720813917e-14,1.1962653090336062e-14,7.938094626069869e-14,False,False,True,True
500,32,1,250,300,150,10.0,152.58869199486224,0.23172931684764667,7.743805596760467e-14,True,True,True,True
500,32,2,250,300,150,10.0,67.26685662424644,0.18985034236406034,7.743805596760467e-14,True,True,True,True
500,32,3,250,300,150,10.0,23.26524037748259,0.08412141998100375,7.743805596760467e-14,True,True,True,True
500,32,4,250,300,150,10.0,6.214919251173098,0.02230241891585541,7.743805596760467e-14,True,True,True,True
500,32,5,250,300,150,10.0,1.283476128170218,0.0040079360440605505,7.743805596760467e-14,True,True,True,True
500,32,6,250,300,150,10.0,0.20709139345159114,0.0005210342965065173,7.743805596760467e-14,True,True,True,True
500,32,8,250,300,150,10.0,0.0027322564786901394,3.921102595672021e-06,7.743805596760467e-14,True,True,True,True
500,32,10,250,300,150,10.0,1.616216369867258e-05,1.2071891541953761e-08,7.743805596760467e-14,True,True,True,True
500,32,12,250,300,150,10.0,4.787135060940039e-08,1.766384261081555e-11,7.743805596760467e-14,True,True,True,True
500,32,16,250,300,150,10.0,7.420194577282716e-14,1.1518563880485999e-14,7.743805596760467e-14,False,False,True,True
500,33,1,250,300,150,10.0,236.0475844747404,0.24542288871574203,8.426592756904938e-14,True,True,True,True
500,33,2,250,300,150,10.0,106.58339098415738,0.20356999398816206,8.426592756904938e-14,True,True,True,True
500,33,3,250,300,150,10.0,38.1816834728574,0.09269315125168137,8.426592756904938e-14,True,True,True,True
500,33,4,250,300,150,10.0,10.678443536152356,0.025393084005051914,8.426592756904938e-14,True,True,True,True
500,33,5,250,300,150,10.0,2.3301437795233064,0.005082456791941498,8.426592756904938e-14,True,True,True,True
500,33,6,250,300,150,10.0,0.40021761641402837,0.0007321827435213812,8.426592756904938e-14,True,True,True,True
500,33,8,250,300,150,10.0,0.00608008701463737,6.35622518888046e-06,8.426592756904938e-14,True,True,True,True
500,33,10,250,300,150,10.0,4.200355016652232e-05,2.0247431758990686e-08,8.426592756904938e-14,True,True,True,True
500,33,12,250,300,150,10.0,1.4656761907625394e-07,3.4203473386895666e-11,8.426592756904938e-14,True,True,True,True
500,33,16,250,300,150,10.0,3.2003362629582384e-13,1.251776460264864e-14,8.426592756904938e-14,False,True,True,True
500,34,1,250,300,150,10.0,176.5357583546579,0.3697043163537102,1.2112533198660458e-13,True,True,True,True
500,34,2,250,300,150,10.0,76.74637947923925,0.29734204336779907,1.2112533198660458e-13,True,True,True,True
500,34,3,250,300,150,10.0,26.006259831177317,0.1292342865717878,1.2112533198660458e-13,True,True,True,True
500,34,4,250,300,150,10.0,6.764310166814132,0.03405079086653967,1.2112533198660458e-13,True,True,True,True
500,34,5,250,300,150,10.0,1.3530508323731747,0.006176693672882982,1.2112533198660458e-13,True,True,True,True
500,34,6,250,300,150,10.0,0.2105793083670869,0.0008238608082425936,1.2112533198660458e-13,True,True,True,True
500,34,8,250,300,150,10.0,0.0025618643444037,6.791554417351353e-06,1.2112533198660458e-13,True,True,True,True
500,34,10,250,300,150,10.0,1.3865884327835036e-05,2.346736688307871e-08,1.2112533198660458e-13,True,True,True,True
500,34,12,250,300,150,10.0,3.740160258654162e-08,3.823519278967069e-11,1.2112533198660458e-13,True,True,True,True
500,34,16,250,300,150,10.0,4.769683860779598e-14,1.7930101847696278e-14,1.2112533198660458e-13,False,False,True,True
500,35,1,250,300,150,10.0,164.96502284325254,0.21145525536048437,7.205347429817266e-14,True,True,True,True
500,35,2,250,300,150,10.0,72.37325882314369,0.17523203344498375,7.205347429817266e-14,True,True,True,True
500,35,3,250,300,150,10.0,24.85500587271511,0.07960145397515098,7.205347429817266e-14,True,True,True,True
500,35,4,250,300,150,10.0,6.578664316593019,0.021724585445009492,7.205347429817266e-14,True,True,True,True
500,35,5,250,300,150,10.0,1.343674947777353,0.004032083706424189,7.205347429817266e-14,True,True,True,True
500,35,6,250,300,150,10.0,0.21411235378005616,0.000551140769652847,7.205347429817266e-14,True,True,True,True
500,35,8,250,300,150,10.0,0.0027465891959218298,5.119971014100333e-06,7.205347429817266e-14,True,True,True,True
500,35,10,250,300,150,10.0,1.5753739881969148e-05,1.8817357644307364e-08,7.205347429817266e-14,True,True,True,True
500,35,12,250,300,150,10.0,4.517022348548743e-08,3.213418420244807e-11,7.205347429817266e-14,True,True,True,True
500,35,16,250,300,150,10.0,6.54264439200529e-14,1.0880185641326534e-14,7.205347429817266e-14,False,False,True,True
500,36,1,250,300,150,10.0,197.93187485154417,0.23718644807895564,7.904787935331115e-14,True,True,True,True
500,36,2,250,300,150,10.0,88.40125799035566,0.19386068214119073,7.904787935331115e-14,True,True,True,True
500,36,3,250,300,150,10.0,31.16522110777774,0.08540366818995454,7.904787935331115e-14,True,True,True,True
500,36,4,250,300,150,10.0,8.535669325041862,0.02243853948691929,7.904787935331115e-14,True,True,True,True
500,36,5,250,300,150,10.0,1.8163191208615108,0.0039730677604288556,7.904787935331115e-14,True,True,True,True
500,36,6,250,300,150,10.0,0.3031814742767319,0.0005039585183208017,7.904787935331115e-14,True,True,True,True
500,36,8,250,300,150,10.0,0.004317970353971482,3.860665061916624e-06,7.904787935331115e-14,True,True,True,True
500,36,10,250,300,150,10.0,2.7781844292150594e-05,1.317504108588885e-08,7.904787935331115e-14,True,True,True,True
500,36,12,250,300,150,10.0,8.991952118806212e-08,2.8476415669942412e-11,7.904787935331115e-14,True,True,True,True
500,36,16,250,300,150,10.0,1.6775063703321203e-13,1.1962653090336062e-14,7.904787935331115e-14,False,True,True,True
500,37,1,250,300,150,10.0,186.80393379285485,0.34457845718569813,1.2012613126444194e-13,True,True,True,True
500,37,2,250,300,150,10.0,83.57433110290957,0.2891149098340455,1.2012613126444194e-13,True,True,True,True
500,37,3,250,300,150,10.0,29.537600978633765,0.13448061251697035,1.2012613126444194e-13,True,True,True,True
500,37,4,250,300,150,10.0,8.116463820306121,0.03761630919928027,1.2012613126444194e-13,True,True,True,True
500,37,5,250,300,150,10.0,1.7339317558854843,0.007156909956697877,1.2012613126444194e-13,True,True,True,True
500,37,6,250,300,150,10.0,0.29072591565832473,0.0009872656714929318,1.2012613126444194e-13,True,True,True,True
500,37,8,250,300,150,10.0,0.004182578478792779,8.388488199673194e-06,1.2012613126444194e-13,True,True,True,True
500,37,10,250,300,150,10.0,2.721137938842398e-05,2.9231491227577067e-08,1.2012613126444194e-13,True,True,True,True
500,37,12,250,300,150,10.0,8.911285767622919e-08,4.884387339032514e-11,1.2012613126444194e-13,True,True,True,True
500,37,16,250,300,150,10.0,1.7037664694598363e-13,1.8041124150158794e-14,1.2012613126444194e-13,False,True,True,True
500,38,1,250,300,150,10.0,168.6537320367109,0.27387828614131343,9.35918009759007e-14,True,True,True,True
500,38,2,250,300,150,10.0,74.08182640145515,0.22690170029027504,9.35918009759007e-14,True,True,True,True
500,38,3,250,300,150,10.0,25.48733919112276,0.10295241670737812,9.35918009759007e-14,True,True,True,True
500,38,4,250,300,150,10.0,6.761786664750257,0.028013239818475588,9.35918009759007e-14,True,True,True,True
500,38,5,250,300,150,10.0,1.384940185271217,0.005167332113289902,9.35918009759007e-14,True,True,True,True
500,38,6,250,300,150,10.0,0.22138629526242215,0.0006878956794817981,9.35918009759007e-14,True,True,True,True
500,38,8,250,300,150,10.0,0.0028601460968337455,5.3386825877854704e-06,9.35918009759007e-14,True,True,True,True
500,38,10,250,300,150,10.0,1.653334577476881e-05,1.6864381530146133e-08,9.35918009759007e-14,True,True,True,True
500,38,12,250,300,150,10.0,4.7796130343859776e-08,2.5672519665675964e-11,9.35918009759007e-14,True,True,True,True
500,38,16,250,300,150,10.0,7.042516537836859e-14,1.4099832412739488e-14,9.35918009759007e-14,False,False,True,True
500,39,1,250,300,150,10.0,318.0912038061011,0.20415873392320072,6.52811138479592e-14,True,True,True,True
500,39,2,250,300,150,10.0,140.43485878021232,0.1640130181664915,6.52811138479592e-14,True,True,True,True
500,39,3,250,300,150,10.0,48.677339185885295,0.06879922266129665,6.52811138479592e-14,True,True,True,True
500,39,4,250,300,150,10.0,13.040314715726952,0.019304903992708206,6.52811138479592e-14,True,True,True,True
500,39,5,250,300,150,10.0,2.7022051706170376,0.003822773995063228,6.52811138479592e-14,True,True,True,True
500,39,6,250,300,150,10.0,0.4376892633516421,0.0005468392777604192,6.52811138479592e-14,True,True,True,True
500,39,8,250,300,150,10.0,0.005824949288717619,6.199565780511118e-06,6.52811138479592e-14,True,True,True,True
500,39,10,250,300,150,10.0,3.478597910476707e-05,2.5337069258640765e-08,6.52811138479592e-14,True,True,True,True
500,39,12,250,300,150,10.0,1.0407314242346097e-07,4.400441816487799e-11,6.52811138479592e-14,True,True,True,True
500,39,16,250,300,150,10.0,1.6473145266502177e-13,9.908740494779522e-15,6.52811138479592e-14,False,True,True,True
1000,0,1,500,300,300,10.0,114.57380716120602,0.18098934348468387,2.5923707624997405e-14,True,True,True,True
1000,0,2,500,300,300,10.0,50.95880799266201,0.1546006079951936,2.5923707624997405e-14,True,True,True,True
1000,0,3,500,300,300,10.0,17.855815815917662,0.07492816065838302,2.5923707624997405e-14,True,True,True,True
1000,0,4,500,300,300,10.0,4.8516037635661124,0.021977254426346543,2.5923707624997405e-14,True,True,True,True
1000,0,5,500,300,300,10.0,1.0225494559508728,0.004405368984956637,2.5923707624997405e-14,True,True,True,True
1000,0,6,500,300,300,10.0,0.16884233246491662,0.0006422291972368044,2.5923707624997405e-14,True,True,True,True
1000,0,8,500,300,300,10.0,0.0023465106395735547,6.0953955528797454e-06,2.5923707624997405e-14,True,True,True,True
1000,0,10,500,300,300,10.0,1.4696174977152147e-05,2.3371722168707976e-08,2.5923707624997405e-14,True,True,True,True
1000,0,12,500,300,300,10.0,4.623214040889132e-08,4.8176226896679e-11,2.5923707624997405e-14,True,True,True,True
1000,0,16,500,300,300,10.0,8.1269888585888e-14,3.394506897791416e-14,2.5923707624997405e-14,True,True,True,True
1000,1,1,500,300,300,10.0,102.80245759704889,0.10238433720767673,1.3655743202889425e-14,True,True,True,True
1000,1,2,500,300,300,10.0,45.658148257528715,0.0846076670686611,1.3655743202889425e-14,True,True,True,True
1000,1,3,500,300,300,10.0,15.965076446928522,0.03826395497412381,1.3655743202889425e-14,True,True,True,True
1000,1,4,500,300,300,10.0,4.326052171326321,0.010641097529177718,1.3655743202889425e-14,True,True,True,True
1000,1,5,500,300,300,10.0,0.9088015427562655,0.0022010886340492197,1.3655743202889425e-14,True,True,True,True
1000,1,6,500,300,300,10.0,0.14950451709579443,0.00033198614336263366,1.3655743202889425e-14,True,True,True,True
1000,1,8,500,300,300,10.0,0.0020604448099540546,3.4067848440483273e-06,1.3655743202889425e-14,True,True,True,True
1000,1,10,500,300,300,10.0,1.2786370292569887e-05,1.4385041019471245e-08,1.3655743202889425e-14,True,True,True,True
1000,1,12,500,300,300,10.0,3.983548106144656e-08,2.8992766520907765e-11,1.3655743202889425e-14,True,True,True,True
1000,1,16,500,300,300,10.0,6.861889038824408e-14,1.802724636235098e-14,1.3655743202889425e-14,True,True,True,True
1000,2,1,500,300,300,10.0,127.79394902231255,0.11970070952936779,1.6903145549918008e-14,True,True,True,True
1000,2,2,500,300,300,10.0,57.669114157247925,0.10208552400767189,1.6903145549918008e-14,True,True,True,True
1000,2,3,500,300,300,10.0,20.64108754973305,0.04921178080421,1.6903145549918008e-14,True,True,True,True
1000,2,4,500,300,300,10.0,5.7662524042938275,0.01498932116814973,1.6903145549918008e-14,True,True,True,True
1000,2,5,500,300,300,10.0,1.2565413514412842,0.003297456827976955,1.6903145549918008e-14,True,True,True,True
1000,2,6,500,300,300,10.0,0.2154853186098293,0.0005327006202764245,1.6903145549918008e-14,True,True,True,True
1000,2,8,500,300,300,10.0,0.0032621886366074352,6.3568997398372185e-06,1.6903145549918008e-14,True,True,True,True
1000,2,10,500,300,300,10.0,2.244945789178149e-05,3.141514137716683e-08,1.6903145549918008e-14,True,True,True,True
1000,2,12,500,300,300,10.0,7.801553992747916e-08,7.382534861211099e-11,1.6903145549918008e-14,True,True,True,True
1000,2,16,500,300,300,10.0,1.6889530668454865e-13,2.2246093855926574e-14,1.6903145549918008e-14,True,True,True,True
1000,3,1,500,300,300,10.0,93.23293807599924,0.1368229956121215,1.8485213360008856e-14,True,True,True,True
1000,3,2,500,300,300,10.0,40.77204857348421,0.11368249834417496,1.8485213360008856e-14,True,True,True,True
1000,3,3,500,300,300,10.0,13.93648790263541,0.05233560125393809,1.8485213360008856e-14,True,True,True,True
1000,3,4,500,300,300,10.0,3.6661626213648537,0.014596818455460181,1.8485213360008856e-14,True,True,True,True
1000,3,5,500,300,300,10.0,0.7433235370316849,0.002793487655135707,1.8485213360008856e-14,True,True,True,True
1000,3,6,500,300,300,10.0,0.11746754934522699,0.0003912729874266663,1.8485213360008856e-14,True,True,True,True
1000,3,8,500,300,300,10.0,0.0014789800964351168,3.5171130200184475e-06,1.8485213360008856e-14,True,True,True,True
1000,3,10,500,300,300,10.0,8.311290897893482e-06,1.3284797734103293e-08,1.8485213360008856e-14,True,True,True,True
1000,3,12,500,300,300,10.0,2.3322831863221102e-08,2.4942298226804382e-11,1.8485213360008856e-14,True,True,True,True
1000,3,16,500,300,300,10.0,3.229757056367947e-14,2.4313884239290928e-14,1.8485213360008856e-14,True,True,True,True
1000,4,1,500,300,300,10.0,111.56678706252548,0.11427435251844607,1.63202784619898e-14,True,True,True,True
1000,4,2,500,300,300,10.0,49.29641395460424,0.09750952522887142,1.63202784619898e-14,True,True,True,True
1000,4,3,500,300,300,10.0,17.1076807550126,0.047183156740294066,1.63202784619898e-14,True,True,True,True
1000,4,4,500,300,300,10.0,4.590244573743322,0.013826951196323961,1.63202784619898e-14,True,True,True,True
1000,4,5,500,300,300,10.0,0.9529832206739,0.002772359447572814,1.63202784619898e-14,True,True,True,True
1000,4,6,500,300,300,10.0,0.1546893761423099,0.00040496732781136746,1.63202784619898e-14,True,True,True,True
1000,4,8,500,300,300,10.0,0.0020685955041391765,3.888087843226251e-06,1.63202784619898e-14,True,True,True,True
1000,4,10,500,300,300,10.0,1.2418830811017165e-05,1.5296572425382848e-08,1.63202784619898e-14,True,True,True,True
1000,4,12,500,300,300,10.0,3.736224611852766e-08,2.974247237386152e-11,1.63202784619898e-14,True,True,True,True
1000,4,16,500,300,300,10.0,5.983000702579809e-14,2.1399548799649892e-14,1.63202784619898e-14,True,True,True,True
1000,5,1,500,300,300,10.0,98.45829712226335,0.13667216579922029,1.84297022087776e-14,True,True,True,True
1000,5,2,500,300,300,10.0,42.510565480518586,0.11357955494278447,1.84297022087776e-14,True,True,True,True
1000,5,3,500,300,300,10.0,14.260608625206945,0.051854126823706645,1.84297022087776e-14,True,True,True,True
1000,5,4,500,300,300,10.0,3.6608556375748016,0.01424180989796986,1.84297022087776e-14,True,True,True,True
1000,5,5,500,300,300,10.0,0.7208789270768918,0.002661237173116532,1.84297022087776e-14,True,True,True,True
1000,5,6,500,300,300,10.0,0.11022431638192826,0.0003602644749476913,1.84297022087776e-14,True,True,True,True
1000,5,8,500,300,300,10.0,0.0012888004581051468,2.927640114419594e-06,1.84297022087776e-14,True,True,True,True
1000,5,10,500,300,300,10.0,6.679436201223302e-06,9.570099795963571e-09,1.84297022087776e-14,True,True,True,True
1000,5,12,500,300,300,10.0,1.7213743902467368e-08,1.5309545298158866e-11,1.84297022087776e-14,True,True,True,True
1000,5,16,500,300,300,10.0,1.9962848319421e-14,2.4397150966137815e-14,1.84297022087776e-14,True,True,True,False
1000,6,1,500,300,300,10.0,106.91584687026219,0.10100235546839413,1.5210055437364645e-14,True,True,True,True
1000,6,2,500,300,300,10.0,47.42410273129272,0.08800912782742536,1.5210055437364645e-14,True,True,True,True
1000,6,3,500,300,300,10.0,16.55137117571094,0.045303994717762065,1.5210055437364645e-14,True,True,True,True
1000,6,4,500,300,300,10.0,4.473910636431093,0.014221112207161157,1.5210055437364645e-14,True,True,True,True
1000,6,5,500,300,300,10.0,0.9370961053548438,0.0030674974910122055,1.5210055437364645e-14,True,True,True,True
1000,6,6,500,300,300,10.0,0.15364487531013477,0.0004834153702767685,1.5210055437364645e-14,True,True,True,True
1000,6,8,500,300,300,10.0,0.002101614624638999,5.412725000819574e-06,1.5210055437364645e-14,True,True,True,True
1000,6,10,500,300,300,10.0,1.293432787274103e-05,2.4703511569690306e-08,1.5210055437364645e-14,True,True,True,True
1000,6,12,500,300,300,10.0,3.994594412589295e-08,5.2937848549206024e-11,1.5210055437364645e-14,True,True,True,True
1000,6,16,500,300,300,10.0,6.756465393581626e-14,1.9817480989559044e-14,1.5210055437364645e-14,True,True,True,True
1000,7,1,500,300,300,10.0,95.30881839089464,0.11520421924070967,1.509903313490213e-14,True,True,True,True
1000,7,2,500,300,300,10.0,41.42160107188861,0.09414122427315544,1.509903313490213e-14,True,True,True,True
1000,7,3,500,300,300,10.0,14.029877220844313,0.041541171217590114,1.509903313490213e-14,True,True,True,True
1000,7,4,500,300,300,10.0,3.647103632611233,0.010962020069148579,1.509903313490213e-14,True,True,True,True
1000,7,5,500,300,300,10.0,0.7290179404597369,0.002018259469571612,1.509903313490213e-14,True,True,True,True
1000,7,6,500,300,300,10.0,0.1133706097437719,0.00030679943815951904,1.509903313490213e-14,True,True,True,True
1000,7,8,500,300,300,10.0,0.0013768278844381399,3.326585518850095e-06,1.509903313490213e-14,True,True,True,True
1000,7,10,500,300,300,10.0,7.43769452350821e-06,1.5262036547752933e-08,1.509903313490213e-14,True,True,True,True
1000,7,12,500,300,300,10.0,2.002188396375227e-08,3.1438272124484357e-11,1.509903313490213e-14,True,True,True,True
1000,7,16,500,300,300,10.0,2.5426059261976533e-14,1.9886869928598117e-14,1.509903313490213e-14,True,True,True,True
1000,8,1,500,300,300,10.0,127.06292883893867,0.10271110388585919,1.404432126150823e-14,True,True,True,True
1000,8,2,500,300,300,10.0,56.4625704517024,0.08602963228288694,1.404432126150823e-14,True,True,True,True
1000,8,3,500,300,300,10.0,19.758144899800918,0.03988241946634799,1.404432126150823e-14,True,True,True,True
1000,8,4,500,300,300,10.0,5.359216776014277,0.011561176784297383,1.404432126150823e-14,True,True,True,True
1000,8,5,500,300,300,10.0,1.1271969883316786,0.0024260174305298504,1.404432126150823e-14,True,True,True,True
1000,8,6,500,300,300,10.0,0.18568460676727586,0.000371355441925153,1.404432126150823e-14,True,True,True,True
1000,8,8,500,300,300,10.0,0.0025669342059960166,3.9587469728291635e-06,1.404432126150823e-14,True,True,True,True
1000,8,10,500,300,300,10.0,1.598325958074465e-05,1.7661746162800362e-08,1.404432126150823e-14,True,True,True,True
1000,8,12,500,300,300,10.0,4.997277910096688e-08,3.6539646308675344e-11,1.404432126150823e-14,True,True,True,True
1000,8,16,500,300,300,10.0,8.672339315972122e-14,1.8443579996585413e-14,1.404432126150823e-14,True,True,True,True
1000,9,1,500,300,300,10.0,106.42045838334157,0.14100744467985557,1.9595436384634013e-14,True,True,True,True
1000,9,2,500,300,300,10.0,46.6702862365031,0.11914605460639709,1.9595436384634013e-14,True,True,True,True
1000,9,3,500,300,300,10.0,16.01862896766262,0.056340669633124216,1.9595436384634013e-14,True,True,True,True
1000,9,4,500,300,300,10.0,4.2366458558575495,0.016063534671787033,1.9595436384634013e-14,True,True,True,True
1000,9,5,500,300,300,10.0,0.8645440555045993,0.0031202543114110526,1.9595436384634013e-14,True,True,True,True
1000,9,6,500,300,300,10.0,0.13762324810448984,0.00043956311886722554,1.9595436384634013e-14,True,True,True,True
1000,9,8,500,300,300,10.0,0.0017613604247469399,3.870320236826208e-06,1.9595436384634013e-14,True,True,True,True
1000,9,10,500,300,300,10.0,1.0077365046978882e-05,1.3682630334299617e-08,1.9595436384634013e-14,True,True,True,True
1000,9,12,500,300,300,10.0,2.8818153291124992e-08,2.24473495347155e-11,1.9595436384634013e-14,True,True,True,True
1000,9,16,500,300,300,10.0,4.151160783783847e-14,2.581268532253489e-14,1.9595436384634013e-14,True,True,True,True
1000,10,1,500,300,300,10.0,117.9821637694137,0.1259561289638277,1.63202784619898e-14,True,True,True,True
1000,10,2,500,300,300,10.0,51.4319810676901,0.10269611497549083,1.63202784619898e-14,True,True,True,True
1000,10,3,500,300,300,10.0,17.498601599937068,0.0451625699969494,1.63202784619898e-14,True,True,True,True
1000,10,4,500,300,300,10.0,4.575395856976917,0.01188504787000691,1.63202784619898e-14,True,True,True,True
1000,10,5,500,300,300,10.0,0.9209690217049342,0.0023647829064467607,1.63202784619898e-14,True,True,True,True
1000,10,6,500,300,300,10.0,0.1443528617507184,0.00034456091386467214,1.63202784619898e-14,True,True,True,True
1000,10,8,500,300,300,10.0,0.0017843315776755718,3.201428766405612e-06,1.63202784619898e-14,True,True,True,True
1000,10,10,500,300,300,10.0,9.827163085815898e-06,1.1813501496482637e-08,1.63202784619898e-14,True,True,True,True
1000,10,12,500,300,300,10.0,2.699769067037588e-08,2.0199161787637365e-11,1.63202784619898e-14,True,True,True,True
1000,10,16,500,300,300,10.0,3.576890076081616e-14,2.1566082253343666e-14,1.63202784619898e-14,True,True,True,True
1000,11,1,500,300,300,10.0,93.81059693879837,0.137651492145943,1.9317880628477724e-14,True,True,True,True
1000,11,2,500,300,300,10.0,41.804531009148,0.11667100524785712,1.9317880628477724e-14,True,True,True,True
1000,11,3,500,300,300,10.0,14.689654517392484,0.0558226046680049,1.9317880628477724e-14,True,True,True,True
1000,11,4,500,300,300,10.0,4.006084635572193,0.01619515303743664,1.9317880628477724e-14,True,True,True,True
1000,11,5,500,300,300,10.0,0.8480919473695078,0.0032212894872905573,1.9317880628477724e-14,True,True,True,True
1000,11,6,500,300,300,10.0,0.14074132366011616,0.0004680532003937532,1.9317880628477724e-14,True,True,True,True
1000,11,8,500,300,300,10.0,0.001978264655111851,5.432126510052093e-06,1.9317880628477724e-14,True,True,True,True
1000,11,10,500,300,300,10.0,1.2545230223783445e-05,2.5607161904805942e-08,1.9317880628477724e-14,True,True,True,True
1000,11,12,500,300,300,10.0,3.9988228274391354e-08,5.6268753545474226e-11,1.9317880628477724e-14,True,True,True,True
1000,11,16,500,300,300,10.0,7.22538172871395e-14,2.5424107263916085e-14,1.9317880628477724e-14,True,True,True,True
1000,12,1,500,300,300,10.0,109.13752687205323,0.13949077242811883,1.9539925233402755e-14,True,True,True,True
1000,12,2,500,300,300,10.0,48.04151979724446,0.11807901697268217,1.9539925233402755e-14,True,True,True,True
1000,12,3,500,300,300,10.0,16.580199507732328,0.056126790928366865,1.9539925233402755e-14,True,True,True,True
1000,12,4,500,300,300,10.0,4.416725059312223,0.016118569711047998,1.9539925233402755e-14,True,True,True,True
1000,12,5,500,300,300,10.0,0.9090635011254284,0.0031613280492393814,1.9539925233402755e-14,True,True,True,True
1000,12,6,500,300,300,10.0,0.14612269094567357,0.0004510376762714985,1.9539925233402755e-14,True,True,True,True
1000,12,8,500,300,300,10.0,0.0019114465228856107,4.11978197040197e-06,1.9539925233402755e-14,True,True,True,True
1000,12,10,500,300,300,10.0,1.1201197687291785e-05,1.5394278990443766e-08,1.9539925233402755e-14,True,True,True,True
1000,12,12,500,300,300,10.0,3.285071346886133e-08,2.731448400794534e-11,1.9539925233402755e-14,True,True,True,True
1000,12,16,500,300,300,10.0,4.9879058990207696e-14,2.5701663020072374e-14,1.9539925233402755e-14,True,True,True,True
1000,13,1,500,300,300,10.0,121.76077140037634,0.10349086527936868,1.5459855617905305e-14,True,True,True,True
1000,13,2,500,300,300,10.0,54.54444713047017,0.09041448701072642,1.5459855617905305e-14,True,True,True,True
1000,13,3,500,300,300,10.0,19.313807543725627,0.04613245978187703,1.5459855617905305e-14,True,True,True,True
1000,13,4,500,300,300,10.0,5.320153297147851,0.014335831899683099,1.5459855617905305e-14,True,True,True,True
1000,13,5,500,300,300,10.0,1.1399038540701474,0.0030592777562959,1.5459855617905305e-14,True,True,True,True
1000,13,6,500,300,300,10.0,0.19176606304738975,0.0004769227265046666,1.5459855617905305e-14,True,True,True,True
1000,13,8,500,300,300,10.0,0.0027797862939752623,5.236274844194755e-06,1.5459855617905305e-14,True,True,True,True
1000,13,10,500,300,300,10.0,1.8235969567339166e-05,2.35809449328217e-08,1.5459855617905305e-14,True,True,True,True
1000,13,12,500,300,300,10.0,6.024680287560161e-08,5.0336068646572585e-11,1.5459855617905305e-14,True,True,True,True
1000,13,16,500,300,300,10.0,1.1732340599622647e-13,2.030320356283255e-14,1.5459855617905305e-14,True,True,True,True
1000,14,1,500,300,300,10.0,90.09221367019417,0.12365681342193574,1.7819079545233762e-14,True,True,True,True
1000,14,2,500,300,300,10.0,40.030465547614,0.1058688911929449,1.7819079545233762e-14,True,True,True,True
1000,14,3,500,300,300,10.0,14.006184997988928,0.05182817449146901,1.7819079545233762e-14,True,True,True,True
1000,14,4,500,300,300,10.0,3.7984072346230775,0.01544859375030501,1.7819079545233762e-14,True,True,True,True
1000,14,5,500,300,300,10.0,0.7987517867673719,0.0031690880225177243,1.7819079545233762e-14,True,True,True,True
1000,14,6,500,300,300,10.0,0.1315491249641192,0.00047675105457825606,1.7819079545233762e-14,True,True,True,True
1000,14,8,500,300,300,10.0,0.0018176129077564665,4.957937367544574e-06,1.7819079545233762e-14,True,True,True,True
1000,14,10,500,300,300,10.0,1.1311084312214654e-05,2.1723190968270245e-08,1.7819079545233762e-14,True,True,True,True
1000,14,12,500,300,300,10.0,3.534360902685192e-08,4.821917691522071e-11,1.7819079545233762e-14,True,True,True,True
1000,14,16,500,300,300,10.0,6.125862252914812e-14,2.3314683517128287e-14,1.7819079545233762e-14,True,True,True,True
1000,15,1,500,300,300,10.0,103.90663443619833,0.13153819051300314,1.7486012637846216e-14,True,True,True,True
1000,15,2,500,300,300,10.0,45.70003863186551,0.10820620112689759,1.7486012637846216e-14,True,True,True,True
1000,15,3,500,300,300,10.0,15.752432092314727,0.048483970729794115,1.7486012637846216e-14,True,True,True,True
1000,15,4,500,300,300,10.0,4.189396646382454,0.013036504912925267,1.7486012637846216e-14,True,True,True,True
1000,15,5,500,300,300,10.0,0.8605949019770761,0.002404113738992422,1.7486012637846216e-14,True,True,True,True
1000,15,6,500,300,300,10.0,0.13802704140297592,0.0003541459536614,1.7486012637846216e-14,True,True,True,True
1000,15,8,500,300,300,10.0,0.0017966080120792015,3.4292790248718896e-06,1.7486012637846216e-14,True,True,True,True
1000,15,10,500,300,300,10.0,1.0471082484082426e-05,1.3466126463912431e-08,1.7486012637846216e-14,True,True,True,True
1000,15,12,500,300,300,10.0,3.053378331182274e-08,2.4885760119275346e-11,1.7486012637846216e-14,True,True,True,True
1000,15,16,500,300,300,10.0,4.580944921506023e-14,2.2926105458509483e-14,1.7486012637846216e-14,True,True,True,True
1000,16,1,500,300,300,10.0,115.72250621906831,0.10780494533987442,1.4627188349436437e-14,True,True,True,True
1000,16,2,500,300,300,10.0,50.31698078936917,0.08959370287547723,1.4627188349436437e-14,True,True,True,True
1000,16,3,500,300,300,10.0,17.0545253893143,0.04104750536180282,1.4627188349436437e-14,True,True,True,True
1000,16,4,500,300,300,10.0,4.437333738888093,0.011331493423337821,1.4627188349436437e-14,True,True,True,True
1000,16,5,500,300,300,10.0,0.8879249722766053,0.0022300559096744416,1.4627188349436437e-14,True,True,True,True
1000,16,6,500,300,300,10.0,0.13824918323018034,0.0003338523321138598,1.4627188349436437e-14,True,True,True,True
1000,16,8,500,300,300,10.0,0.0016835168137833334,3.316266212208263e-06,1.4627188349436437e-14,True,True,True,True
1000,16,10,500,300,300,10.0,9.121416736531083e-06,1.3255386163701921e-08,1.4627188349436437e-14,True,True,True,True
1000,16,12,500,300,300,10.0,2.4630992409068505e-08,2.4790669517216202e-11,1.4627188349436437e-14,True,True,True,True
1000,16,16,500,300,300,10.0,3.148292860663614e-14,1.924849168943865e-14,1.4627188349436437e-14,True,True,True,True
1000,17,1,500,300,300,10.0,96.32434097691859,0.15347810611162588,2.148281552649678e-14,True,True,True,True
1000,17,2,500,300,300,10.0,42.200532710199724,0.13021497577890687,2.148281552649678e-14,True,True,True,True
1000,17,3,500,300,300,10.0,14.463272808082138,0.06228175284372972,2.148281552649678e-14,True,True,True,True
1000,17,4,500,300,300,10.0,3.817983425110827,0.018028536867719602,2.148281552649678e-14,True,True,True,True
1000,17,5,500,300,300,10.0,0.7773314069357904,0.0035694665245358526,2.148281552649678e-14,True,True,True,True
1000,17,6,500,300,300,10.0,0.12342074026033605,0.0005147800649136225,2.148281552649678e-14,True,True,True,True
1000,17,8,500,300,300,10.0,0.0015704383196770558,4.817343169011279e-06,2.148281552649678e-14,True,True,True,True
1000,17,10,500,300,300,10.0,8.927993951922003e-06,1.8471499441119477e-08,2.148281552649678e-14,True,True,True,True
1000,17,12,500,300,300,10.0,2.536063108534763e-08,3.7043153267024564e-11,2.148281552649678e-14,True,True,True,True
1000,17,16,500,300,300,10.0,3.602363570659819e-14,2.8171909249863347e-14,2.148281552649678e-14,True,True,True,True
1000,18,1,500,300,300,10.0,113.16707576753315,0.16756025426745388,2.4147350785597155e-14,True,True,True,True
1000,18,2,500,300,300,10.0,49.7433869626892,0.1441657219946039,2.4147350785597155e-14,True,True,True,True
1000,18,3,500,300,300,10.0,17.131198581111864,0.07076297997546313,2.4147350785597155e-14,True,True,True,True
1000,18,4,500,300,300,10.0,4.550906043077746,0.020997919888444544,2.4147350785597155e-14,True,True,True,True
1000,18,5,500,300,300,10.0,0.933584872331344,0.00425163013859256,2.4147350785597155e-14,True,True,True,True
1000,18,6,500,300,300,10.0,0.14950306283176293,0.0006250468853598867,2.4147350785597155e-14,True,True,True,True
1000,18,8,500,300,300,10.0,0.0019392514305277483,6.007758582837752e-06,2.4147350785597155e-14,True,True,True,True
1000,18,10,500,300,300,10.0,1.1259568676990952e-05,2.327957016046156e-08,2.4147350785597155e-14,True,True,True,True
1000,18,12,500,300,300,10.0,3.270178956219309e-08,4.217501348158237e-11,2.4147350785597155e-14,True,True,True,True
1000,18,16,500,300,300,10.0,4.865379336667395e-14,3.169686735304822e-14,2.4147350785597155e-14,True,True,True,True
1000,19,1,500,300,300,10.0,108.16384093358701,0.11071378860269789,1.559863349598345e-14,True,True,True,True
1000,19,2,500,300,300,10.0,47.54218752081279,0.09365044115320266,1.559863349598345e-14,True,True,True,True
1000,19,3,500,300,300,10.0,16.372117423555192,0.04450770058740733,1.559863349598345e-14,True,True,True,True
1000,19,4,500,300,300,10.0,4.3489072696921465,0.012790459007720578,1.559863349598345e-14,True,True,True,True
1000,19,5,500,300,300,10.0,0.8920606426797488,0.0025116986131468177,1.559863349598345e-14,True,True,True,True
1000,19,6,500,300,300,10.0,0.14283790626032336,0.00035880494721098055,1.559863349598345e-14,True,True,True,True
1000,19,8,500,300,300,10.0,0.0018523428397038144,3.2748337098348346e-06,1.559863349598345e-14,True,True,True,True
1000,19,10,500,300,300,10.0,1.075208324574177e-05,1.2089907103218778e-08,1.559863349598345e-14,True,True,True,True
1000,19,12,500,300,300,10.0,3.121905489009026e-08,2.3264598580929885e-11,1.559863349598345e-14,True,True,True,True
1000,19,16,500,300,300,10.0,4.6420419187438923e-14,2.0386470289679437e-14,1.559863349598345e-14,True,True,True,True
1000,20,1,500,300,300,10.0,80.26593231223133,0.19159175453691757,2.609024107869118e-14,True,True,True,True
1000,20,2,500,300,300,10.0,34.59596092692459,0.16010169913609532,2.609024107869118e-14,True,True,True,True
1000,20,3,500,300,300,10.0,11.576141416451705,0.07414959335136735,2.609024107869118e-14,True,True,True,True
1000,20,4,500,300,300,10.0,2.961919713795498,0.020710954002581078,2.609024107869118e-14,True,True,True,True
1000,20,5,500,300,300,10.0,0.580951446666531,0.003947255928493154,2.609024107869118e-14,True,True,True,True
1000,20,6,500,300,300,10.0,0.08843475276900035,0.0005471100023875797,2.609024107869118e-14,True,True,True,True
1000,20,8,500,300,300,10.0,0.0010237742285485042,4.723169595988175e-06,2.609024107869118e-14,True,True,True,True
1000,20,10,500,300,300,10.0,5.248467899859999e-06,1.6749164721829857e-08,2.609024107869118e-14,True,True,True,True
1000,20,12,500,300,300,10.0,1.3372173127733972e-08,2.8361091253259474e-11,2.609024107869118e-14,True,True,True,True
1000,20,16,500,300,300,10.0,1.5142996866143903e-14,3.441691376337985e-14,2.609024107869118e-14,True,False,True,False
1000,21,1,500,300,300,10.0,139.88671140003424,0.14075279534229368,1.9484414082171497e-14,True,True,True,True
1000,21,2,500,300,300,10.0,61.845927245103596,0.11854711270826872,1.9484414082171497e-14,True,True,True,True
1000,21,3,500,300,300,10.0,21.481264938631593,0.055641573335343614,1.9484414082171497e-14,True,True,True,True
1000,21,4,500,300,300,10.0,5.770202869280531,0.015722904229495266,1.9484414082171497e-14,True,True,True,True
1000,21,5,500,300,300,10.0,1.1995649025264534,0.003022137299133698,1.9484414082171497e-14,True,True,True,True
1000,21,6,500,300,300,10.0,0.19501119488876364,0.00042053025807878286,1.9484414082171497e-14,True,True,True,True
1000,21,8,500,300,300,10.0,0.0026167502063672732,3.5898878097406772e-06,1.9484414082171497e-14,True,True,True,True
1000,21,10,500,300,300,10.0,1.5768875888686544e-05,1.4528853300999067e-08,1.9484414082171497e-14,True,True,True,True
1000,21,12,500,300,300,10.0,4.762943133321918e-08,2.828859368975145e-11,1.9484414082171497e-14,True,True,True,True
1000,21,16,500,300,300,10.0,7.690561037690206e-14,2.5618396293225487e-14,1.9484414082171497e-14,True,True,True,True
1000,22,1,500,300,300,10.0,89.55818108030643,0.11061011602024423,1.5432100042289676e-14,True,True,True,True
1000,22,2,500,300,300,10.0,39.240246522097166,0.09378062108891523,1.5432100042289676e-14,True,True,True,True
1000,22,3,500,300,300,10.0,13.450728406598083,0.044776934624383175,1.5432100042289676e-14,True,True,True,True
1000,22,4,500,300,300,10.0,3.5513915236920215,0.012934925815368661,1.5432100042289676e-14,True,True,True,True
1000,22,5,500,300,300,10.0,0.7232239818149785,0.0025554267729995805,1.5432100042289676e-14,True,True,True,True
1000,22,6,500,300,300,10.0,0.1148603652385501,0.000367775268722656,1.5432100042289676e-14,True,True,True,True
1000,22,8,500,300,300,10.0,0.0014623872564451948,3.4323805310348954e-06,1.5432100042289676e-14,True,True,True,True
1000,22,10,500,300,300,10.0,8.319164654134861e-06,1.3177183399992742e-08,1.5432100042289676e-14,True,True,True,True
1000,22,12,500,300,300,10.0,2.3647505107992656e-08,2.4167681744735603e-11,1.5432100042289676e-14,True,True,True,True
1000,22,16,500,300,300,10.0,3.363855625240681e-14,2.0386470289679437e-14,1.5432100042289676e-14,True,True,True,True
1000,23,1,500,300,300,10.0,131.513161484154,0.09797384660139108,1.3489209749195652e-14,True,True,True,True
1000,23,2,500,300,300,10.0,57.22269031859339,0.08252471524118515,1.3489209749195652e-14,True,True,True,True
1000,23,3,500,300,300,10.0,19.414997214081115,0.038758572813388285,1.3489209749195652e-14,True,True,True,True
1000,23,4,500,300,300,10.0,5.058224470937378,0.01096383277646805,1.3489209749195652e-14,True,True,True,True
1000,23,5,500,300,300,10.0,1.0137797931136106,0.002110583639096275,1.3489209749195652e-14,True,True,True,True
1000,23,6,500,300,300,10.0,0.15812870609210108,0.0002984588520169029,1.3489209749195652e-14,True,True,True,True
1000,23,8,500,300,300,10.0,0.0019333815524050682,2.8808772156996287e-06,1.3489209749195652e-14,True,True,True,True
1000,23,10,500,300,300,10.0,1.0521537167552425e-05,1.131727499215085e-08,1.3489209749195652e-14,True,True,True,True
1000,23,12,500,300,300,10.0,2.8544036592024618e-08,2.095336404384085e-11,1.3489209749195652e-14,True,True,True,True
1000,23,16,500,300,300,10.0,3.6839236486471874e-14,1.7735812818386876e-14,1.3489209749195652e-14,True,True,True,True
1000,24,1,500,300,300,10.0,98.2794279848114,0.10421989623756724,1.2739809207573671e-14,True,True,True,True
1000,24,2,500,300,300,10.0,41.9311326029347,0.0821874244227161,1.2739809207573671e-14,True,True,True,True
1000,24,3,500,300,300,10.0,13.822194255207698,0.03373500318607013,1.2739809207573671e-14,True,True,True,True
1000,24,4,500,300,300,10.0,3.4684521537621564,0.009409238069714748,1.2739809207573671e-14,True,True,True,True
1000,24,5,500,300,300,10.0,0.6646980003457559,0.0018107560880411544,1.2739809207573671e-14,True,True,True,True
1000,24,6,500,300,300,10.0,0.09857221284885885,0.0002522355461439668,1.2739809207573671e-14,True,True,True,True
1000,24,8,500,300,300,10.0,0.0010763206344178754,2.1835845984974345e-06,1.2739809207573671e-14,True,True,True,True
1000,24,10,500,300,300,10.0,5.1769084745897945e-06,7.964893335155043e-09,1.2739809207573671e-14,True,True,True,True
1000,24,12,500,300,300,10.0,1.2335463677604513e-08,1.3245904373349049e-11,1.2739809207573671e-14,True,True,True,True
1000,24,16,500,300,300,10.0,1.2152545524173085e-14,1.687538997430238e-14,1.2739809207573671e-14,True,False,True,False
