d,target_lambda,gamma_times_d,instance,m_q,m_budget_eps,lambda_max,A_max,max_abs_phi,certified,observed,floor,rounding_noise,above_floor,informative,holds,holds_strict,ratio,m_over_lambda
100,40.0,29.145733740690048,0,2,13,40.83277746207027,172.14430848961942,1.053402834163789,618.1996888805432,1.0383311674843458,1.7186252421197423e-13,8.593126210598712e-14,True,True,True,True,595.3781493223485,0.048980258613507445
100,40.0,29.145733740690048,0,3,13,40.83277746207027,172.14430848961942,1.053402834163789,313.48885714212895,0.8132659827344089,1.7186252421197423e-13,8.593126210598712e-14,True,True,True,True,385.4690394009829,0.07347038792026117
100,40.0,29.145733740690048,0,4,13,40.83277746207027,172.14430848961942,1.053402834163789,138.35465354871704,0.42593881953073354,1.7186252421197423e-13,8.593126210598712e-14,True,True,True,True,324.8228318356742,0.09796051722701489
100,40.0,29.145733740690048,0,7,13,40.83277746207027,172.14430848961942,1.053402834163789,4.884576873510217,0.009970447705612395,1.7186252421197423e-13,8.593126210598712e-14,True,True,True,True,489.90547041941494,0.17143090514727607
100,40.0,29.145733740690048,0,10,13,40.83277746207027,172.14430848961942,1.053402834163789,0.04612125019756988,2.7624592360719902e-05,1.7186252421197423e-13,8.593126210598712e-14,True,True,True,True,1669.5721549596815,0.24490129306753725
100,40.0,29.145733740690048,0,15,13,40.83277746207027,172.14430848961942,1.053402834163789,1.436425022432368e-06,4.108441364891746e-11,1.7186252421197423e-13,8.593126210598712e-14,True,True,True,True,34962.772858514836,0.36735193960130585
100,40.0,29.145733740690048,0,22,13,40.83277746207027,172.14430848961942,1.053402834163789,8.191146328069384e-15,3.5083047578154947e-14,1.7186252421197423e-13,8.593126210598712e-14,False,False,True,False,0.23347875665082585,0.538782844748582
100,40.0,29.145733740690048,0,33,13,40.83277746207027,172.14430848961942,1.053402834163789,3.549566543540822e-31,2.2648549702353193e-14,1.7186252421197423e-13,8.593126210598712e-14,False,False,True,False,1.5672378983154143e-17,0.8081742671228729
100,40.0,29.145733740690048,0,49,13,40.83277746207027,172.14430848961942,1.053402834163789,2.88332934046456e-60,9.08162434143378e-14,1.7186252421197423e-13,8.593126210598712e-14,False,False,True,False,3.1749048761131076e-47,1.2000163360309324
100,40.0,29.145733740690048,1,2,12,37.17731908642496,152.77592857008193,1.4444732108737814,500.3263650536128,1.403175671394942,2.1005419625907962e-13,1.0502709812953981e-13,True,True,True,True,356.56716065795405,0.053796240534468395
100,40.0,29.145733740690048,1,3,12,37.17731908642496,152.77592857008193,1.4444732108737814,242.3304294257651,0.9981725789067589,2.1005419625907962e-13,1.0502709812953981e-13,True,True,True,True,242.77407990026703,0.0806943608017026
100,40.0,29.145733740690048,1,4,12,37.17731908642496,152.77592857008193,1.4444732108737814,100.70550055144679,0.45507614010619435,2.1005419625907962e-13,1.0502709812953981e-13,True,True,True,True,221.2937389509075,0.10759248106893679
100,40.0,29.145733740690048,1,7,12,37.17731908642496,152.77592857008193,1.4444732108737814,2.7372846376753825,0.006096385820836936,2.1005419625907962e-13,1.0502709812953981e-13,True,True,True,True,449.00121450968095,0.1882868418706394
100,40.0,29.145733740690048,1,10,12,37.17731908642496,152.77592857008193,1.4444732108737814,0.018075755486149363,7.869902830526243e-06,2.1005419625907962e-13,1.0502709812953981e-13,True,True,True,True,2296.8206692509666,0.268981202672342
100,40.0,29.145733740690048,1,15,12,37.17731908642496,152.77592857008193,1.4444732108737814,2.725770609020172e-07,4.2965075941481246e-12,2.1005419625907962e-13,1.0502709812953981e-13,True,True,True,True,63441.54058362871,0.403471804008513
100,40.0,29.145733740690048,1,22,12,37.17731908642496,152.77592857008193,1.4444732108737814,4.916168096095799e-16,4.085620730620576e-14,2.1005419625907962e-13,1.0502709812953981e-13,False,False,True,False,0.012032854785689,0.5917586458791524
100,40.0,29.145733740690048,1,33,12,37.17731908642496,152.77592857008193,1.4444732108737814,3.0717771084252833e-33,2.6201263381153694e-14,2.1005419625907962e-13,1.0502709812953981e-13,False,False,True,False,1.1723774780397733e-19,0.8876379688187286
100,40.0,29.145733740690048,1,49,12,37.17731908642496,152.77592857008193,1.4444732108737814,1.3527240075534416e-63,1.0969003483296547e-13,2.1005419625907962e-13,1.0502709812953981e-13,False,False,True,False,1.233224157156438e-50,1.3180078930944759
100,40.0,29.145733740690048,2,2,13,42.89989366070055,179.83067714935044,0.9625517088185911,677.1769567229143,0.9520099030945229,1.6497914145929826e-13,8.248957072964913e-14,True,True,True,True,711.3129333232145,0.04662016218077824
100,40.0,29.145733740690048,2,3,13,42.89989366070055,179.83067714935044,0.9625517088185911,351.3315433914958,0.7699057638958448,1.6497914145929826e-13,8.248957072964913e-14,True,True,True,True,456.3305794902778,0.06993024327116737
100,40.0,29.145733740690048,2,4,13,42.89989366070055,179.83067714935044,0.9625517088185911,159.75713213831526,0.4243630869865479,1.6497914145929826e-13,8.248957072964913e-14,True,True,True,True,376.46330945693086,0.09324032436155648
100,40.0,29.145733740690048,2,7,13,42.89989366070055,179.83067714935044,0.9625517088185911,6.425728924977707,0.012192187933526166,1.6497914145929826e-13,8.248957072964913e-14,True,True,True,True,527.0365712874382,0.16317056763272386
100,40.0,29.145733740690048,2,10,13,42.89989366070055,179.83067714935044,0.9625517088185911,0.07266364217359732,4.474693073686087e-05,1.6497914145929826e-13,8.248957072964913e-14,True,True,True,True,1623.8799170585278,0.2331008109038912
100,40.0,29.145733740690048,2,15,13,42.89989366070055,179.83067714935044,0.9625517088185911,3.278945661016892e-06,9.332179473631186e-11,1.6497914145929826e-13,8.248957072964913e-14,True,True,True,True,35135.904429204485,0.3496512163558368
100,40.0,29.145733740690048,2,22,13,42.89989366070055,179.83067714935044,0.9625517088185911,3.3925763571574034e-14,3.241851231905457e-14,1.6497914145929826e-13,8.248957072964913e-14,False,False,True,True,1.046493535473975,0.5128217839885607
100,40.0,29.145733740690048,2,33,13,42.89989366070055,179.83067714935044,0.9625517088185911,4.039043166262042e-30,2.1538326677728037e-14,1.6497914145929826e-13,8.248957072964913e-14,False,False,True,False,1.8752817833516578e-16,0.769232675982841
100,40.0,29.145733740690048,2,49,13,42.89989366070055,179.83067714935044,0.9625517088185911,1.5125488434263707e-58,8.659739592076221e-14,1.6497914145929826e-13,8.248957072964913e-14,False,False,True,False,1.7466447199063276e-45,1.142193973429067
100,40.0,29.145733740690048,3,2,13,42.84237097628373,176.41865458021482,0.7509385045523078,663.4792747910342,0.7438752578653046,1.2989609388114332e-13,6.494804694057166e-14,True,True,True,True,891.9227622854638,0.046682757149625095
100,40.0,29.145733740690048,3,3,13,42.84237097628373,176.41865458021482,0.7509385045523078,344.0153545135042,0.6091807557345923,1.2989609388114332e-13,6.494804694057166e-14,True,True,True,True,564.7180270799373,0.07002413572443764
100,40.0,29.145733740690048,3,4,13,42.84237097628373,176.41865458021482,0.7509385045523078,156.30591867270022,0.34180123288697944,1.2989609388114332e-13,6.494804694057166e-14,True,True,True,True,457.30062865040804,0.09336551429925019
100,40.0,29.145733740690048,3,7,13,42.84237097628373,176.41865458021482,0.7509385045523078,6.265090207876715,0.010355401030786027,1.2989609388114332e-13,6.494804694057166e-14,True,True,True,True,605.0070093133962,0.16338965002368783
100,40.0,29.145733740690048,3,10,13,42.84237097628373,176.41865458021482,0.7509385045523078,0.07050595779364649,3.858849413407306e-05,1.2989609388114332e-13,6.494804694057166e-14,True,True,True,True,1827.123845483019,0.23341378574812546
100,40.0,29.145733740690048,3,15,13,42.84237097628373,176.41865458021482,0.7509385045523078,3.150018284932119e-06,1.3150074432144443e-10,1.2989609388114332e-13,6.494804694057166e-14,True,True,True,True,23954.376084990956,0.3501206786221882
100,40.0,29.145733740690048,3,22,13,42.84237097628373,176.41865458021482,0.7509385045523078,3.207172280318324e-14,2.6867397195928788e-14,1.2989609388114332e-13,6.494804694057166e-14,False,False,True,True,1.193704122855751,0.513510328645876
100,40.0,29.145733740690048,3,33,13,42.84237097628373,176.41865458021482,0.7509385045523078,3.7152213685293875e-30,1.7763568394002505e-14,1.2989609388114332e-13,6.494804694057166e-14,False,False,True,False,2.0914836963634817e-16,0.7702654929688141
100,40.0,29.145733740690048,3,49,13,42.84237097628373,176.41865458021482,0.7509385045523078,1.3347842823419187e-58,6.861178292183467e-14,1.2989609388114332e-13,6.494804694057166e-14,False,False,True,False,1.9454155328721876e-45,1.1437275501658148
100,40.0,29.145733740690048,4,2,12,37.95381624000058,183.08568353540846,0.9176622380922462,612.0448130785064,0.8986741070935185,1.4299672557172016e-13,7.149836278586008e-14,True,True,True,True,681.0531295465659,0.052695623210931415
100,40.0,29.145733740690048,4,3,12,37.95381624000058,183.08568353540846,0.9176622380922462,299.5435698390274,0.6776138254792403,1.4299672557172016e-13,7.149836278586008e-14,True,True,True,True,442.0564613291001,0.07904343481639711
100,40.0,29.145733740690048,4,4,12,37.95381624000058,183.08568353540846,0.9176622380922462,126.19341643302113,0.3381705727265709,1.4299672557172016e-13,7.149836278586008e-14,True,True,True,True,373.16498421361837,0.10539124642186283
100,40.0,29.145733740690048,4,7,12,37.95381624000058,183.08568353540846,0.9176622380922462,3.639339964295536,0.006850008200642965,1.4299672557172016e-13,7.149836278586008e-14,True,True,True,True,531.2898696900735,0.18443468123825993
100,40.0,29.145733740690048,4,10,12,37.95381624000058,183.08568353540846,0.9176622380922462,0.026047182586107612,1.6331861413032556e-05,1.4299672557172016e-13,7.149836278586008e-14,True,True,True,True,1594.8691901905554,0.26347811605465704
100,40.0,29.145733740690048,4,15,12,37.95381624000058,183.08568353540846,0.9176622380922462,4.619338322324551e-07,1.0164979968863008e-11,1.4299672557172016e-13,7.149836278586008e-14,True,True,True,True,45443.65396168352,0.3952171740819856
100,40.0,29.145733740690048,4,22,12,37.95381624000058,183.08568353540846,0.9176622380922462,1.0760158319305565e-15,2.9531932455029164e-14,1.4299672557172016e-13,7.149836278586008e-14,False,False,True,False,0.03643567293027976,0.5796518553202455
100,40.0,29.145733740690048,4,33,12,37.95381624000058,183.08568353540846,0.9176622380922462,1.0321675836936672e-32,1.8984813721090177e-14,1.4299672557172016e-13,7.149836278586008e-14,False,False,True,False,5.436806485738836e-19,0.8694777829803683
100,40.0,29.145733740690048,4,49,12,37.95381624000058,183.08568353540846,0.9176622380922462,8.652685127917963e-63,7.438494264988549e-14,1.4299672557172016e-13,7.149836278586008e-14,False,False,True,False,1.1632307318759871e-49,1.2910427686678196
100,40.0,29.145733740690048,5,2,12,37.73429919245853,177.28084041922568,1.1464894447123104,589.238102723258,1.1203214715784786,1.7541523789077473e-13,8.770761894538737e-14,True,True,True,True,525.9544850935063,0.05300217687359924
100,40.0,29.145733740690048,5,3,12,37.73429919245853,177.28084041922568,1.1464894447123104,287.5451516944826,0.8314670087126701,1.7541523789077473e-13,8.770761894538737e-14,True,True,True,True,345.82869636605096,0.07950326531039886
100,40.0,29.145733740690048,5,4,12,37.73429919245853,177.28084041922568,1.1464894447123104,120.67807318924949,0.4078079841108968,1.7541523789077473e-13,8.770761894538737e-14,True,True,True,True,295.9188586078124,0.10600435374719848
100,40.0,29.145733740690048,5,7,12,37.73429919245853,177.28084041922568,1.1464894447123104,3.42323590896202,0.007832443553174029,1.7541523789077473e-13,8.770761894538737e-14,True,True,True,True,437.0584844591422,0.18550761905759736
100,40.0,29.145733740690048,5,10,12,37.73429919245853,177.28084041922568,1.1464894447123104,0.02395553566513704,1.622667478362594e-05,1.7541523789077473e-13,8.770761894538737e-14,True,True,True,True,1476.3058965913438,0.2650108843679962
100,40.0,29.145733740690048,5,15,12,37.73429919245853,177.28084041922568,1.1464894447123104,4.059928288473901e-07,8.84192719041721e-12,1.7541523789077473e-13,8.770761894538737e-14,True,True,True,True,45916.780369714084,0.3975163265519943
100,40.0,29.145733740690048,5,22,12,37.73429919245853,177.28084041922568,1.1464894447123104,8.803011099462736e-16,3.6415315207705135e-14,1.7541523789077473e-13,8.770761894538737e-14,False,False,True,False,0.02417392530931629,0.5830239456095917
100,40.0,29.145733740690048,5,33,12,37.73429919245853,177.28084041922568,1.1464894447123104,7.487983307757393e-33,2.398081733190338e-14,1.7541523789077473e-13,8.770761894538737e-14,False,False,True,False,3.122488780978953e-19,0.8745359184143875
100,40.0,29.145733740690048,5,49,12,37.73429919245853,177.28084041922568,1.1464894447123104,5.240135784093451e-63,9.281464485866309e-14,1.7541523789077473e-13,8.770761894538737e-14,False,False,True,False,5.645807072874179e-50,1.2985533334031814
100,40.0,29.145733740690048,6,2,12,40.68794537420877,151.8423834106235,1.0037936582778832,543.418326694997,0.9906468296064479,1.6786572132332367e-13,8.393286066166183e-14,True,True,True,True,548.5489989514018,0.049154607872329614
100,40.0,29.145733740690048,6,3,12,40.68794537420877,151.8423834106235,1.0037936582778832,275.10516772446215,0.7865731087816469,1.6786572132332367e-13,8.393286066166183e-14,True,True,True,True,349.7515547545009,0.07373191180849442
100,40.0,29.145733740690048,6,4,12,40.68794537420877,151.8423834106235,1.0037936582778832,121.14811347310138,0.42147923313814606,1.6786572132332367e-13,8.393286066166183e-14,True,True,True,True,287.43554592497156,0.09830921574465923
100,40.0,29.145733740690048,6,7,12,40.68794537420877,151.8423834106235,1.0037936582778832,4.2363510974820615,0.010857127169266456,1.6786572132332367e-13,8.393286066166183e-14,True,True,True,True,390.190796463544,0.17204112755315365
100,40.0,29.145733740690048,6,10,12,40.68794537420877,151.8423834106235,1.0037936582778832,0.039476487964561796,3.4149216956436135e-05,1.6786572132332367e-13,8.393286066166183e-14,True,True,True,True,1155.9997997881362,0.2457730393616481
100,40.0,29.145733740690048,6,15,12,40.68794537420877,151.8423834106235,1.0037936582778832,1.1967474052426e-06,4.02409217059585e-11,1.6786572132332367e-13,8.393286066166183e-14,True,True,True,True,29739.56247789913,0.3686595590424721
100,40.0,29.145733740690048,6,22,12,40.68794537420877,151.8423834106235,1.0037936582778832,6.536173058993136e-15,3.397282455352979e-14,1.6786572132332367e-13,8.393286066166183e-14,False,False,True,False,0.19239416047653962,0.5407006865956258
100,40.0,29.145733740690048,6,33,12,40.68794537420877,151.8423834106235,1.0037936582778832,2.633074097346907e-31,2.220446049250313e-14,1.6786572132332367e-13,8.393286066166183e-14,False,False,True,False,1.1858311523650436e-17,0.8110510298934387
100,40.0,29.145733740690048,6,49,12,40.68794537420877,151.8423834106235,1.0037936582778832,1.915784826327574e-60,8.837375276016246e-14,1.6786572132332367e-13,8.393286066166183e-14,False,False,True,False,2.167821062806762e-47,1.2042878928720757
100,40.0,29.145733740690048,7,2,12,38.17002654048072,153.69569632523155,1.0736434967140969,516.6946723362491,1.0560999252022016,1.7275070263167436e-13,8.637535131583718e-14,True,True,True,True,489.2479016484377,0.05239713411985518
100,40.0,29.145733740690048,7,3,12,38.17002654048072,153.69569632523155,1.0736434967140969,253.59495932313223,0.8107368364000298,1.7275070263167436e-13,8.637535131583718e-14,True,True,True,True,312.79565444341625,0.07859570117978276
100,40.0,29.145733740690048,7,4,12,38.17002654048072,153.69569632523155,1.0736434967140969,107.2333529509875,0.4102768170896184,1.7275070263167436e-13,8.637535131583718e-14,True,True,True,True,261.36829692613145,0.10479426823971036
100,40.0,29.145733740690048,7,7,12,38.17002654048072,153.69569632523155,1.0736434967140969,3.142786006447042,0.00811157803935414,1.7275070263167436e-13,8.637535131583718e-14,True,True,True,True,387.44446409804584,0.18338996941949312
100,40.0,29.145733740690048,7,10,12,38.17002654048072,153.69569632523155,1.0736434967140969,0.022992609543986273,1.6553870219260247e-05,1.7275070263167436e-13,8.637535131583718e-14,True,True,True,True,1388.9567357628928,0.2619856705992759
100,40.0,29.145733740690048,7,15,12,38.17002654048072,153.69569632523155,1.0736434967140969,4.262489273139512e-07,7.2089001434960664e-12,1.7275070263167436e-13,8.637535131583718e-14,True,True,True,True,59128.14976338891,0.3929785058989138
100,40.0,29.145733740690048,7,22,12,38.17002654048072,153.69569632523155,1.0736434967140969,1.0649893721720239e-15,3.4861002973229915e-14,1.7275070263167436e-13,8.637535131583718e-14,False,False,True,False,0.030549590698518887,0.576368475318407
100,40.0,29.145733740690048,7,33,12,38.17002654048072,153.69569632523155,1.0736434967140969,1.149108484674819e-32,2.2870594307278225e-14,1.7275070263167436e-13,8.637535131583718e-14,False,False,True,False,5.024392760572612e-19,0.8645527129776104
100,40.0,29.145733740690048,7,49,12,38.17002654048072,153.69569632523155,1.0736434967140969,1.1495756167313975e-62,8.859579736508749e-14,1.7275070263167436e-13,8.637535131583718e-14,False,False,True,False,1.297550957179381e-49,1.2837297859364518
100,40.0,29.145733740690048,8,2,11,34.350496755350306,137.37095242366865,1.1803957664082962,415.2900767417085,1.1450771164081148,1.674216321134736e-13,8.37108160567368e-14,True,True,True,True,362.67433065503315,0.05822332102631055
100,40.0,29.145733740690048,8,3,11,34.350496755350306,137.37095242366865,1.1803957664082962,192.9780504262425,0.8127530927366295,1.674216321134736e-13,8.37108160567368e-14,True,True,True,True,237.43748519795116,0.08733498153946584
100,40.0,29.145733740690048,8,4,11,34.350496755350306,137.37095242366865,1.1803957664082962,75.94876958502562,0.3704099141874685,1.674216321134736e-13,8.37108160567368e-14,True,True,True,True,205.03978612890776,0.1164466420526211
100,40.0,29.145733740690048,8,7,11,34.350496755350306,137.37095242366865,1.1803957664082962,1.6320477018724973,0.0049763518461458656,1.674216321134736e-13,8.37108160567368e-14,True,True,True,True,327.96067326640133,0.20378162359208693
100,40.0,29.145733740690048,8,10,11,34.350496755350306,137.37095242366865,1.1803957664082962,0.007852095954834062,6.13040155550415e-06,1.674216321134736e-13,8.37108160567368e-14,True,True,True,True,1280.8452894548316,0.2911166051315528
100,40.0,29.145733740690048,8,15,11,34.350496755350306,137.37095242366865,1.1803957664082962,6.294620750651323e-08,1.0982326159592048e-12,1.674216321134736e-13,8.37108160567368e-14,True,True,True,True,57315.91521850362,0.43667490769732914
100,40.0,29.145733740690048,8,22,11,34.350496755350306,137.37095242366865,1.1803957664082962,4.223192007152343e-17,3.352873534367973e-14,1.674216321134736e-13,8.37108160567368e-14,False,False,True,False,0.0012595739039553211,0.6404565312894162
100,40.0,29.145733740690048,8,33,11,34.350496755350306,137.37095242366865,1.1803957664082962,5.074796177003584e-35,2.19824158875781e-14,1.674216321134736e-13,8.37108160567368e-14,False,False,True,False,2.3085707244176325e-21,0.9606847969341241
100,40.0,29.145733740690048,8,49,11,34.350496755350306,137.37095242366865,1.1803957664082962,1.8922131466751766e-66,8.681944052568724e-14,1.674216321134736e-13,8.37108160567368e-14,False,False,True,False,2.1794809264122452e-53,1.4264713651446086
100,40.0,29.145733740690048,9,2,12,39.52972663667574,178.16481431168347,0.9419020284084586,619.9412244371894,0.9215591513959331,1.4654943925052066e-13,7.327471962526033e-14,True,True,True,True,672.7090968584408,0.050594835081515514
100,40.0,29.145733740690048,9,3,12,39.52972663667574,178.16481431168347,0.9419020284084586,309.53869254083037,0.6923880529370857,1.4654943925052066e-13,7.327471962526033e-14,True,True,True,True,447.0595516889382,0.07589225262227327
100,40.0,29.145733740690048,9,4,12,39.52972663667574,178.16481431168347,0.9419020284084586,133.86819322376903,0.344734695986637,1.4654943925052066e-13,7.327471962526033e-14,True,True,True,True,388.32236726458825,0.10118967016303103
100,40.0,29.145733740690048,9,7,12,39.52972663667574,178.16481431168347,0.9419020284084586,4.326533175214855,0.0071074107564131905,1.4654943925052066e-13,7.327471962526033e-14,True,True,True,True,608.7354908130106,0.1770819227853043
100,40.0,29.145733740690048,9,10,12,39.52972663667574,178.16481431168347,0.9419020284084586,0.036180815460065276,1.8987394001745983e-05,1.4654943925052066e-13,7.327471962526033e-14,True,True,True,True,1905.5177059441794,0.25297417540757755
100,40.0,29.145733740690048,9,15,12,39.52972663667574,178.16481431168347,0.9419020284084586,8.795590587293027e-07,3.3031473389844024e-11,1.4654943925052066e-13,7.327471962526033e-14,True,True,True,True,26627.908732637254,0.37946126311136635
100,40.0,29.145733740690048,9,22,12,39.52972663667574,178.16481431168347,0.9419020284084586,3.378107054323466e-15,2.919886554764162e-14,1.4654943925052066e-13,7.327471962526033e-14,False,False,True,False,0.11569309255565631,0.5565431858966706
100,40.0,29.145733740690048,9,33,12,39.52972663667574,178.16481431168347,0.9419020284084586,7.511378877117334e-32,1.9761969838327786e-14,1.4654943925052066e-13,7.327471962526033e-14,False,False,True,False,3.800926192362274e-18,0.834814778845006
100,40.0,29.145733740690048,9,49,12,39.52972663667574,178.16481431168347,0.9419020284084586,2.230717800858859e-61,7.704947790898586e-14,1.4654943925052066e-13,7.327471962526033e-14,False,False,True,False,2.895175751215184e-48,1.2395734594971302
100,40.0,29.145733740690048,10,2,13,42.50536165504904,147.64202367359934,0.9319247094995584,551.0846567519033,0.9193485526269041,1.5543122344752192e-13,7.771561172376096e-14,True,True,True,True,599.4295147115416,0.047052887497604154
100,40.0,29.145733740690048,10,3,13,42.50536165504904,147.64202367359934,0.9319247094995584,284.712330983317,0.7259535552535984,1.5543122344752192e-13,7.771561172376096e-14,True,True,True,True,392.19083496857866,0.07057933124640622
100,40.0,29.145733740690048,10,4,13,42.50536165504904,147.64202367359934,0.9319247094995584,128.75451755796408,0.38482190206438316,1.5543122344752192e-13,7.771561172376096e-14,True,True,True,True,334.5820933456709,0.09410577499520831
100,40.0,29.145733740690048,10,7,13,42.50536165504904,147.64202367359934,0.9319247094995584,5.0558415377677575,0.00931227334542295,1.5543122344752192e-13,7.771561172376096e-14,True,True,True,True,542.9223724680226,0.16468510624161453
100,40.0,29.145733740690048,10,10,13,42.50536165504904,147.64202367359934,0.9319247094995584,0.05529905666067603,2.5031141688613978e-05,1.5543122344752192e-13,7.771561172376096e-14,True,True,True,True,2209.2103248263,0.23526443748802076
100,40.0,29.145733740690048,10,15,13,42.50536165504904,147.64202367359934,0.9319247094995584,2.3295313526342614e-06,4.738585912544835e-11,1.5543122344752192e-13,7.771561172376096e-14,True,True,True,True,49160.897272477596,0.35289665623203115
100,40.0,29.145733740690048,10,22,13,42.50536165504904,147.64202367359934,0.9319247094995584,2.157287927650445e-14,3.141931159689193e-14,1.5543122344752192e-13,7.771561172376096e-14,False,False,True,False,0.6866120923743755,0.5175817624736456
100,40.0,29.145733740690048,10,33,13,42.50536165504904,147.64202367359934,0.9319247094995584,2.1269824825137284e-30,2.1316282072803006e-14,1.5543122344752192e-13,7.771561172376096e-14,False,False,True,False,9.978205745492083e-17,0.7763726437104684
100,40.0,29.145733740690048,10,49,13,42.50536165504904,147.64202367359934,0.9319247094995584,5.986676316239038e-59,8.115730310009894e-14,1.5543122344752192e-13,7.771561172376096e-14,False,False,True,False,7.37663289384457e-46,1.1527957436913017
100,40.0,29.145733740690048,11,2,13,41.25198606956631,180.51817460951364,0.6690025643123363,654.7035156072881,0.6599609826697883,1.1235457009206584e-13,5.617728504603292e-14,True,True,True,True,992.0336698675248,0.04848251419040166
100,40.0,29.145733740690048,11,3,13,41.25198606956631,180.51817460951364,0.6690025643123363,333.59677228962045,0.5230301530125131,1.1235457009206584e-13,5.617728504603292e-14,True,True,True,True,637.8155644912491,0.07272377128560249
100,40.0,29.145733740690048,11,4,13,41.25198606956631,180.51817460951364,0.6690025643123363,148.15616105587853,0.28043446018367457,1.1235457009206584e-13,5.617728504603292e-14,True,True,True,True,528.3093987766038,0.09696502838080331
100,40.0,29.145733740690048,11,7,13,41.25198606956631,180.51817460951364,0.6690025643123363,5.375791442550291,0.007451077753845903,1.1235457009206584e-13,5.617728504603292e-14,True,True,True,True,721.4783713370265,0.1696887996664058
100,40.0,29.145733740690048,11,10,13,41.25198606956631,180.51817460951364,0.6690025643123363,0.052712300220664386,2.539846859206385e-05,1.1235457009206584e-13,5.617728504603292e-14,True,True,True,True,2075.412540311,0.2424125709520083
100,40.0,29.145733740690048,11,15,13,41.25198606956631,180.51817460951364,0.6690025643123363,1.7737021595537276e-06,2.9852453842238447e-11,1.1235457009206584e-13,5.617728504603292e-14,True,True,True,True,59415.623550654454,0.36361885642801245
100,40.0,29.145733740690048,11,22,13,41.25198606956631,180.51817460951364,0.6690025643123363,1.1447810099219005e-14,2.3869795029440866e-14,1.1235457009206584e-13,5.617728504603292e-14,False,False,True,False,0.47959398415861315,0.5333076560944182
100,40.0,29.145733740690048,11,33,13,41.25198606956631,180.51817460951364,0.6690025643123363,6.1174557069781754e-31,1.5654144647214707e-14,1.1235457009206584e-13,5.617728504603292e-14,False,False,True,False,3.9078824457308404e-17,0.7999614841416274
100,40.0,29.145733740690048,11,49,13,41.25198606956631,180.51817460951364,0.6690025643123363,6.819262606470246e-60,5.88418203051333e-14,1.1235457009206584e-13,5.617728504603292e-14,False,False,True,False,1.1589142842807909e-46,1.1878215976648405
100,40.0,29.145733740690048,12,2,13,41.259689387766414,168.12031729529946,0.7779725405062186,609.8488250834968,0.7622402109525065,1.1879386363489175e-13,5.939693181744587e-14,True,True,True,True,800.0743286967513,0.04847346234731966
100,40.0,29.145733740690048,12,3,13,41.259689387766414,168.12031729529946,0.7779725405062186,310.768718267573,0.5751240078021809,1.1879386363489175e-13,5.939693181744587e-14,True,True,True,True,540.3508009605899,0.0727101935209795
100,40.0,29.145733740690048,12,4,13,41.259689387766414,168.12031729529946,0.7779725405062186,138.0335944708676,0.28683141727010497,1.1879386363489175e-13,5.939693181744587e-14,True,True,True,True,481.23596705197525,0.09694692469463932
100,40.0,29.145733740690048,12,7,13,41.259689387766414,168.12031729529946,0.7779725405062186,5.010995086361425,0.005772224926534952,1.1879386363489175e-13,5.939693181744587e-14,True,True,True,True,868.1219374050811,0.16965711821561882
100,40.0,29.145733740690048,12,10,13,41.259689387766414,168.12031729529946,0.7779725405062186,0.04916910466511738,1.3893187140734398e-05,1.1879386363489175e-13,5.939693181744587e-14,True,True,True,True,3539.080282086972,0.2423673117365983
100,40.0,29.145733740690048,12,15,13,41.259689387766414,168.12031729529946,0.7779725405062186,1.6568136670881066e-06,1.7557622022934538e-11,1.1879386363489175e-13,5.939693181744587e-14,True,True,True,True,94364.35440539179,0.36355096760489747
100,40.0,29.145733740690048,12,22,13,41.259689387766414,168.12031729529946,0.7779725405062186,1.0717592750697292e-14,2.4091839634365897e-14,1.1879386363489175e-13,5.939693181744587e-14,False,False,True,False,0.4448640250539083,0.5332080858205163
100,40.0,29.145733740690048,12,33,13,41.259689387766414,168.12031729529946,0.7779725405062186,5.749213087222773e-31,1.5987211554602254e-14,1.1879386363489175e-13,5.939693181744587e-14,False,False,True,False,3.596132488512508e-17,0.7998121287307745
100,40.0,29.145733740690048,12,49,13,41.259689387766414,168.12031729529946,0.7779725405062186,6.445948028839536e-60,6.283862319378386e-14,1.1879386363489175e-13,5.939693181744587e-14,False,False,True,False,1.0257939625700112e-46,1.1875998275093318
100,40.0,29.145733740690048,13,2,12,39.53598329061773,162.2486296339336,0.7022114723731333,564.6467775937716,0.6920504874807187,1.156852391659413e-13,5.784261958297066e-14,True,True,True,True,815.9040240680464,0.05058682834061748
100,40.0,29.145733740690048,13,3,12,39.53598329061773,162.2486296339336,0.7022114723731333,281.9515825410396,0.543973879042674,1.156852391659413e-13,5.784261958297066e-14,True,True,True,True,518.3182380691499,0.07588024251092622
100,40.0,29.145733740690048,13,4,12,39.53598329061773,162.2486296339336,0.7022114723731333,121.94964846957933,0.28760224210441776,1.156852391659413e-13,5.784261958297066e-14,True,True,True,True,424.0218976641493,0.10117365668123496
100,40.0,29.145733740690048,13,7,12,39.53598329061773,162.2486296339336,0.7022114723731333,3.943054043619944,0.007168163733906829,1.156852391659413e-13,5.784261958297066e-14,True,True,True,True,550.0786798393736,0.17705389919216116
100,40.0,29.145733740690048,13,10,12,39.53598329061773,162.2486296339336,0.7022114723731333,0.03299368922950221,2.2886175352287985e-05,1.156852391659413e-13,5.784261958297066e-14,True,True,True,True,1441.6427699966805,0.25293414170308737
100,40.0,29.145733740690048,13,15,12,39.53598329061773,162.2486296339336,0.7022114723731333,8.030564137347299e-07,3.335040577034931e-11,1.156852391659413e-13,5.784261958297066e-14,True,True,True,True,24079.35961153131,0.3794012125546311
100,40.0,29.145733740690048,13,22,12,39.53598329061773,162.2486296339336,0.7022114723731333,3.0902622090392816e-15,2.3425705819590803e-14,1.156852391659413e-13,5.784261958297066e-14,False,False,True,False,0.13191757092991882,0.5564551117467923
100,40.0,29.145733740690048,13,33,12,39.53598329061773,162.2486296339336,0.7022114723731333,6.893797537927054e-32,1.587618925213974e-14,1.156852391659413e-13,5.784261958297066e-14,False,False,True,False,4.342224338877751e-18,0.8346826676201884
100,40.0,29.145733740690048,13,49,12,39.53598329061773,162.2486296339336,0.7022114723731333,2.0573965214742147e-61,6.072919944699606e-14,1.156852391659413e-13,5.784261958297066e-14,False,False,True,False,3.38782091680608e-48,1.2393772943451282
100,40.0,29.145733740690048,14,2,13,45.60205287631333,144.48855103743264,0.6207104993456404,576.3940658582599,0.6151136542988697,1.0791367799356522e-13,5.395683899678261e-14,True,True,True,True,937.0529524584463,0.043857674684615836
100,40.0,29.145733740690048,14,3,13,45.60205287631333,144.48855103743264,0.6207104993456404,307.2455636363167,0.5048547689090577,1.0791367799356522e-13,5.395683899678261e-14,True,True,True,True,608.582076584608,0.06578651202692376
100,40.0,29.145733740690048,14,4,13,45.60205287631333,144.48855103743264,0.6207104993456404,144.73065312009322,0.28423989776274805,1.0791367799356522e-13,5.395683899678261e-14,True,True,True,True,509.18486201011206,0.08771534936923167
100,40.0,29.145733740690048,14,7,13,45.60205287631333,144.48855103743264,0.6207104993456404,6.794013059601168,0.008865961919120813,1.0791367799356522e-13,5.395683899678261e-14,True,True,True,True,766.3029823023301,0.15350186139615543
100,40.0,29.145733740690048,14,10,13,45.60205287631333,144.48855103743264,0.6207104993456404,0.09529615612457835,3.8829556988972946e-05,1.0791367799356522e-13,5.395683899678261e-14,True,True,True,True,2454.21692942933,0.2192883734230792
100,40.0,29.145733740690048,14,15,13,45.60205287631333,144.48855103743264,0.6207104993456404,6.727461218287021e-06,1.7987514255857207e-10,1.0791367799356522e-13,5.395683899678261e-14,True,True,True,True,37400.72765249586,0.3289325601346188
100,40.0,29.145733740690048,14,22,13,45.60205287631333,144.48855103743264,0.6207104993456404,1.438806879409532e-13,2.220446049250313e-14,1.0791367799356522e-13,5.395683899678261e-14,False,True,True,True,6.479810125966875,0.4824344215307742
100,40.0,29.145733740690048,14,33,13,45.60205287631333,144.48855103743264,0.6207104993456404,5.921701279020956e-29,1.4876988529977098e-14,1.0791367799356522e-13,5.395683899678261e-14,False,False,True,False,3.9804435333728606e-15,0.7236516322961614
100,40.0,29.145733740690048,14,49,13,45.60205287631333,144.48855103743264,0.6207104993456404,1.45793488677761e-56,5.728750807065808e-14,1.0791367799356522e-13,5.395683899678261e-14,False,False,True,False,2.544943803419415e-43,1.074513029773088
100,40.0,29.145733740690048,15,2,12,36.507352276417706,153.23818354831326,1.3868855663907627,492.7858309571687,1.3574065314921735,2.1183055309847987e-13,1.0591527654923993e-13,True,True,True,True,363.03481641233725,0.05478348538828219
100,40.0,29.145733740690048,15,3,12,36.507352276417706,153.23818354831326,1.3868855663907627,236.46831550636767,1.0125339231221722,2.1183055309847987e-13,1.0591527654923993e-13,True,True,True,True,233.54112895024008,0.0821752280824233
100,40.0,29.145733740690048,15,4,12,36.507352276417706,153.23818354831326,1.3868855663907627,97.07715344781026,0.4946474872938754,2.1183055309847987e-13,1.0591527654923993e-13,True,True,True,True,196.25522405643127,0.10956697077656438
100,40.0,29.145733740690048,15,7,12,36.507352276417706,153.23818354831326,1.3868855663907627,2.5028327710430793,0.008927286052377248,2.1183055309847987e-13,1.0591527654923993e-13,True,True,True,True,280.35763123963073,0.19174219885898766
100,40.0,29.145733740690048,15,10,12,36.507352276417706,153.23818354831326,1.3868855663907627,0.015385499776205567,1.7807517448620303e-05,2.1183055309847987e-13,1.0591527654923993e-13,True,True,True,True,863.989032755243,0.27391742694141097
100,40.0,29.145733740690048,15,15,12,36.507352276417706,153.23818354831326,1.3868855663907627,2.0095290026379101e-07,8.58335624798201e-12,2.1183055309847987e-13,1.0591527654923993e-13,True,True,True,True,23411.92587818268,0.41087614041211645
100,40.0,29.145733740690048,15,22,12,36.507352276417706,153.23818354831326,1.3868855663907627,2.891243546280141e-16,4.3298697960381105e-14,2.1183055309847987e-13,1.0591527654923993e-13,False,False,True,False,0.006677437619315176,0.6026183392711041
100,40.0,29.145733740690048,15,33,12,36.507352276417706,153.23818354831326,1.3868855663907627,1.2379999856769686e-33,2.7977620220553945e-14,2.1183055309847987e-13,1.0591527654923993e-13,False,False,True,False,4.424965296967838e-20,0.9039275089066562
100,40.0,29.145733740690048,15,49,12,36.507352276417706,153.23818354831326,1.3868855663907627,3.092677236630016e-64,1.1057821325266559e-13,2.1183055309847987e-13,1.0591527654923993e-13,False,False,True,False,2.796823303306055e-51,1.3421953920129137
100,40.0,29.145733740690048,16,2,12,39.784959493474986,165.32483694250752,0.931873609001807,578.8929461941244,0.9152206429930992,1.4765966227514582e-13,7.382983113757291e-14,True,True,True,True,632.5173613883284,0.05027025351949935
100,40.0,29.145733740690048,16,3,12,39.784959493474986,165.32483694250752,0.931873609001807,289.94238535720586,0.6960470518866042,1.4765966227514582e-13,7.382983113757291e-14,True,True,True,True,416.55572647183845,0.07540538027924902
100,40.0,29.145733740690048,16,4,12,39.784959493474986,165.32483694250752,0.931873609001807,125.90441443314735,0.34791392293769563,1.4765966227514582e-13,7.382983113757291e-14,True,True,True,True,361.8838055402982,0.1005405070389987
100,40.0,29.145733740690048,16,7,12,39.784959493474986,165.32483694250752,0.931873609001807,4.1418388672666495,0.006561563663503578,1.4765966227514582e-13,7.382983113757291e-14,True,True,True,True,631.2274146335258,0.17594588731824773
100,40.0,29.145733740690048,16,10,12,39.784959493474986,165.32483694250752,0.931873609001807,0.03548773888180374,1.737332463042085e-05,1.4765966227514582e-13,7.382983113757291e-14,True,True,True,True,2042.6567531964713,0.25135126759749676
100,40.0,29.145733740690048,16,15,12,39.784959493474986,165.32483694250752,0.931873609001807,9.064221023338824e-07,2.620592631785712e-11,1.4765966227514582e-13,7.382983113757291e-14,True,True,True,True,34588.43970404635,0.3770269013962451
100,40.0,29.145733740690048,16,22,12,39.784959493474986,165.32483694250752,0.931873609001807,3.7662445170394005e-15,2.964295475749168e-14,1.4765966227514582e-13,7.382983113757291e-14,False,False,True,False,0.1270536135095492,0.5529727887144928
100,40.0,29.145733740690048,16,33,12,39.784959493474986,165.32483694250752,0.931873609001807,9.562107932080173e-32,1.9317880628477724e-14,1.4765966227514582e-13,7.382983113757291e-14,False,False,True,False,4.949874220665831e-18,0.8294591830717393
100,40.0,29.145733740690048,16,49,12,39.784959493474986,165.32483694250752,0.931873609001807,3.467884388574661e-61,7.627232179174825e-14,1.4765966227514582e-13,7.382983113757291e-14,False,False,True,False,4.5467140728235236e-48,1.231621211227734
100,40.0,29.145733740690048,17,2,12,38.10736565354779,155.68071296041117,1.2247965144393178,522.5175001031898,1.1983556911400575,1.887379141862766e-13,9.43689570931383e-14,True,True,True,True,436.02872166117226,0.05248329202766081
100,40.0,29.145733740690048,17,3,12,38.10736565354779,155.68071296041117,1.2247965144393178,256.2431880121945,0.8927028680651234,1.887379141862766e-13,9.43689570931383e-14,True,True,True,True,287.04196791434674,0.07872493804149122
100,40.0,29.145733740690048,17,4,12,38.10736565354779,155.68071296041117,1.2247965144393178,108.23705319967111,0.43541968296965283,1.887379141862766e-13,9.43689570931383e-14,True,True,True,True,248.5809838946,0.10496658405532162
100,40.0,29.145733740690048,17,7,12,38.10736565354779,155.68071296041117,1.2247965144393178,3.157472659291612,0.007793915100760884,1.887379141862766e-13,9.43689570931383e-14,True,True,True,True,405.12022757129625,0.18369152209681283
100,40.0,29.145733740690048,17,10,12,38.10736565354779,155.68071296041117,1.2247965144393178,0.022953998740038284,1.521435698470519e-05,1.887379141862766e-13,9.43689570931383e-14,True,True,True,True,1508.706464763096,0.26241646013830405
100,40.0,29.145733740690048,17,15,12,38.10736565354779,155.68071296041117,1.2247965144393178,4.2011511162339786e-07,7.97872878877115e-12,1.887379141862766e-13,9.43689570931383e-14,True,True,True,True,52654.39178915896,0.39362469020745605
100,40.0,29.145733740690048,17,22,12,38.10736565354779,155.68071296041117,1.2247965144393178,1.0286062326818228e-15,3.9745984281580604e-14,1.887379141862766e-13,9.43689570931383e-14,False,False,True,False,0.025879500816853782,0.5773162123042689
100,40.0,29.145733740690048,17,33,12,38.10736565354779,155.68071296041117,1.2247965144393178,1.0727368372996575e-32,2.6645352591003757e-14,1.887379141862766e-13,9.43689570931383e-14,False,False,True,False,4.0259810172744517e-19,0.8659743184564034
100,40.0,29.145733740690048,17,49,12,38.10736565354779,155.68071296041117,1.2247965144393178,1.0196854633566869e-62,9.836575998178887e-14,1.887379141862766e-13,9.43689570931383e-14,False,False,True,False,1.0366264272704935e-49,1.28584065467769
100,40.0,29.145733740690048,18,2,13,41.780628073546154,189.17077265678057,1.1394156261157207,694.5500218017996,1.1263847612912732,1.8829382497642655e-13,9.414691248821327e-14,True,True,True,True,616.6188017366076,0.04786907455003821
100,40.0,29.145733740690048,18,3,13,41.780628073546154,189.17077265678057,1.1394156261157207,356.00424625627306,0.9027961906381125,1.8829382497642655e-13,9.414691248821327e-14,True,True,True,True,394.3351223099899,0.0718036118250573
100,40.0,29.145733740690048,18,4,13,41.780628073546154,189.17077265678057,1.1394156261157207,159.33818127457653,0.48823795962554917,1.8829382497642655e-13,9.414691248821327e-14,True,True,True,True,326.35352932569987,0.09573814910007641
100,40.0,29.145733740690048,18,7,13,41.780628073546154,189.17077265678057,1.1394156261157207,5.980465546604069,0.012554321976650407,1.8829382497642655e-13,9.414691248821327e-14,True,True,True,True,476.36706767016545,0.16754176092513373
100,40.0,29.145733740690048,18,10,13,41.780628073546154,189.17077265678057,1.1394156261157207,0.06144700982191734,3.603853354627873e-05,1.8829382497642655e-13,9.414691248821327e-14,True,True,True,True,1705.0363534634512,0.23934537275019102
100,40.0,29.145733740690048,18,15,13,41.780628073546154,189.17077265678057,1.1394156261157207,2.275818110146174e-06,3.429678763211541e-11,1.8829382497642655e-13,9.414691248821327e-14,True,True,True,True,66356.59684976166,0.35901805912528656
100,40.0,29.145733740690048,18,22,13,41.780628073546154,189.17077265678057,1.1394156261157207,1.7132954057431422e-14,3.8413716652030416e-14,1.8829382497642655e-13,9.414691248821327e-14,False,False,True,False,0.44601136132256636,0.5265598200504202
100,40.0,29.145733740690048,18,33,13,41.780628073546154,189.17077265678057,1.1394156261157207,1.1884433821691511e-30,2.5091040356528538e-14,1.8829382497642655e-13,9.414691248821327e-14,False,False,True,False,4.736524931936213e-17,0.7898397300756304
100,40.0,29.145733740690048,18,49,13,41.780628073546154,189.17077265678057,1.1394156261157207,1.965040719765474e-59,9.903189379656396e-14,1.8829382497642655e-13,9.414691248821327e-14,False,False,True,False,1.9842503706958834e-46,1.1727923264759361
100,40.0,29.145733740690048,19,2,12,38.456437849129614,148.41264046938346,1.1361014803438303,502.6339282354648,1.1061510822883038,1.6919798895287386e-13,8.459899447643693e-14,True,True,True,True,454.3989842650263,0.05200689694262117
100,40.0,29.145733740690048,19,3,12,38.456437849129614,148.41264046938346,1.1361014803438303,247.61020985967085,0.806585323526914,1.6919798895287386e-13,8.459899447643693e-14,True,True,True,True,306.9857616265052,0.07801034541393176
100,40.0,29.145733740690048,19,4,12,38.456437849129614,148.41264046938346,1.1361014803438303,105.21280933308087,0.383628371229218,1.6919798895287386e-13,8.459899447643693e-14,True,True,True,True,274.2571124131385,0.10401379388524234
100,40.0,29.145733740690048,19,7,12,38.456437849129614,148.41264046938346,1.1361014803438303,3.1493379431954724,0.006327173047722123,1.6919798895287386e-13,8.459899447643693e-14,True,True,True,True,497.74803367031046,0.1820241392991741
100,40.0,29.145733740690048,19,10,12,38.456437849129614,148.41264046938346,1.1361014803438303,0.023713389819852083,1.1132067702090964e-05,1.6919798895287386e-13,8.459899447643693e-14,True,True,True,True,2130.187351932646,0.26003448471310586
100,40.0,29.145733740690048,19,15,12,38.456437849129614,148.41264046938346,1.1361014803438303,4.6595622021181914e-07,5.366596056433082e-12,1.6919798895287386e-13,8.459899447643693e-14,True,True,True,True,86825.28278856855,0.3900517270696588
100,40.0,29.145733740690048,19,22,12,38.456437849129614,148.41264046938346,1.1361014803438303,1.276531728244018e-15,3.4861002973229915e-14,1.6919798895287386e-13,8.459899447643693e-14,False,False,True,False,0.03661775678755653,0.5720758663688329
100,40.0,29.145733740690048,19,33,12,38.456437849129614,148.41264046938346,1.1361014803438303,1.6077694315386218e-32,2.1760371282653068e-14,1.6919798895287386e-13,8.459899447643693e-14,False,False,True,False,7.388520217117359e-19,0.8581137995532493
100,40.0,29.145733740690048,19,49,12,38.456437849129614,148.41264046938346,1.1361014803438303,2.0295570289645966e-62,8.79296635503124e-14,1.6919798895287386e-13,8.459899447643693e-14,False,False,True,False,2.3081596665081133e-49,1.2741689750942187
100,40.0,29.145733740690048,20,2,13,41.02369431745855,169.21234309868078,0.6279076431307548,610.4189338714287,0.6155909556843904,9.747758156208874e-14,4.873879078104437e-14,True,True,True,True,991.5982816751888,0.0487523133466031
100,40.0,29.145733740690048,20,3,13,41.02369431745855,169.21234309868078,0.6279076431307548,310.2237684020343,0.4675839599513577,9.747758156208874e-14,4.873879078104437e-14,True,True,True,True,663.4610999793632,0.07312847001990465
100,40.0,29.145733740690048,20,4,13,41.02369431745855,169.21234309868078,0.6279076431307548,137.30760708241186,0.2361326933563095,9.747758156208874e-14,4.873879078104437e-14,True,True,True,True,581.4849486988371,0.0975046266932062
100,40.0,29.145733740690048,20,7,13,41.02369431745855,169.21234309868078,0.6279076431307548,4.908729610294343,0.0050851929268259655,9.747758156208874e-14,4.873879078104437e-14,True,True,True,True,965.2985994689162,0.17063309671311083
100,40.0,29.145733740690048,20,10,13,41.02369431745855,169.21234309868078,0.6279076431307548,0.04715671388382049,1.4501722283566387e-05,9.747758156208874e-14,4.873879078104437e-14,True,True,True,True,3251.8009214160256,0.24376156673301547
100,40.0,29.145733740690048,20,15,13,41.02369431745855,169.21234309868078,0.6279076431307548,1.5215355145122496e-06,2.211495570003663e-11,9.747758156208874e-14,4.873879078104437e-14,True,True,True,True,68801.20110345639,0.36564235009952323
100,40.0,29.145733740690048,20,22,13,41.02369431745855,169.21234309868078,0.6279076431307548,9.181665419492788e-15,2.0539125955565396e-14,9.747758156208874e-14,4.873879078104437e-14,False,False,True,False,0.4470329185066842,0.5362754468126341
100,40.0,29.145733740690048,20,33,13,41.02369431745855,169.21234309868078,0.6279076431307548,4.378585771570799e-31,1.2878587085651816e-14,9.747758156208874e-14,4.873879078104437e-14,False,False,True,False,3.399896077457932e-17,0.8044131702189511
100,40.0,29.145733740690048,20,49,13,41.02369431745855,169.21234309868078,0.6279076431307548,4.1099304886687697e-60,5.240252676230739e-14,9.747758156208874e-14,4.873879078104437e-14,False,False,True,False,7.843000600545471e-47,1.1944316769917758
100,40.0,29.145733740690048,21,2,13,42.15418889133558,174.17840021465614,1.0556392098099796,644.9915041491898,1.0464268710960034,1.8562928971732617e-13,9.281464485866309e-14,True,True,True,True,616.3751352004566,0.04744486971758772
100,40.0,29.145733740690048,21,3,13,42.15418889133558,174.17840021465614,1.0556392098099796,331.9632861965042,0.8659132874413746,1.8562928971732617e-13,9.281464485866309e-14,True,True,True,True,383.36781639810476,0.07116730457638158
100,40.0,29.145733740690048,21,4,13,42.15418889133558,174.17840021465614,1.0556392098099796,149.378274907539,0.4952559918660242,1.8562928971732617e-13,9.281464485866309e-14,True,True,True,True,301.61830923985787,0.09488973943517544
100,40.0,29.145733740690048,21,7,13,42.15418889133558,174.17840021465614,1.0556392098099796,5.739685492105447,0.016306610870881588,1.8562928971732617e-13,9.281464485866309e-14,True,True,True,True,351.98518794329584,0.16605704401155702
100,40.0,29.145733740690048,21,10,13,42.15418889133558,174.17840021465614,1.0556392098099796,0.060918219535361334,6.863403389822942e-05,1.8562928971732617e-13,9.281464485866309e-14,True,True,True,True,887.5803457172706,0.2372243485879386
100,40.0,29.145733740690048,21,15,13,42.15418889133558,174.17840021465614,1.0556392098099796,2.4119971917529962e-06,1.256779125213825e-10,1.8562928971732617e-13,9.281464485866309e-14,True,True,True,True,19191.894131298734,0.35583652288190787
100,40.0,29.145733740690048,21,22,13,42.15418889133558,174.17840021465614,1.0556392098099796,2.021511178574567e-14,3.885780586188048e-14,1.8562928971732617e-13,9.281464485866309e-14,False,False,True,False,0.5202329708887835,0.5218935668934649
100,40.0,29.145733740690048,21,33,13,42.15418889133558,174.17840021465614,1.0556392098099796,1.682318522083497e-30,2.4868995751603507e-14,1.8562928971732617e-13,9.281464485866309e-14,False,False,True,False,6.764722383190822e-17,0.7828403503401974
100,40.0,29.145733740690048,21,49,13,42.15418889133558,174.17840021465614,1.0556392098099796,3.663638561726415e-59,9.85878045867139e-14,1.8562928971732617e-13,9.281464485866309e-14,False,False,True,False,3.7161174012187526e-46,1.1623993080808992
100,40.0,29.145733740690048,22,2,12,40.262642207720816,189.95657137432,0.8493169087899122,672.9224638582697,0.837759742101723,1.4011014570769476e-13,7.005507285384738e-14,True,True,True,True,803.2403922514596,0.0496738388325761
100,40.0,29.145733740690048,22,3,12,40.262642207720816,189.95657137432,0.8493169087899122,338.97066490668465,0.6602484384971429,1.4011014570769476e-13,7.005507285384738e-14,True,True,True,True,513.3986619919154,0.07451075824886416
100,40.0,29.145733740690048,22,4,12,40.262642207720816,189.95657137432,0.8493169087899122,148.30071179575248,0.34904784101589936,1.4011014570769476e-13,7.005507285384738e-14,True,True,True,True,424.87216469846976,0.0993476776651522
100,40.0,29.145733740690048,22,7,12,40.262642207720816,189.95657137432,0.8493169087899122,5.0403029503912355,0.008457788991066861,1.4011014570769476e-13,7.005507285384738e-14,True,True,True,True,595.9362376756876,0.17385843591401637
100,40.0,29.145733740690048,22,10,12,40.262642207720816,189.95657137432,0.8493169087899122,0.045164081497345764,2.4507799997297575e-05,1.4011014570769476e-13,7.005507285384738e-14,True,True,True,True,1842.8451963181483,0.24836919416288053
100,40.0,29.145733740690048,22,15,12,40.262642207720816,189.95657137432,0.8493169087899122,1.2638719167500554e-06,2.966549228489157e-11,1.4011014570769476e-13,7.005507285384738e-14,True,True,True,True,42604.11068228713,0.3725537912443208
100,40.0,29.145733740690048,22,22,12,40.262642207720816,189.95657137432,0.8493169087899122,6.074469681225887e-15,2.7977620220553945e-14,1.4011014570769476e-13,7.005507285384738e-14,False,False,True,False,0.21711888407017682,0.5464122271583371
100,40.0,29.145733740690048,22,33,12,40.262642207720816,189.95657137432,0.8493169087899122,1.971724321946779e-31,1.8207657603852567e-14,1.4011014570769476e-13,7.005507285384738e-14,False,False,True,False,1.0829093806825437e-17,0.8196183407375057
100,40.0,29.145733740690048,22,49,12,40.262642207720816,189.95657137432,0.8493169087899122,1.0356407368283213e-60,7.338574192772285e-14,1.4011014570769476e-13,7.005507285384738e-14,False,False,True,False,1.411228815875865e-47,1.2170090513981147
100,40.0,29.145733740690048,23,2,13,41.58201796157508,171.59033395625093,0.8621997271359289,627.1217940713469,0.8513531449128378,1.4210854715202004e-13,7.105427357601002e-14,True,True,True,True,736.6176983295835,0.04809771382062676
100,40.0,29.145733740690048,23,3,13,41.58201796157508,171.59033395625093,0.8621997271359289,320.73265061720844,0.6756845752270306,1.4210854715202004e-13,7.105427357601002e-14,True,True,True,True,474.678070769104,0.07214657073094013
100,40.0,29.145733740690048,23,4,13,41.58201796157508,171.59033395625093,0.8621997271359289,143.1370595296018,0.3601980672178444,1.4210854715202004e-13,7.105427357601002e-14,True,True,True,True,397.3843075705174,0.09619542764125352
100,40.0,29.145733740690048,23,7,13,41.58201796157508,171.59033395625093,0.8621997271359289,5.30500781953208,0.008820550344014966,1.4210854715202004e-13,7.105427357601002e-14,True,True,True,True,601.4372814199403,0.16834199837219366
100,40.0,29.145733740690048,23,10,13,41.58201796157508,171.59033395625093,0.8621997271359289,0.05356430103387506,3.339677105207439e-05,1.4210854715202004e-13,7.105427357601002e-14,True,True,True,True,1603.8766427554974,0.2404885691031338
100,40.0,29.145733740690048,23,15,13,41.58201796157508,171.59033395625093,0.8621997271359289,1.9140191401645215e-06,5.99436056347713e-11,1.4210854715202004e-13,7.105427357601002e-14,True,True,True,True,31930.330514757396,0.3607328536547007
100,40.0,29.145733740690048,23,22,13,41.58201796157508,171.59033395625093,0.8621997271359289,1.3603457402760173e-14,2.942091015256665e-14,1.4210854715202004e-13,7.105427357601002e-14,False,False,True,False,0.4623737787926123,0.5290748520268943
100,40.0,29.145733740690048,23,33,13,41.58201796157508,171.59033395625093,0.8621997271359289,8.558960956963343e-31,1.965094753586527e-14,1.4210854715202004e-13,7.105427357601002e-14,False,False,True,False,4.355495296774998e-17,0.7936122780403415
100,40.0,29.145733740690048,23,49,13,41.58201796157508,171.59033395625093,0.8621997271359289,1.2211140356344707e-59,7.471800955727304e-14,1.4210854715202004e-13,7.105427357601002e-14,False,False,True,False,1.6342967952036507e-46,1.1783939886053556
100,40.0,29.145733740690048,24,2,13,40.807722432865994,181.70711496864737,1.3114766442309849,652.1536794785006,1.2925922827859737,2.113864638886298e-13,1.056932319443149e-13,True,True,True,True,504.5316208084492,0.04901033139720699
100,40.0,29.145733740690048,24,3,13,40.807722432865994,181.70711496864737,1.3114766442309849,330.61116673370907,1.0063722589269803,2.113864638886298e-13,1.056932319443149e-13,True,True,True,True,328.51776646368916,0.07351549709581047
100,40.0,29.145733740690048,24,4,13,40.807722432865994,181.70711496864737,1.3114766442309849,145.8561104252545,0.5188571076487106,2.113864638886298e-13,1.056932319443149e-13,True,True,True,True,281.1103640580859,0.09802066279441397
100,40.0,29.145733740690048,24,7,13,40.807722432865994,181.70711496864737,1.3114766442309849,5.140914472880705,0.010775649964294143,2.113864638886298e-13,1.056932319443149e-13,True,True,True,True,477.08625372162965,0.17153615989022444
100,40.0,29.145733740690048,24,10,13,40.807722432865994,181.70711496864737,1.3114766442309849,0.04843128673736562,2.158235810978404e-05,2.113864638886298e-13,1.056932319443149e-13,True,True,True,True,2244.0220151573712,0.24505165698603493
100,40.0,29.145733740690048,24,15,13,40.807722432865994,181.70711496864737,1.3114766442309849,1.501360534446626e-06,1.6830842275439295e-11,2.113864638886298e-13,1.056932319443149e-13,True,True,True,True,89202.93529442154,0.3675774854790524
100,40.0,29.145733740690048,24,22,13,40.807722432865994,181.70711496864737,1.3114766442309849,8.497880696880708e-15,4.263256414560601e-14,2.113864638886298e-13,1.056932319443149e-13,False,False,True,False,0.19932839760370255,0.5391136453692769
100,40.0,29.145733740690048,24,33,13,40.807722432865994,181.70711496864737,1.3114766442309849,3.63636934931618e-31,2.731148640577885e-14,2.113864638886298e-13,1.056932319443149e-13,False,False,True,False,1.3314432232977106e-17,0.8086704680539153
100,40.0,29.145733740690048,24,49,13,40.807722432865994,181.70711496864737,1.3114766442309849,2.8981750605906095e-60,1.1013412404281553e-13,2.113864638886298e-13,1.056932319443149e-13,False,False,True,False,2.631495992526277e-47,1.200753119231571
100,40.0,29.145733740690048,25,2,13,41.021835389177426,185.0586894481486,0.7498503742801338,667.554018189559,0.738118029486026,1.219024881038422e-13,6.09512440519211e-14,True,True,True,True,904.4000979821576,0.04875452258597989
100,40.0,29.145733740690048,25,3,13,41.021835389177426,185.0586894481486,0.7498503742801338,339.2534237052374,0.5759863220010024,1.219024881038422e-13,6.09512440519211e-14,True,True,True,True,588.9956249770928,0.07313178387896983
100,40.0,29.145733740690048,25,4,13,41.021835389177426,185.0586894481486,0.7498503742801338,150.1521894947579,0.3023257931707171,1.219024881038422e-13,6.09512440519211e-14,True,True,True,True,496.65689427289476,0.09750904517195978
100,40.0,29.145733740690048,25,7,13,41.021835389177426,185.0586894481486,0.7498503742801338,5.367269655649526,0.007573123319560726,1.219024881038422e-13,6.09512440519211e-14,True,True,True,True,708.7260340507503,0.17064082905092962
100,40.0,29.145733740690048,25,10,13,41.021835389177426,185.0586894481486,0.7498503742801338,0.05155313497714161,2.642593522994563e-05,1.219024881038422e-13,6.09512440519211e-14,True,True,True,True,1950.8537551670854,0.24377261292989946
100,40.0,29.145733740690048,25,15,13,41.021835389177426,185.0586894481486,0.7498503742801338,1.6628175681687361e-06,5.876263017845496e-11,1.219024881038422e-13,6.09512440519211e-14,True,True,True,True,28297.19437538724,0.3656589193948492
100,40.0,29.145733740690048,25,22,13,41.021835389177426,185.0586894481486,0.7498503742801338,1.0028716465986716e-14,2.453592884421596e-14,1.219024881038422e-13,6.09512440519211e-14,False,False,True,False,0.4087359614409243,0.5362997484457788
100,40.0,29.145733740690048,25,33,13,41.021835389177426,185.0586894481486,0.7498503742801338,4.778085648510557e-31,1.609823385706477e-14,1.219024881038422e-13,6.09512440519211e-14,False,False,True,False,2.968080654645029e-17,0.8044496226686682
100,40.0,29.145733740690048,25,49,13,41.021835389177426,185.0586894481486,0.7498503742801338,4.4786254842889855e-60,6.38378239159465e-14,1.219024881038422e-13,6.09512440519211e-14,False,False,True,False,7.015629934669872e-47,1.1944858033565073
100,40.0,29.145733740690048,26,2,12,39.732231852985166,185.40167239741024,0.8172953498679539,648.3528121923807,0.7995599461070725,1.2501111257279263e-13,6.250555628639631e-14,True,True,True,True,810.8870577485844,0.050336965902149186
100,40.0,29.145733740690048,26,3,12,39.732231852985166,185.40167239741024,0.8172953498679539,324.5244548856694,0.595020276158519,1.2501111257279263e-13,6.250555628639631e-14,True,True,True,True,545.4006659753104,0.07550544885322377
100,40.0,29.145733740690048,26,4,12,39.732231852985166,185.40167239741024,0.8172953498679539,140.8034756568434,0.2901667722351565,1.2501111257279263e-13,6.250555628639631e-14,True,True,True,True,485.2501703493936,0.10067393180429837
100,40.0,29.145733740690048,26,7,12,39.732231852985166,185.40167239741024,0.8172953498679539,4.615132307651924,0.005325543575734559,1.2501111257279263e-13,6.250555628639631e-14,True,True,True,True,866.6030503778862,0.17617938065752214
100,40.0,29.145733740690048,26,10,12,39.732231852985166,185.40167239741024,0.8172953498679539,0.039345884859035826,1.221248122429408e-05,1.2501111257279263e-13,6.250555628639631e-14,True,True,True,True,3221.776487219135,0.25168482951074594
100,40.0,29.145733740690048,26,15,12,39.732231852985166,185.40167239741024,0.8172953498679539,9.94793367904782e-07,1.3602896586917268e-11,1.2501111257279263e-13,6.250555628639631e-14,True,True,True,True,73130.99541325156,0.3775272442661189
100,40.0,29.145733740690048,26,22,12,39.732231852985166,185.40167239741024,0.8172953498679539,4.0669999933651505e-15,2.5202062658991053e-14,1.2501111257279263e-13,6.250555628639631e-14,False,False,True,False,0.16137567977652073,0.553706624923641
100,40.0,29.145733740690048,26,33,12,39.732231852985166,185.40167239741024,0.8172953498679539,1.004741184170129e-31,1.687538997430238e-14,1.2501111257279263e-13,6.250555628639631e-14,False,False,True,False,5.9538842403057684e-18,0.8305599373854615
100,40.0,29.145733740690048,26,49,12,39.732231852985166,185.40167239741024,0.8172953498679539,3.4969124059187385e-61,6.539213615042172e-14,1.2501111257279263e-13,6.250555628639631e-14,False,False,True,False,5.3476038737666877e-48,1.2332556646026551
100,40.0,29.145733740690048,27,2,12,39.08556094970884,155.23357250785423,0.9091254411263914,534.2007730629539,0.8989221512847961,1.532107773982716e-13,7.66053886991358e-14,True,True,True,True,594.2681157644636,0.05116979138596445
100,40.0,29.145733740690048,27,3,12,39.08556094970884,155.23357250785423,0.9091254411263914,265.26734899334747,0.7210068754945718,1.532107773982716e-13,7.66053886991358e-14,True,True,True,True,367.9123708929799,0.07675468707894667
100,40.0,29.145733740690048,27,4,12,39.08556094970884,155.23357250785423,0.9091254411263914,113.89945786373613,0.3900335235130685,1.532107773982716e-13,7.66053886991358e-14,True,True,True,True,292.02479017145254,0.1023395827719289
100,40.0,29.145733740690048,27,7,12,39.08556094970884,155.23357250785423,0.9091254411263914,3.567737051368389,0.010000964672580048,1.532107773982716e-13,7.66053886991358e-14,True,True,True,True,356.73929147556765,0.17909426985087556
100,40.0,29.145733740690048,27,10,12,39.08556094970884,155.23357250785423,0.9091254411263914,0.02858354891838448,2.8437058382513314e-05,1.532107773982716e-13,7.66053886991358e-14,True,True,True,True,1005.1513955452315,0.25584895692982224
100,40.0,29.145733740690048,27,15,12,39.08556094970884,155.23357250785423,0.9091254411263914,6.369131976282704e-07,2.3230417589559238e-11,1.532107773982716e-13,7.66053886991358e-14,True,True,True,True,27417.208286196583,0.38377343539473335
100,40.0,29.145733740690048,27,22,12,39.08556094970884,155.23357250785423,0.9091254411263914,2.1299592949470336e-15,3.164135620181696e-14,1.532107773982716e-13,7.66053886991358e-14,False,False,True,False,0.06731567640026516,0.5628677052456089
100,40.0,29.145733740690048,27,33,12,39.08556094970884,155.23357250785423,0.9091254411263914,3.751291426423394e-32,1.9984014443252818e-14,1.532107773982716e-13,7.66053886991358e-14,False,False,True,False,1.877146074466504e-18,0.8443015578684134
100,40.0,29.145733740690048,27,49,12,39.08556094970884,155.23357250785423,0.9091254411263914,7.842501249587982e-62,8.08242361927114e-14,1.532107773982716e-13,7.66053886991358e-14,False,False,True,False,9.703155413543156e-49,1.253659888956129
100,40.0,29.145733740690048,28,2,12,39.80090218411107,165.57435713624673,0.7968609746047312,579.9934458359342,0.7837782169066615,1.2567724638756772e-13,6.283862319378386e-14,True,True,True,True,739.9968936684602,0.05025011721463994
100,40.0,29.145733740690048,28,3,12,39.80090218411107,165.57435713624673,0.7968609746047312,290.54960321212747,0.6048708686023617,1.2567724638756772e-13,6.283862319378386e-14,True,True,True,True,480.3498040556702,0.07537517582195992
100,40.0,29.145733740690048,28,4,12,39.80090218411107,165.57435713624673,0.7968609746047312,126.19995865182916,0.31052998628732675,1.2567724638756772e-13,6.283862319378386e-14,True,True,True,True,406.4018427355967,0.10050023442927988
100,40.0,29.145733740690048,28,7,12,39.80090218411107,165.57435713624673,0.7968609746047312,4.156127855277026,0.006878510045373876,1.2567724638756772e-13,6.283862319378386e-14,True,True,True,True,604.2192026850668,0.1758754102512398
100,40.0,29.145733740690048,28,10,12,39.80090218411107,165.57435713624673,0.7968609746047312,0.03566393302864899,1.9615291777852484e-05,1.2567724638756772e-13,6.283862319378386e-14,True,True,True,True,1818.169896861638,0.2512505860731997
100,40.0,29.145733740690048,28,15,12,39.80090218411107,165.57435713624673,0.7968609746047312,9.13725562281928e-07,3.226688360946639e-11,1.2567724638756772e-13,6.283862319378386e-14,True,True,True,True,28317.750587288236,0.3768758791097996
100,40.0,29.145733740690048,28,22,12,39.80090218411107,165.57435713624673,0.7968609746047312,3.815216184708497e-15,2.5646151868841116e-14,1.2567724638756772e-13,6.283862319378386e-14,False,False,True,False,0.14876368993758507,0.5527512893610393
100,40.0,29.145733740690048,28,33,12,39.80090218411107,165.57435713624673,0.7968609746047312,9.766710777115401e-32,1.6653345369377348e-14,1.2567724638756772e-13,6.283862319378386e-14,False,False,True,False,5.864714002193644e-18,0.829126934041559
100,40.0,29.145733740690048,28,49,12,39.80090218411107,165.57435713624673,0.7968609746047312,3.586416033131883e-61,6.59472476627343e-14,1.2567724638756772e-13,6.283862319378386e-14,False,False,True,False,5.4383104075448895e-48,1.2311278717586787
100,40.0,29.145733740690048,29,2,12,39.428705499862495,172.94565129845193,1.194664437588021,600.2754872579436,1.1769566808258973,1.936228954946273e-13,9.681144774731365e-14,True,True,True,True,510.0234333490648,0.05072446519977621
100,40.0,29.145733740690048,29,3,12,39.428705499862495,172.94565129845193,1.194664437588021,299.3482897456309,0.9191872663870257,1.936228954946273e-13,9.681144774731365e-14,True,True,True,True,325.6662713815159,0.07608669779966432
100,40.0,29.145733740690048,29,4,12,39.428705499862495,172.94565129845193,1.194664437588021,129.25108627237876,0.4791830310643137,1.936228954946273e-13,9.681144774731365e-14,True,True,True,True,269.7321856020216,0.10144893039955243
100,40.0,29.145733740690048,29,7,12,39.428705499862495,172.94565129845193,1.194664437588021,4.147908612869998,0.01091484895474304,1.936228954946273e-13,9.681144774731365e-14,True,True,True,True,380.02437139247144,0.17753562819921673
100,40.0,29.145733740690048,29,10,12,39.428705499862495,172.94565129845193,1.194664437588021,0.034352869807641725,2.8453191076360795e-05,1.936228954946273e-13,9.681144774731365e-14,True,True,True,True,1207.346821502297,0.25362232599888107
100,40.0,29.145733740690048,29,15,12,39.428705499862495,172.94565129845193,1.194664437588021,8.188414146478535e-07,2.415334598993013e-11,1.936228954946273e-13,9.681144774731365e-14,True,True,True,True,33901.7796950054,0.3804334889983216
100,40.0,29.145733740690048,29,22,12,39.428705499862495,172.94565129845193,1.194664437588021,3.0479547764453286e-15,3.885780586188048e-14,1.936228954946273e-13,9.681144774731365e-14,False,False,True,False,0.0784386742596646,0.5579691171975383
100,40.0,29.145733740690048,29,33,12,39.428705499862495,172.94565129845193,1.194664437588021,6.428976338914157e-32,2.4424906541753444e-14,1.936228954946273e-13,9.681144774731365e-14,False,False,True,False,2.632139585846139e-18,0.8369536757963074
100,40.0,29.145733740690048,29,49,12,39.428705499862495,172.94565129845193,1.194664437588021,1.7634087224734425e-61,1.021405182655144e-13,1.936228954946273e-13,9.681144774731365e-14,False,False,True,False,1.7264536663985387e-48,1.2427493973945172
100,40.0,29.145733740690048,30,2,12,40.006165652062116,174.69541259527023,1.0634809577971736,615.021620791221,1.0484690389760916,1.7275070263167436e-13,8.637535131583718e-14,True,True,True,True,586.5901594880052,0.04999229412271631
100,40.0,29.145733740690048,30,3,12,40.006165652062116,174.69541259527023,1.0634809577971736,308.8592075263342,0.8231294982606243,1.7275070263167436e-13,8.637535131583718e-14,True,True,True,True,375.2255364180149,0.07498844118407447
100,40.0,29.145733740690048,30,4,12,40.006165652062116,174.69541259527023,1.0634809577971736,134.58741876714032,0.43236526199986625,1.7275070263167436e-13,8.637535131583718e-14,True,True,True,True,311.28175780038026,0.09998458824543262
100,40.0,29.145733740690048,30,7,12,40.006165652062116,174.69541259527023,1.0634809577971736,4.495224941813993,0.010102194829098021,1.7275070263167436e-13,8.637535131583718e-14,True,True,True,True,444.9750789666122,0.17497302942950707
100,40.0,29.145733740690048,30,10,12,40.006165652062116,174.69541259527023,1.0634809577971736,0.03932695515367588,2.6444078174536756e-05,1.7275070263167436e-13,8.637535131583718e-14,True,True,True,True,1487.1743644875535,0.24996147061358154
100,40.0,29.145733740690048,30,15,12,40.006165652062116,174.69541259527023,1.0634809577971736,1.0480698016564436e-06,2.2293833445985456e-11,1.7275070263167436e-13,8.637535131583718e-14,True,True,True,True,47011.64580760667,0.3749422059203723
100,40.0,29.145733740690048,30,22,12,40.006165652062116,174.69541259527023,1.0634809577971736,4.659763823155545e-15,3.397282455352979e-14,1.7275070263167436e-13,8.637535131583718e-14,False,False,True,False,0.137161507304561,0.5499152353498794
100,40.0,29.145733740690048,30,33,12,40.006165652062116,174.69541259527023,1.0634809577971736,1.326155541988584e-31,2.2648549702353193e-14,1.7275070263167436e-13,8.637535131583718e-14,False,False,True,False,5.855366279152063e-18,0.8248728530248192
100,40.0,29.145733740690048,30,49,12,40.006165652062116,174.69541259527023,1.0634809577971736,5.712759798544633e-61,8.970602038971265e-14,1.7275070263167436e-13,8.637535131583718e-14,False,False,True,False,6.368312599005633e-48,1.2248112060065497
100,40.0,29.145733740690048,31,2,13,41.04073717382688,163.79062888688668,1.2095856184245304,591.0978429051253,1.1965279076171245,2.0472512574087887e-13,1.0236256287043943e-13,True,True,True,True,494.0109120248535,0.048732068128529385
100,40.0,29.145733740690048,31,3,13,41.04073717382688,163.79062888688668,1.2095856184245304,300.46313989939614,0.9679297104722605,2.0472512574087887e-13,1.0236256287043943e-13,True,True,True,True,310.41834613465664,0.07309810219279408
100,40.0,29.145733740690048,31,4,13,41.04073717382688,163.79062888688668,1.2095856184245304,133.02142999059973,0.5334003513066606,2.0472512574087887e-13,1.0236256287043943e-13,True,True,True,True,249.38384398274144,0.09746413625705877
100,40.0,29.145733740690048,31,7,13,41.04073717382688,163.79062888688668,1.2095856184245304,4.760797311584534,0.015306480014850798,2.0472512574087887e-13,1.0236256287043943e-13,True,True,True,True,311.03149169276463,0.17056223844985285
100,40.0,29.145733740690048,31,10,13,41.04073717382688,163.79062888688668,1.2095856184245304,0.04580584763309733,5.6731097544782116e-05,2.0472512574087887e-13,1.0236256287043943e-13,True,True,True,True,807.4204380928702,0.24366034064264694
100,40.0,29.145733740690048,31,15,13,41.04073717382688,163.79062888688668,1.2095856184245304,1.482604844039446e-06,1.174831343320193e-10,2.0472512574087887e-13,1.0236256287043943e-13,True,True,True,True,12619.72497132613,0.3654905109639704
100,40.0,29.145733740690048,31,22,13,41.04073717382688,163.79062888688668,1.2095856184245304,8.991907981018207e-15,4.263256414560601e-14,2.0472512574087887e-13,1.0236256287043943e-13,False,False,True,False,0.21091642412845513,0.5360527494138233
100,40.0,29.145733740690048,31,33,13,41.04073717382688,163.79062888688668,1.2095856184245304,4.324795390956615e-31,2.90878432451791e-14,2.0472512574087887e-13,1.0236256287043943e-13,False,False,True,False,1.486805107722584e-17,0.8040791241207349
100,40.0,29.145733740690048,31,49,13,41.04073717382688,163.79062888688668,1.2095856184245304,4.1120227864910104e-60,1.0880185641326534e-13,2.0472512574087887e-13,1.0236256287043943e-13,False,False,True,False,3.7793682222407964e-47,1.19393566914897
100,40.0,29.145733740690048,32,2,12,36.514769962154396,166.44212133808284,0.8673996599912915,535.3564793626099,0.8462501782777084,1.318944953254686e-13,6.59472476627343e-14,True,True,True,True,632.6219989130985,0.054772356557987165
100,40.0,29.145733740690048,32,3,12,36.514769962154396,166.44212133808284,0.8673996599912915,256.9231642900188,0.6177055208294713,1.318944953254686e-13,6.59472476627343e-14,True,True,True,True,415.9314683556909,0.08215853483698074
100,40.0,29.145733740690048,32,4,12,36.514769962154396,166.44212133808284,0.8673996599912915,105.48895615594932,0.2918756983197671,1.318944953254686e-13,6.59472476627343e-14,True,True,True,True,361.4174005003319,0.10954471311597433
100,40.0,29.145733740690048,32,7,12,36.514769962154396,166.44212133808284,0.8673996599912915,2.72132181090885,0.004474486403410971,1.318944953254686e-13,6.59472476627343e-14,True,True,True,True,608.1864074577014,0.19170324795295507
100,40.0,29.145733740690048,32,10,12,36.514769962154396,166.44212133808284,0.8673996599912915,0.016742057785848585,6.706170106340892e-06,1.318944953254686e-13,6.59472476627343e-14,True,True,True,True,2496.5155253098114,0.27386178278993584
100,40.0,29.145733740690048,32,15,12,36.514769962154396,166.44212133808284,0.8673996599912915,2.190236768367099e-07,3.506722690005404e-12,1.318944953254686e-13,6.59472476627343e-14,True,True,True,True,62458.22558508965,0.41079267418490373
100,40.0,29.145733740690048,32,22,12,36.514769962154396,166.44212133808284,0.8673996599912915,3.1592210680925557e-16,2.7644553313166398e-14,1.318944953254686e-13,6.59472476627343e-14,False,False,True,False,0.011428005481961972,0.6024959221378587
100,40.0,29.145733740690048,32,33,12,36.514769962154396,166.44212133808284,0.8673996599912915,1.3584740452066883e-33,1.7763568394002505e-14,1.318944953254686e-13,6.59472476627343e-14,False,False,True,False,7.647529004731665e-20,0.9037438832067882
100,40.0,29.145733740690048,32,49,12,36.514769962154396,166.44212133808284,0.8673996599912915,3.415207773031479e-64,6.861178292183467e-14,1.318944953254686e-13,6.59472476627343e-14,False,False,True,False,4.977582023953848e-51,1.3419227356706855
100,40.0,29.145733740690048,33,2,13,43.7200706461896,167.02209890232277,1.1256965172676323,640.366460495811,1.1189603757128201,2.0738966099997924e-13,1.0369483049998962e-13,True,True,True,True,572.2869856654874,0.04574558024357422
100,40.0,29.145733740690048,33,3,13,43.7200706461896,167.02209890232277,1.1256965172676323,335.07904368803895,0.9501225505791746,2.0738966099997924e-13,1.0369483049998962e-13,True,True,True,True,352.66928827631955,0.06861837036536132
100,40.0,29.145733740690048,33,4,13,43.7200706461896,167.02209890232277,1.1256965172676323,154.07301669386294,0.5654337169845841,2.0738966099997924e-13,1.0369483049998962e-13,True,True,True,True,272.48643309692045,0.09149116048714843
100,40.0,29.145733740690048,33,7,13,43.7200706461896,167.02209890232277,1.1256965172676323,6.506349687205172,0.02149488245941722,2.0738966099997924e-13,1.0369483049998962e-13,True,True,True,True,302.6929642201717,0.16010953085250976
100,40.0,29.145733740690048,33,10,13,43.7200706461896,167.02209890232277,1.1256965172676323,0.07872822297909568,0.00011250685127017768,2.0738966099997924e-13,1.0369483049998962e-13,True,True,True,True,699.7638107392688,0.2287279012178711
100,40.0,29.145733740690048,33,15,13,43.7200706461896,167.02209890232277,1.1256965172676323,4.086809200945338e-06,4.4166004187218277e-10,2.0738966099997924e-13,1.0369483049998962e-13,True,True,True,True,9253.29170287057,0.3430918518268066
100,40.0,29.145733740690048,33,22,13,43.7200706461896,167.02209890232277,1.1256965172676323,5.302959323481847e-14,4.196643033083092e-14,2.0738966099997924e-13,1.0369483049998962e-13,False,False,True,True,1.2636193456716267,0.5032013826793164
100,40.0,29.145733740690048,33,33,13,43.7200706461896,167.02209890232277,1.1256965172676323,9.285299339746103e-30,2.731148640577885e-14,2.0738966099997924e-13,1.0369483049998962e-13,False,False,True,False,3.399778101341794e-16,0.7548020740189746
100,40.0,29.145733740690048,33,49,13,43.7200706461896,167.02209890232277,1.1256965172676323,6.239810222527585e-58,1.099120794378905e-13,2.0738966099997924e-13,1.0369483049998962e-13,False,False,True,False,5.677092321825828e-45,1.1207667159675683
100,40.0,29.145733740690048,34,2,12,38.283035222351174,197.28337183843885,0.8741113150400307,665.1699005977915,0.8557137268767822,1.3300471835009375e-13,6.650235917504688e-14,True,True,True,True,777.3276035030489,0.052242461664385474
100,40.0,29.145733740690048,34,3,12,38.283035222351174,197.28337183843885,0.8741113150400307,326.9468030391717,0.631716470235411,1.3300471835009375e-13,6.650235917504688e-14,True,True,True,True,517.5530771222951,0.07836369249657821
100,40.0,29.145733740690048,34,4,12,38.283035222351174,197.28337183843885,0.8741113150400307,138.5168611465265,0.3012475357566241,1.3300471835009375e-13,6.650235917504688e-14,True,True,True,True,459.81076923541497,0.10448492332877095
100,40.0,29.145733740690048,34,7,12,38.283035222351174,197.28337183843885,0.8741113150400307,4.093722100078136,0.004666064781493784,1.3300471835009375e-13,6.650235917504688e-14,True,True,True,True,877.3393194870262,0.18284861582534917
100,40.0,29.145733740690048,34,10,12,38.283035222351174,197.28337183843885,0.8741113150400307,0.03029297376154601,1.0741248703594053e-05,1.3300471835009375e-13,6.650235917504688e-14,True,True,True,True,2820.246937528771,0.2612123083219274
100,40.0,29.145733740690048,34,15,12,38.283035222351174,197.28337183843885,0.8741113150400307,5.746740391439029e-07,6.266986929404084e-12,1.3300471835009375e-13,6.650235917504688e-14,True,True,True,True,91698.6177915242,0.39181846248289104
100,40.0,29.145733740690048,34,22,12,38.283035222351174,197.28337183843885,0.8741113150400307,1.48912716048824e-15,2.7422508708241367e-14,1.3300471835009375e-13,6.650235917504688e-14,False,False,True,False,0.054303097369086006,0.5746670783082402
100,40.0,29.145733740690048,34,33,12,38.283035222351174,197.28337183843885,0.8741113150400307,1.7081267487385726e-32,1.7430501486614958e-14,1.3300471835009375e-13,6.650235917504688e-14,False,False,True,False,9.799642024357468e-19,0.8620006174623603
100,40.0,29.145733740690048,34,49,12,38.283035222351174,197.28337183843885,0.8741113150400307,1.873456052994405e-62,6.88338275267597e-14,1.3300471835009375e-13,6.650235917504688e-14,False,False,True,False,2.7217083813421298e-49,1.279940310777444
100,40.0,29.145733740690048,35,2,12,40.2687924662137,168.4648508608711,0.8696776789785469,596.8765487298413,0.8563014756595348,1.3811174426336947e-13,6.905587213168474e-14,True,True,True,True,697.0401963515466,0.049666252139992505
100,40.0,29.145733740690048,35,3,12,40.2687924662137,168.4648508608711,0.8696776789785469,300.6860212172242,0.6628379670723292,1.3811174426336947e-13,6.905587213168474e-14,True,True,True,True,453.6342758778831,0.07449937820998875
100,40.0,29.145733740690048,35,4,12,40.2687924662137,168.4648508608711,0.8696776789785469,131.56360628760004,0.3405097771750727,1.3811174426336947e-13,6.905587213168474e-14,True,True,True,True,386.37247769821533,0.09933250427998501
100,40.0,29.145733740690048,35,7,12,40.2687924662137,168.4648508608711,0.8696776789785469,4.473315971544253,0.007364750783938945,1.3811174426336947e-13,6.905587213168474e-14,True,True,True,True,607.3954303110521,0.17383188248997375
100,40.0,29.145733740690048,35,10,12,40.2687924662137,168.4648508608711,0.8696776789785469,0.04010644318101536,1.8648180322156094e-05,1.3811174426336947e-13,6.905587213168474e-14,True,True,True,True,2150.689369587685,0.24833126069996253
100,40.0,29.145733740690048,35,15,12,40.2687924662137,168.4648508608711,0.8696776789785469,1.1236480424645786e-06,1.7956414133379894e-11,1.3811174426336947e-13,6.905587213168474e-14,True,True,True,True,62576.41609945855,0.37249689104994377
100,40.0,29.145733740690048,35,22,12,40.2687924662137,168.4648508608711,0.8696776789785469,5.410577167211981e-15,2.853273173286652e-14,1.3811174426336947e-13,6.905587213168474e-14,False,False,True,False,0.1896270296818303,0.5463287735399175
100,40.0,29.145733740690048,35,33,12,40.2687924662137,168.4648508608711,0.8696776789785469,1.7617562204207206e-31,1.7985612998927536e-14,1.3811174426336947e-13,6.905587213168474e-14,False,False,True,False,9.795363775067174e-18,0.8194931603098763
100,40.0,29.145733740690048,35,49,12,40.2687924662137,168.4648508608711,0.8696776789785469,9.297507479607038e-61,7.271960811294775e-14,1.3811174426336947e-13,6.905587213168474e-14,False,False,True,False,1.2785420220040505e-47,1.2168231774298164
100,40.0,29.145733740690048,36,2,12,40.485161307327886,160.9947808325424,1.0835241909358782,573.3875307554174,1.0719085184825758,1.851852005074761e-13,9.259260025373806e-14,True,True,True,True,534.9220767152043,0.049400815889499655
100,40.0,29.145733740690048,36,3,12,40.485161307327886,160.9947808325424,1.0835241909358782,289.59054971738345,0.8626955124554123,1.851852005074761e-13,9.259260025373806e-14,True,True,True,True,335.68106653661386,0.07410122383424948
100,40.0,29.145733740690048,36,4,12,40.485161307327886,160.9947808325424,1.0835241909358782,127.13246844595686,0.46914873448518035,1.851852005074761e-13,9.259260025373806e-14,True,True,True,True,270.98542338703203,0.09880163177899931
100,40.0,29.145733740690048,36,7,12,40.485161307327886,160.9947808325424,1.0835241909358782,4.385975084832544,0.012362494965657556,1.851852005074761e-13,9.259260025373806e-14,True,True,True,True,354.780737789304,0.17290285561324878
100,40.0,29.145733740690048,36,10,12,40.485161307327886,160.9947808325424,1.0835241909358782,0.04011789374978614,3.7505311720753554e-05,1.851852005074761e-13,9.259260025373806e-14,True,True,True,True,1069.658987198523,0.24700407944749828
100,40.0,29.145733740690048,36,15,12,40.485161307327886,160.9947808325424,1.0835241909358782,1.170835336577272e-06,7.039827054633463e-11,1.851852005074761e-13,9.259260025373806e-14,True,True,True,True,16631.592331613505,0.37050611917124743
100,40.0,29.145733740690048,36,22,12,40.485161307327886,160.9947808325424,1.0835241909358782,6.017795979524155e-15,3.8191672047105385e-14,1.851852005074761e-13,9.259260025373806e-14,False,False,True,False,0.15756827750567823,0.5434089747844962
100,40.0,29.145733740690048,36,33,12,40.485161307327886,160.9947808325424,1.0835241909358782,2.1877158438673677e-31,2.6201263381153694e-14,1.851852005074761e-13,9.259260025373806e-14,False,False,True,False,8.349657846808141e-18,0.8151134621767443
100,40.0,29.145733740690048,36,49,12,40.485161307327886,160.9947808325424,1.0835241909358782,1.3633091547617255e-60,9.681144774731365e-14,1.851852005074761e-13,9.259260025373806e-14,False,False,True,False,1.4082106883889203e-47,1.2103199892927414
100,40.0,29.145733740690048,37,2,12,38.39577220219015,176.2686071970446,1.1978301415935708,596.0448034329089,1.1800632041609596,1.9539925233402755e-13,9.769962616701378e-14,True,True,True,True,505.09566041143074,0.052089068282520884
100,40.0,29.145733740690048,37,3,12,38.39577220219015,176.2686071970446,1.1978301415935708,293.3974967586578,0.9191365658329487,1.9539925233402755e-13,9.769962616701378e-14,True,True,True,True,319.20990597602037,0.07813360242378133
100,40.0,29.145733740690048,37,4,12,38.39577220219015,176.2686071970446,1.1978301415935708,124.5408325146341,0.4762224942927804,1.9539925233402755e-13,9.769962616701378e-14,True,True,True,True,261.51816431851853,0.10417813656504177
100,40.0,29.145733740690048,37,7,12,38.39577220219015,176.2686071970446,1.1978301415935708,3.7113418253450634,0.010455946343558065,1.9539925233402755e-13,9.769962616701378e-14,True,True,True,True,354.9503510633096,0.18231173898882308
100,40.0,29.145733740690048,37,10,12,38.39577220219015,176.2686071970446,1.1978301415935708,0.027776004313461673,2.538288868692007e-05,1.9539925233402755e-13,9.769962616701378e-14,True,True,True,True,1094.2806650597963,0.2604453414126044
100,40.0,29.145733740690048,37,15,12,38.39577220219015,176.2686071970446,1.1978301415935708,5.391247150404928e-07,1.9410251184126537e-11,1.9539925233402755e-13,9.769962616701378e-14,True,True,True,True,27775.256998290795,0.3906680121189066
100,40.0,29.145733740690048,37,22,12,38.39577220219015,176.2686071970446,1.1978301415935708,1.4485475902842083e-15,3.907985046680551e-14,1.9539925233402755e-13,9.769962616701378e-14,False,False,True,False,0.0370663544763204,0.5729797511077297
100,40.0,29.145733740690048,37,33,12,38.39577220219015,176.2686071970446,1.1978301415935708,1.7658050593935355e-32,2.6201263381153694e-14,1.9539925233402755e-13,9.769962616701378e-14,False,False,True,False,6.739388989401409e-19,0.8594696266615945
100,40.0,29.145733740690048,37,49,12,38.39577220219015,176.2686071970446,1.1978301415935708,2.122234197277949e-62,1.0169642905566434e-13,1.9539925233402755e-13,9.769962616701378e-14,False,False,True,False,2.0868325633305447e-49,1.2761821729217615
100,40.0,29.145733740690048,38,2,12,40.891657420505396,153.31710077892194,0.8488603751647731,551.3564083384509,0.838392161851276,1.3944401189291966e-13,6.972200594645983e-14,True,True,True,True,657.6354520311667,0.04890973186616512
100,40.0,29.145733740690048,38,3,12,40.891657420505396,153.31710077892194,0.8488603751647731,279.78262681052587,0.6647392727632349,1.3944401189291966e-13,6.972200594645983e-14,True,True,True,True,420.8907736825986,0.07336459779924767
100,40.0,29.145733740690048,38,4,12,40.891657420505396,153.31710077892194,0.8488603751647731,123.58859268126854,0.35279834041166813,1.3944401189291966e-13,6.972200594645983e-14,True,True,True,True,350.309450257213,0.09781946373233023
100,40.0,29.145733740690048,38,7,12,40.891657420505396,153.31710077892194,0.8488603751647731,4.380205484872703,0.008361467524760191,1.3944401189291966e-13,6.972200594645983e-14,True,True,True,True,523.8560661632574,0.17118406153157792
100,40.0,29.145733740690048,38,10,12,40.891657420505396,153.31710077892194,0.8488603751647731,0.04158031314986178,2.2262238556503e-05,1.3944401189291966e-13,6.972200594645983e-14,True,True,True,True,1867.75076748586,0.2445486593308256
100,40.0,29.145733740690048,38,15,12,40.891657420505396,153.31710077892194,0.8488603751647731,1.3092319480498978e-06,2.882756533484354e-11,1.3944401189291966e-13,6.972200594645983e-14,True,True,True,True,45415.97366418747,0.3668229889962384
100,40.0,29.145733740690048,38,22,12,40.891657420505396,153.31710077892194,0.8488603751647731,7.597548389715076e-15,2.7533531010703882e-14,1.3944401189291966e-13,6.972200594645983e-14,False,False,True,False,0.27593803303911396,0.5380070505278163
100,40.0,29.145733740690048,38,33,12,40.891657420505396,153.31710077892194,0.8488603751647731,3.3911855630939433e-31,1.8207657603852567e-14,1.3944401189291966e-13,6.972200594645983e-14,False,False,True,False,1.8625051266212303e-17,0.8070105757917244
100,40.0,29.145733740690048,38,49,12,40.891657420505396,153.31710077892194,0.8488603751647731,2.8804871145311385e-60,7.382983113757291e-14,1.3944401189291966e-13,6.972200594645983e-14,False,False,True,False,3.901522013728707e-47,1.1982884307210453
100,40.0,29.145733740690048,39,2,12,35.769501062481524,143.43142239684863,0.8623717972192161,451.85575032580715,0.8430073002355566,1.3145040611561853e-13,6.572520305780927e-14,True,True,True,True,536.0045520359643,0.05591355597905701
100,40.0,29.145733740690048,39,3,12,35.769501062481524,143.43142239684863,0.8623717972192161,214.5403904479284,0.6216632616206795,1.3145040611561853e-13,6.572520305780927e-14,True,True,True,True,345.10707595719975,0.08387033396858552
100,40.0,29.145733740690048,39,4,12,35.769501062481524,143.43142239684863,0.8623717972192161,86.85746758302867,0.29729515668126694,1.3145040611561853e-13,6.572520305780927e-14,True,True,True,True,292.1590400349152,0.11182711195811403
100,40.0,29.145733740690048,39,7,12,35.769501062481524,143.43142239684863,0.8623717972192161,2.1085608250649903,0.004716264963496308,1.3145040611561853e-13,6.572520305780927e-14,True,True,True,True,447.08277448047596,0.19569744592669955
100,40.0,29.145733740690048,39,10,12,35.769501062481524,143.43142239684863,0.8623717972192161,0.01195017167003334,8.383986246141006e-06,1.3145040611561853e-13,6.572520305780927e-14,True,True,True,True,1425.3567836581058,0.2795677798952851
100,40.0,29.145733740690048,39,15,12,35.769501062481524,143.43142239684863,0.8623717972192161,1.326740589394585e-07,3.1562530367068575e-12,1.3145040611561853e-13,6.572520305780927e-14,True,True,True,True,42035.30496334563,0.4193516698429276
100,40.0,29.145733740690048,39,22,12,35.769501062481524,143.43142239684863,0.8623717972192161,1.479572907983802e-16,2.6423307986078726e-14,1.3145040611561853e-13,6.572520305780927e-14,False,False,True,False,0.005599499157196077,0.6150491157696272
100,40.0,29.145733740690048,39,33,12,35.769501062481524,143.43142239684863,0.8623717972192161,4.141119163350653e-34,1.765254609153999e-14,1.3145040611561853e-13,6.572520305780927e-14,False,False,True,False,2.3459047447751978e-20,0.9225736736544408
100,40.0,29.145733740690048,39,49,12,35.769501062481524,143.43142239684863,0.8623717972192161,5.470529931415889e-65,6.750155989720952e-14,1.3145040611561853e-13,6.572520305780927e-14,False,False,True,False,8.104301500211758e-52,1.3698821214868968
100,40.0,29.145733740690048,40,2,12,39.965676081034346,183.83217176684508,0.5141946476758832,646.5494927521087,0.5081540702288824,8.43769498715119e-14,4.218847493575595e-14,True,True,True,True,1272.3493338563446,0.05004294174693312
100,40.0,29.145733740690048,40,3,12,39.965676081034346,183.83217176684508,0.5141946476758832,324.5346517047055,0.40307278886372333,8.43769498715119e-14,4.218847493575595e-14,True,True,True,True,805.1514780235608,0.07506441262039967
100,40.0,29.145733740690048,40,4,12,39.965676081034346,183.83217176684508,0.5141946476758832,141.32821781629738,0.21367986677876177,8.43769498715119e-14,4.218847493575595e-14,True,True,True,True,661.4016563508284,0.10008588349386624
100,40.0,29.145733740690048,40,7,12,39.965676081034346,183.83217176684508,0.5141946476758832,4.707318078070736,0.005021824068126457,8.43769498715119e-14,4.218847493575595e-14,True,True,True,True,937.3721608345677,0.1751502961142659
100,40.0,29.145733740690048,40,10,12,39.965676081034346,183.83217176684508,0.5141946476758832,0.04102619378544952,1.6538012836686544e-05,8.43769498715119e-14,4.218847493575595e-14,True,True,True,True,2480.720881679354,0.2502147087346656
100,40.0,29.145733740690048,40,15,12,39.965676081034346,183.83217176684508,0.5141946476758832,1.0849137028163118e-06,1.8903933973746234e-11,8.43769498715119e-14,4.218847493575595e-14,True,True,True,True,57390.89568991507,0.3753220631019984
100,40.0,29.145733740690048,40,22,12,39.965676081034346,183.83217176684508,0.5141946476758832,4.76434691547638e-15,1.7208456881689926e-14,8.43769498715119e-14,4.218847493575595e-14,False,False,True,False,0.2768607870090735,0.5504723592162643
100,40.0,29.145733740690048,40,33,12,39.965676081034346,183.83217176684508,0.5141946476758832,1.3279474378957252e-31,1.1102230246251565e-14,8.43769498715119e-14,4.218847493575595e-14,False,False,True,False,1.1961087172949585e-17,0.8257085388243964
100,40.0,29.145733740690048,40,49,12,39.965676081034346,183.83217176684508,0.5141946476758832,5.5435077213989975e-61,4.463096558993129e-14,8.43769498715119e-14,4.218847493575595e-14,False,False,True,False,1.2420765825083577e-47,1.2260520727998614
100,40.0,29.145733740690048,41,2,13,41.59878819581107,182.1188044012451,0.7607433530481965,665.8592160167133,0.7474087299088007,1.1857181902996672e-13,5.928590951498336e-14,True,True,True,True,890.8903380055004,0.04807832359408481
100,40.0,29.145733740690048,41,3,13,41.59878819581107,182.1188044012451,0.7607433530481965,340.6082029202656,0.5699765686290014,1.1857181902996672e-13,5.928590951498336e-14,True,True,True,True,597.5828159735598,0.07211748539112722
100,40.0,29.145733740690048,41,4,13,41.59878819581107,182.1188044012451,0.7607433530481965,152.04441663798607,0.2859780427669218,1.1857181902996672e-13,5.928590951498336e-14,True,True,True,True,531.6646521771796,0.09615664718816962
100,40.0,29.145733740690048,41,7,13,41.59878819581107,182.1188044012451,0.7607433530481965,5.641167874043359,0.0068916177380324295,1.1857181902996672e-13,5.928590951498336e-14,True,True,True,True,818.5549588613607,0.16827413257929685
100,40.0,29.145733740690048,41,10,13,41.59878819581107,182.1188044012451,0.7607433530481965,0.05704274675792639,2.6018120167781156e-05,1.1857181902996672e-13,5.928590951498336e-14,True,True,True,True,2192.4238334698657,0.24039161797042405
100,40.0,29.145733740690048,41,15,13,41.59878819581107,182.1188044012451,0.7607433530481965,2.044512281528191e-06,7.115739941720989e-11,1.1857181902996672e-13,5.928590951498336e-14,True,True,True,True,28732.25129463785,0.36058742695563606
100,40.0,29.145733740690048,41,22,13,41.59878819581107,182.1188044012451,0.7607433530481965,1.460187996335549e-14,2.375877272697835e-14,1.1857181902996672e-13,5.928590951498336e-14,False,False,True,False,0.6145889828212757,0.528861559534933
100,40.0,29.145733740690048,41,33,13,41.59878819581107,182.1188044012451,0.7607433530481965,9.26333540611871e-31,1.587618925213974e-14,1.1857181902996672e-13,5.928590951498336e-14,False,False,True,False,5.834734808839741e-17,0.7932923393023994
100,40.0,29.145733740690048,41,49,13,41.59878819581107,182.1188044012451,0.7607433530481965,1.3382093357285619e-59,6.228351168147128e-14,1.1857181902996672e-13,5.928590951498336e-14,False,False,True,False,2.1485772070341784e-46,1.177918928055078
100,40.0,29.145733740690048,42,2,12,40.175113169388354,160.51348058595252,0.6230131802883782,567.4174857659513,0.614303813612197,1.0125233984581428e-13,5.062616992290714e-14,True,True,True,True,923.675668606797,0.049782062630850554
100,40.0,29.145733740690048,42,3,12,40.175113169388354,160.51348058595252,0.6230131802883782,285.5279728247006,0.48000334189730315,1.0125233984581428e-13,5.062616992290714e-14,True,True,True,True,594.8458018981655,0.07467309394627583
100,40.0,29.145733740690048,42,4,12,40.175113169388354,160.51348058595252,0.6230131802883782,124.74960635788958,0.24898496390144975,1.0125233984581428e-13,5.062616992290714e-14,True,True,True,True,501.0326905012082,0.09956412526170111
100,40.0,29.145733740690048,42,7,12,40.175113169388354,160.51348058595252,0.6230131802883782,4.214828434094086,0.0053219498418920486,1.0125233984581428e-13,5.062616992290714e-14,True,True,True,True,791.9707173706919,0.17423721920797694
100,40.0,29.145733740690048,42,10,12,40.175113169388354,160.51348058595252,0.6230131802883782,0.037461048585376175,1.3476231669889982e-05,1.0125233984581428e-13,5.062616992290714e-14,True,True,True,True,2779.786627524043,0.24891031315425277
100,40.0,29.145733740690048,42,15,12,40.175113169388354,160.51348058595252,0.6230131802883782,1.03103366749454e-06,3.111719215631581e-11,1.0125233984581428e-13,5.062616992290714e-14,True,True,True,True,33133.89146151712,0.3733654697313792
100,40.0,29.145733740690048,42,22,12,40.175113169388354,160.51348058595252,0.6230131802883782,4.825722946034177e-15,2.098321516541546e-14,1.0125233984581428e-13,5.062616992290714e-14,False,False,True,False,0.22998014879950024,0.5476026889393562
100,40.0,29.145733740690048,42,33,12,40.175113169388354,160.51348058595252,0.6230131802883782,1.4978110457890606e-31,1.3655743202889425e-14,1.0125233984581428e-13,5.062616992290714e-14,False,False,True,False,1.0968359784856953e-17,0.8214040334090341
100,40.0,29.145733740690048,42,49,12,40.175113169388354,160.51348058595252,0.6230131802883782,7.353562478222864e-61,5.306866057708248e-14,1.0125233984581428e-13,5.062616992290714e-14,False,False,True,False,1.3856695078146508e-47,1.2196605344558387
100,40.0,29.145733740690048,43,2,12,38.34078732433586,152.36266931904999,1.309392172127447,514.4790498004919,1.290797353079764,2.1271873151818e-13,1.0635936575909e-13,True,True,True,True,398.5746086114727,0.05216376969730483
100,40.0,29.145733740690048,43,3,12,38.34078732433586,152.36266931904999,1.309392172127447,253.06779511901576,1.007891408889412,2.1271873151818e-13,1.0635936575909e-13,True,True,True,True,251.0863699075174,0.07824565454595725
100,40.0,29.145733740690048,43,4,12,38.34078732433586,152.36266931904999,1.309392172127447,107.32183072241475,0.52311021049073,2.1271873151818e-13,1.0635936575909e-13,True,True,True,True,205.161032168988,0.10432753939460966
100,40.0,29.145733740690048,43,7,12,38.34078732433586,152.36266931904999,1.309392172127447,3.185312613261991,0.01143278056511532,2.1271873151818e-13,1.0635936575909e-13,True,True,True,True,278.61224092599923,0.18257319394056692
100,40.0,29.145733740690048,43,10,12,38.34078732433586,152.36266931904999,1.309392172127447,0.02370808200338548,2.68745799216763e-05,2.1271873151818e-13,1.0635936575909e-13,True,True,True,True,882.1749799431541,0.26081884848652415
100,40.0,29.145733740690048,43,15,12,38.34078732433586,152.36266931904999,1.309392172127447,4.550646016084077e-07,1.5311085732605534e-11,2.1271873151818e-13,1.0635936575909e-13,True,True,True,True,29721.249658953348,0.3912282727297862
100,40.0,29.145733740690048,43,22,12,38.34078732433586,152.36266931904999,1.309392172127447,1.2012961580270927e-15,4.196643033083092e-14,2.1271873151818e-13,1.0635936575909e-13,False,False,True,False,0.02862516893995991,0.5738014666703531
100,40.0,29.145733740690048,43,33,12,38.34078732433586,152.36266931904999,1.309392172127447,1.4216226370884218e-32,2.864375403532904e-14,2.1271873151818e-13,1.0635936575909e-13,False,False,True,False,4.963115642366572e-19,0.8607022000055298
100,40.0,29.145733740690048,43,49,12,38.34078732433586,152.36266931904999,1.309392172127447,1.634083614658733e-62,1.1124434706744069e-13,2.1271873151818e-13,1.0635936575909e-13,False,False,True,False,1.4689138439260085e-49,1.2780123575839684
100,40.0,29.145733740690048,44,2,12,40.07852598786233,186.3964011142548,0.9449946965366673,657.3716797487622,0.9343704544452929,1.5787371410169726e-13,7.893685705084863e-14,True,True,True,True,703.5450196667698,0.04990203483545514
100,40.0,29.145733740690048,44,3,12,40.07852598786233,186.3964011142548,0.9449946965366673,330.4129525895039,0.7517417917207163,1.5787371410169726e-13,7.893685705084863e-14,True,True,True,True,439.5298441945042,0.07485305225318271
100,40.0,29.145733740690048,44,4,12,40.07852598786233,186.3964011142548,0.9449946965366673,144.14286354829378,0.40942176177409983,1.5787371410169726e-13,7.893685705084863e-14,True,True,True,True,352.06448949781327,0.09980406967091028
100,40.0,29.145733740690048,44,7,12,40.07852598786233,186.3964011142548,0.9449946965366673,4.838196121950611,0.010808749716071375,1.5787371410169726e-13,7.893685705084863e-14,True,True,True,True,447.6184803092227,0.174657121924093
100,40.0,29.145733740690048,44,10,12,40.07852598786233,186.3964011142548,0.9449946965366673,0.042615408584899435,3.0467189003791084e-05,1.5787371410169726e-13,7.893685705084863e-14,True,True,True,True,1398.7312245838211,0.2495101741772757
100,40.0,29.145733740690048,44,15,12,40.07852598786233,186.3964011142548,0.9449946965366673,1.1515159287174999e-06,3.4921329716830485e-11,1.5787371410169726e-13,7.893685705084863e-14,True,True,True,True,32974.57279132535,0.37426526126591353
100,40.0,29.145733740690048,44,22,12,40.07852598786233,186.3964011142548,0.9449946965366673,5.233784205772983e-15,3.297362383136715e-14,1.5787371410169726e-13,7.893685705084863e-14,False,False,True,False,0.15872638787108953,0.5489223831900065
100,40.0,29.145733740690048,44,33,12,40.07852598786233,186.3964011142548,0.9449946965366673,1.5459654290987672e-31,2.1760371282653068e-14,1.5787371410169726e-13,7.893685705084863e-14,False,False,True,False,7.104499316751915e-18,0.8233835747850098
100,40.0,29.145733740690048,44,49,12,40.07852598786233,186.3964011142548,0.9449946965366673,7.043770661392812e-61,8.348877145181177e-14,1.5787371410169726e-13,7.893685705084863e-14,False,False,True,False,8.436788012215931e-48,1.2225998534686509
100,40.0,29.145733740690048,45,2,12,39.04282551401638,154.44105535921483,0.605413658706037,530.9028247127433,0.5958722973235328,9.792167077193881e-14,4.8960835385969403e-14,True,True,True,True,890.9674557743135,0.05122580073724428
100,40.0,29.145733740690048,45,3,12,39.04282551401638,154.44105535921483,0.605413658706037,263.48887095552584,0.4618918184662736,9.792167077193881e-14,4.8960835385969403e-14,True,True,True,True,570.455808960741,0.07683870110586642
100,40.0,29.145733740690048,45,4,12,39.04282551401638,154.44105535921483,0.605413658706037,113.05664604288066,0.23837949070570275,9.792167077193881e-14,4.8960835385969403e-14,True,True,True,True,474.2716989124602,0.10245160147448856
100,40.0,29.145733740690048,45,7,12,39.04282551401638,154.44105535921483,0.605413658706037,3.530573838332497,0.005342546541979298,9.792167077193881e-14,4.8960835385969403e-14,True,True,True,True,660.8410072969614,0.17929030258035497
100,40.0,29.145733740690048,45,10,12,39.04282551401638,154.44105535921483,0.605413658706037,0.02816824738580696,1.4189683413268206e-05,9.792167077193881e-14,4.8960835385969403e-14,True,True,True,True,1985.1216243110791,0.2561290036862214
100,40.0,29.145733740690048,45,15,12,39.04282551401638,154.44105535921483,0.605413658706037,6.22376379307084e-07,1.4283019211802639e-11,9.792167077193881e-14,4.8960835385969403e-14,True,True,True,True,43574.56711902965,0.3841935055293321
100,40.0,29.145733740690048,45,22,12,39.04282551401638,154.44105535921483,0.605413658706037,2.053598838988076e-15,2.0095036745715333e-14,9.792167077193881e-14,4.8960835385969403e-14,False,False,True,False,0.10219433111641085,0.5634838081096871
100,40.0,29.145733740690048,45,33,12,39.04282551401638,154.44105535921483,0.605413658706037,3.5360364683832477e-32,1.354472090042691e-14,9.792167077193881e-14,4.8960835385969403e-14,False,False,True,False,2.610638118258898e-18,0.8452257121645306
100,40.0,29.145733740690048,45,49,12,39.04282551401638,154.44105535921483,0.605413658706037,7.145389979735384e-62,5.0959236830294685e-14,9.792167077193881e-14,4.8960835385969403e-14,False,False,True,False,1.4021775882419672e-48,1.2550321180624848
100,40.0,29.145733740690048,46,2,13,41.023858580105355,162.50009825219738,0.5153943295094262,586.2073585470384,0.5079145522515462,8.171241461241152e-14,4.085620730620576e-14,True,True,True,True,1154.1456253781787,0.04875211813863618
100,40.0,29.145733740690048,46,3,13,41.023858580105355,162.50009825219738,0.5153943295094262,297.9196547243347,0.39151405170437725,8.171241461241152e-14,4.085620730620576e-14,True,True,True,True,760.9424321487357,0.07312817720795428
100,40.0,29.145733740690048,46,4,13,41.023858580105355,162.50009825219738,0.5153943295094262,131.86202915157554,0.19784955132076704,8.171241461241152e-14,4.085620730620576e-14,True,True,True,True,666.4762607310234,0.09750423627727237
100,40.0,29.145733740690048,46,7,13,41.023858580105355,162.50009825219738,0.5153943295094262,4.714101495635397,0.0037260288560728716,8.171241461241152e-14,4.085620730620576e-14,True,True,True,True,1265.1811560589806,0.17063241348522665
100,40.0,29.145733740690048,46,10,13,41.023858580105355,162.50009825219738,0.5153943295094262,0.0452876495364388,1.0807951023594775e-05,8.171241461241152e-14,4.085620730620576e-14,True,True,True,True,4190.216021295026,0.24376059069318093
100,40.0,29.145733740690048,46,15,13,41.023858580105355,162.50009825219738,0.5153943295094262,1.4612735055745793e-06,1.4359974364122619e-11,8.171241461241152e-14,4.085620730620576e-14,True,True,True,True,101760.17508955084,0.3656408860397714
100,40.0,29.145733740690048,46,22,13,41.023858580105355,162.50009825219738,0.5153943295094262,8.818444058407055e-15,1.6542323066914832e-14,8.171241461241152e-14,4.085620730620576e-14,False,False,True,False,0.5330837768514037,0.536273299524998
100,40.0,29.145733740690048,46,33,13,41.023858580105355,162.50009825219738,0.5153943295094262,4.205716991061941e-31,1.0880185641326534e-14,8.171241461241152e-14,4.085620730620576e-14,False,False,True,False,3.865482749749453e-17,0.8044099492874971
100,40.0,29.145733740690048,46,49,13,41.023858580105355,162.50009825219738,0.5153943295094262,3.948158172321934e-60,4.241051954068098e-14,8.171241461241152e-14,4.085620730620576e-14,False,False,True,False,9.309384122339707e-47,1.1944268943965866
100,40.0,29.145733740690048,47,2,12,37.15692927152609,162.71367084309978,1.3502729446512336,532.5797628565839,1.3267226563150027,2.1271873151818e-13,1.0635936575909e-13,True,True,True,True,401.42509085948245,0.05382576114901481
100,40.0,29.145733740690048,47,3,12,37.15692927152609,162.71367084309978,1.3502729446512336,257.88031907142334,1.0116436830654307,2.1271873151818e-13,1.0635936575909e-13,True,True,True,True,254.91220217973154,0.08073864172352221
100,40.0,29.145733740690048,47,4,12,37.15692927152609,162.71367084309978,1.3502729446512336,107.12841030122976,0.5080390634081972,2.1271873151818e-13,1.0635936575909e-13,True,True,True,True,210.86648255461935,0.10765152229802961
100,40.0,29.145733740690048,47,7,12,37.15692927152609,162.71367084309978,1.3502729446512336,2.90725751301444,0.009950291049573234,2.1271873151818e-13,1.0635936575909e-13,True,True,True,True,292.178138160002,0.18839016402155181
100,40.0,29.145733740690048,47,10,12,37.15692927152609,162.71367084309978,1.3502729446512336,0.019156957610593457,2.121013215972134e-05,2.1271873151818e-13,1.0635936575909e-13,True,True,True,True,903.1984084933274,0.26912880574507403
100,40.0,29.145733740690048,47,15,12,37.15692927152609,162.71367084309978,1.3502729446512336,2.8763571766622193e-07,1.1198819649393954e-11,2.1271873151818e-13,1.0635936575909e-13,True,True,True,True,25684.467352038115,0.40369320861761104
100,40.0,29.145733740690048,47,22,12,37.15692927152609,162.71367084309978,1.3502729446512336,5.152582150979973e-16,4.39648317751562e-14,2.1271873151818e-13,1.0635936575909e-13,False,False,True,False,0.011719781340984482,0.5920833726391629
100,40.0,29.145733740690048,47,33,12,37.15692927152609,162.71367084309978,1.3502729446512336,3.183034447381423e-33,2.9531932455029164e-14,2.1271873151818e-13,1.0635936575909e-13,False,False,True,False,1.0778280264010848e-19,0.8881250589587443
100,40.0,29.145733740690048,47,49,12,37.15692927152609,162.71367084309978,1.3502729446512336,1.377960700455712e-63,1.1146639167236572e-13,2.1271873151818e-13,1.0635936575909e-13,False,False,True,False,1.2362118121720183e-50,1.3187311481508628
100,40.0,29.145733740690048,48,2,13,43.534720104934415,179.2926480085147,0.8595772114385288,684.6484739868271,0.8519008961467053,1.503241975342462e-13,7.51620987671231e-14,True,True,True,True,803.6715034384988,0.04594034359654264
100,40.0,29.145733740690048,48,3,13,43.534720104934415,179.2926480085147,0.8595772114385288,357.5693116390063,0.6987115710863229,1.503241975342462e-13,7.51620987671231e-14,True,True,True,True,511.7552455630223,0.06891051539481396
100,40.0,29.145733740690048,48,4,13,43.534720104934415,179.2926480085147,0.8595772114385288,164.0065399482094,0.39170725866315786,1.503241975342462e-13,7.51620987671231e-14,True,True,True,True,418.69670862863455,0.09188068719308529
100,40.0,29.145733740690048,48,7,13,43.534720104934415,179.2926480085147,0.8595772114385288,6.851010681061426,0.011598231806687176,1.503241975342462e-13,7.51620987671231e-14,True,True,True,True,590.6944088763038,0.16079120258789925
100,40.0,29.145733740690048,48,10,13,43.534720104934415,179.2926480085147,0.8595772114385288,0.08165509283444632,4.065086118454353e-05,1.503241975342462e-13,7.51620987671231e-14,True,True,True,True,2008.6928162174734,0.22970171798271322
100,40.0,29.145733740690048,48,15,13,43.534720104934415,179.2926480085147,0.8595772114385288,4.108033978041515e-06,6.721580236845881e-11,1.503241975342462e-13,7.51620987671231e-14,True,True,True,True,61117.08606143518,0.3445525769740698
100,40.0,29.145733740690048,48,22,13,43.534720104934415,179.2926480085147,0.8595772114385288,5.066995074670916e-14,3.0531133177191805e-14,1.503241975342462e-13,7.51620987671231e-14,False,False,True,True,1.6596157912855327,0.5053437795619691
100,40.0,29.145733740690048,48,33,13,43.534720104934415,179.2926480085147,0.8595772114385288,8.137375344816714e-30,2.0317081350640365e-14,1.503241975342462e-13,7.51620987671231e-14,False,False,True,False,4.0051891334087883e-16,0.7580156693429536
100,40.0,29.145733740690048,48,49,13,43.534720104934415,179.2926480085147,0.8595772114385288,4.796443337773618e-58,7.860379014346108e-14,1.503241975342462e-13,7.51620987671231e-14,False,False,True,False,6.102050968559594e-45,1.1255384181152948
100,40.0,29.145733740690048,49,2,12,39.833579409274236,154.48084491583137,1.343125229655522,541.5673915287225,1.3196063908276312,2.1405099914773018e-13,1.0702549957386509e-13,True,True,True,True,410.4007037955175,0.05020889484850942
100,40.0,29.145733740690048,49,3,12,39.833579409274236,154.48084491583137,1.343125229655522,271.40708602257746,1.0092343246836148,2.1405099914773018e-13,1.0702549957386509e-13,True,True,True,True,268.92375673772386,0.07531334227276412
100,40.0,29.145733740690048,49,4,12,39.833579409274236,154.48084491583137,1.343125229655522,117.94639137292214,0.5105757996315998,2.1405099914773018e-13,1.0702549957386509e-13,True,True,True,True,231.00662322425978,0.10041778969701884
100,40.0,29.145733740690048,49,7,12,39.833579409274236,154.48084491583137,1.343125229655522,3.893067192729727,0.010496840720997769,2.1405099914773018e-13,1.0702549957386509e-13,True,True,True,True,370.87989579017585,0.17573113196978296
100,40.0,29.145733740690048,49,10,12,39.833579409274236,154.48084491583137,1.343125229655522,0.03350995795920918,2.4823477356550327e-05,2.1405099914773018e-13,1.0702549957386509e-13,True,True,True,True,1349.9300471844124,0.2510444742425471
100,40.0,29.145733740690048,49,15,12,39.833579409274236,154.48084491583137,1.343125229655522,8.639589587386896e-07,1.6441736860883793e-11,2.1405099914773018e-13,1.0702549957386509e-13,True,True,True,True,52546.69662024071,0.37656671136382064
100,40.0,29.145733740690048,49,22,12,39.833579409274236,154.48084491583137,1.343125229655522,3.643757487463251e-15,4.285460875053104e-14,2.1405099914773018e-13,1.0702549957386509e-13,False,False,True,False,0.08502603555838317,0.5522978433336035
100,40.0,29.145733740690048,49,33,12,39.833579409274236,154.48084491583137,1.343125229655522,9.486799233361928e-32,2.90878432451791e-14,2.1405099914773018e-13,1.0702549957386509e-13,False,False,True,False,3.2614309536112588e-18,0.8284467650004054
100,40.0,29.145733740690048,49,49,12,39.833579409274236,154.48084491583137,1.343125229655522,3.573517491557327e-61,1.1168843627729075e-13,2.1405099914773018e-13,1.0702549957386509e-13,False,False,True,False,3.1995411617056713e-48,1.2301179237884807
100,40.0,29.145733740690048,50,2,12,38.50834990586779,198.8376461379157,0.6236229744593135,674.3070345921168,0.6133986990656889,9.814371537686384e-14,4.907185768843192e-14,True,True,True,True,1099.296486313391,0.051936787862604465
100,40.0,29.145733740690048,50,3,12,38.50834990586779,198.8376461379157,0.6236229744593135,332.4022672863215,0.47106509627119386,9.814371537686384e-14,4.907185768843192e-14,True,True,True,True,705.6397723319249,0.0779051817939067
100,40.0,29.145733740690048,50,4,12,38.50834990586779,198.8376461379157,0.6236229744593135,141.36554651051298,0.2389364458365607,9.814371537686384e-14,4.907185768843192e-14,True,True,True,True,591.6449707601787,0.10387357572520893
100,40.0,29.145733740690048,50,7,12,38.50834990586779,198.8376461379157,0.6236229744593135,4.247591746797121,0.005223942773430745,9.814371537686384e-14,4.907185768843192e-14,True,True,True,True,813.1007422976763,0.18177875751911562
100,40.0,29.145733740690048,50,10,12,38.50834990586779,198.8376461379157,0.6236229744593135,0.032148980066679406,1.635436497804399e-05,9.814371537686384e-14,4.907185768843192e-14,True,True,True,True,1965.7736701999713,0.2596839393130223
100,40.0,29.145733740690048,50,15,12,38.50834990586779,198.8376461379157,0.6236229744593135,6.383693517165444e-07,2.0732082717245248e-11,9.814371537686384e-14,4.907185768843192e-14,True,True,True,True,30791.37587973926,0.3895259089695335
100,40.0,29.145733740690048,50,22,12,38.50834990586779,198.8376461379157,0.6236229744593135,1.7781578091342836e-15,1.9761969838327786e-14,9.814371537686384e-14,4.907185768843192e-14,False,False,True,False,0.0899787735575629,0.5713046664886491
100,40.0,29.145733740690048,50,33,12,38.50834990586779,198.8376461379157,0.6236229744593135,2.3029178075787265e-32,1.354472090042691e-14,9.814371537686384e-14,4.907185768843192e-14,False,False,True,False,1.700232750832202e-18,0.8569569997329737
100,40.0,29.145733740690048,50,49,12,38.50834990586779,198.8376461379157,0.6236229744593135,3.031638335222039e-62,5.1514348342607263e-14,9.814371537686384e-14,4.907185768843192e-14,False,False,True,False,5.8850367572534855e-49,1.2724513026338093
100,40.0,29.145733740690048,51,2,12,40.536761764781666,154.80936700520985,0.5760166225568426,552.0400585795308,0.5701303512472856,9.814371537686384e-14,4.907185768843192e-14,True,True,True,True,968.2699006846797,0.04933793211221918
100,40.0,29.145733740690048,51,3,12,40.536761764781666,154.80936700520985,0.5760166225568426,278.9775620167606,0.46288008456252266,9.814371537686384e-14,4.907185768843192e-14,True,True,True,True,602.6994276075367,0.07400689816832877
100,40.0,29.145733740690048,51,4,12,40.536761764781666,154.80936700520985,0.5760166225568426,122.57022591755516,0.25589236544482025,9.814371537686384e-14,4.907185768843192e-14,True,True,True,True,478.99133569104384,0.09867586422443836
100,40.0,29.145733740690048,51,7,12,40.536761764781666,154.80936700520985,0.5760166225568426,4.24318662426925,0.007261581368234737,9.814371537686384e-14,4.907185768843192e-14,True,True,True,True,584.3336883658377,0.17268276239276714
100,40.0,29.145733740690048,51,10,12,40.536761764781666,154.80936700520985,0.5760166225568426,0.038996435361274874,2.4515354424825553e-05,9.814371537686384e-14,4.907185768843192e-14,True,True,True,True,1590.694333253653,0.2466896605610959
100,40.0,29.145733740690048,51,15,12,40.536761764781666,154.80936700520985,0.5760166225568426,1.1491954195920777e-06,4.8826935550305706e-11,9.814371537686384e-14,4.907185768843192e-14,True,True,True,True,23536.095530879218,0.37003449084164386
100,40.0,29.145733740690048,51,22,12,40.536761764781666,154.80936700520985,0.5760166225568426,5.9987891650219224e-15,2.042810365310288e-14,9.814371537686384e-14,4.907185768843192e-14,False,False,True,False,0.2936537461768141,0.542717253234411
100,40.0,29.145733740690048,51,33,12,40.536761764781666,154.80936700520985,0.5760166225568426,2.238650339913828e-31,1.3100631690576847e-14,9.814371537686384e-14,4.907185768843192e-14,False,False,True,False,1.7088109892625e-17,0.8140758798516164
100,40.0,29.145733740690048,51,49,12,40.536761764781666,154.80936700520985,0.5760166225568426,1.451254877501821e-60,5.206945985491984e-14,9.814371537686384e-14,4.907185768843192e-14,False,False,True,False,2.787151780612715e-47,1.20877933674937
100,40.0,29.145733740690048,52,2,13,40.743580904104405,199.07760465085985,1.3218561999020575,713.4092427161374,1.3018725262702358,2.1316282072803006e-13,1.0658141036401503e-13,True,True,True,True,547.9870174079176,0.04908748704997908
100,40.0,29.145733740690048,52,3,13,40.743580904104405,199.07760465085985,1.3218561999020575,361.39632300376115,1.0087046547411416,2.1316282072803006e-13,1.0658141036401503e-13,True,True,True,True,358.2776398474183,0.07363123057496862
100,40.0,29.145733740690048,52,4,13,40.743580904104405,199.07760465085985,1.3218561999020575,159.28274828784635,0.5172898635530052,2.1316282072803006e-13,1.0658141036401503e-13,True,True,True,True,307.91778364612225,0.09817497409995816
100,40.0,29.145733740690048,52,7,13,40.743580904104405,199.07760465085985,1.3218561999020575,5.590418439084897,0.01072517111026916,2.1316282072803006e-13,1.0658141036401503e-13,True,True,True,True,521.2428204275614,0.1718062046749268
100,40.0,29.145733740690048,52,10,13,40.743580904104405,199.07760465085985,1.3218561999020575,0.05235943161257346,2.270365390111273e-05,2.1316282072803006e-13,1.0658141036401503e-13,True,True,True,True,2306.21167150576,0.24543743524989542
100,40.0,29.145733740690048,52,15,13,40.743580904104405,199.07760465085985,1.3218561999020575,1.6038627080019779e-06,1.0955215901109483e-11,2.1316282072803006e-13,1.0658141036401503e-13,True,True,True,True,146401.7434690217,0.3681561528748431
100,40.0,29.145733740690048,52,22,13,40.743580904104405,199.07760465085985,1.3218561999020575,8.90629466848246e-15,4.263256414560601e-14,2.1316282072803006e-13,1.0658141036401503e-13,False,False,True,False,0.208908257032445,0.5399623575497698
100,40.0,29.145733740690048,52,33,13,40.743580904104405,199.07760465085985,1.3218561999020575,3.689991682984027e-31,2.7755575615628914e-14,2.1316282072803006e-13,1.0658141036401503e-13,False,False,True,False,1.3294596134789674e-17,0.8099435363246549
100,40.0,29.145733740690048,52,49,13,40.743580904104405,199.07760465085985,1.3218561999020575,2.800952470108372e-60,1.1191048088221578e-13,2.1316282072803006e-13,1.0658141036401503e-13,False,False,True,False,2.502850892988598e-47,1.2026434327244875
100,40.0,29.145733740690048,53,2,12,40.98516255183963,150.79942270792424,0.9858073767899138,543.5018927634426,0.9752216359201675,1.6409096303959814e-13,8.204548151979907e-14,True,True,True,True,557.3111513780383,0.048798147316612986
100,40.0,29.145733740690048,53,3,12,40.98516255183963,150.79942270792424,0.9858073767899138,276.0935645647433,0.7848863450341867,1.6409096303959814e-13,8.204548151979907e-14,True,True,True,True,351.7624765821575,0.07319722097491947
100,40.0,29.145733740690048,53,4,12,40.98516255183963,150.79942270792424,0.9858073767899138,122.13069124265469,0.4264106608302053,1.6409096303959814e-13,8.204548151979907e-14,True,True,True,True,286.4156609144595,0.09759629463322597
100,40.0,29.145733740690048,53,7,12,40.98516255183963,150.79942270792424,0.9858073767899138,4.355166192588128,0.011040869716349322,1.6409096303959814e-13,8.204548151979907e-14,True,True,True,True,394.45861643843125,0.17079351560814546
100,40.0,29.145733740690048,53,10,12,40.98516255183963,150.79942270792424,0.9858073767899138,0.04169365214620744,3.136696627781266e-05,1.6409096303959814e-13,8.204548151979907e-14,True,True,True,True,1329.2216970214088,0.24399073658306492
100,40.0,29.145733740690048,53,15,12,40.98516255183963,150.79942270792424,0.9858073767899138,1.3357258362806075e-06,2.4615476323930352e-11,1.6409096303959814e-13,8.204548151979907e-14,True,True,True,True,54263.6599309703,0.3659861048745974
100,40.0,29.145733740690048,53,22,12,40.98516255183963,150.79942270792424,0.9858073767899138,7.969073305286147e-15,3.341771304121721e-14,1.6409096303959814e-13,8.204548151979907e-14,False,False,True,False,0.2384685419812283,0.5367796204827429
100,40.0,29.145733740690048,53,33,12,40.98516255183963,150.79942270792424,0.9858073767899138,3.7277399576376076e-31,2.1871393585115584e-14,1.6409096303959814e-13,8.204548151979907e-14,False,False,True,False,1.704390688746278e-17,0.8051694307241143
100,40.0,29.145733740690048,53,49,12,40.98516255183963,150.79942270792424,0.9858073767899138,3.3986023000435227e-60,8.615330671091215e-14,1.6409096303959814e-13,8.204548151979907e-14,False,False,True,False,3.94483094125168e-47,1.1955546092570182
100,40.0,29.145733740690048,54,2,12,37.89187742653603,164.7445725608412,0.6795872410384716,549.8402850240722,0.6724763480551922,1.1457501614131615e-13,5.728750807065808e-14,True,True,True,True,817.6351281561282,0.0527817605205115
100,40.0,29.145733740690048,54,3,12,37.89187742653603,164.7445725608412,0.6795872410384716,268.8801246067364,0.541269890543127,1.1457501614131615e-13,5.728750807065808e-14,True,True,True,True,496.7579562516099,0.07917264078076724
100,40.0,29.145733740690048,54,4,12,37.89187742653603,164.7445725608412,0.6795872410384716,113.15411707644901,0.2939584196397063,1.1457501614131615e-13,5.728750807065808e-14,True,True,True,True,384.9323901493882,0.105563521041023
100,40.0,29.145733740690048,54,7,12,37.89187742653603,164.7445725608412,0.6795872410384716,3.248167620130166,0.00765195401369978,1.1457501614131615e-13,5.728750807065808e-14,True,True,True,True,424.48864882287126,0.18473616182179023
100,40.0,29.145733740690048,54,10,12,37.89187742653603,164.7445725608412,0.6795872410384716,0.023100913039918104,2.2585822526788313e-05,1.1457501614131615e-13,5.728750807065808e-14,True,True,True,True,1022.8059222779626,0.2639088026025575
100,40.0,29.145733740690048,54,15,12,37.89187742653603,164.7445725608412,0.6795872410384716,4.044862616519638e-07,1.8371637544589703e-11,1.1457501614131615e-13,5.728750807065808e-14,True,True,True,True,22016.88666403511,0.3958632039038362
100,40.0,29.145733740690048,54,22,12,37.89187742653603,164.7445725608412,0.6795872410384716,9.23384222657174e-16,2.3314683517128287e-14,1.1457501614131615e-13,5.728750807065808e-14,False,False,True,False,0.03960526515312995,0.5805993657256264
100,40.0,29.145733740690048,54,33,12,37.89187742653603,164.7445725608412,0.6795872410384716,8.562881728818114e-33,1.4876988529977098e-14,1.1457501614131615e-13,5.728750807065808e-14,False,False,True,False,5.755789695988491e-19,0.8708990485884397
100,40.0,29.145733740690048,54,49,12,37.89187742653603,164.7445725608412,0.6795872410384716,6.822465180667538e-63,5.995204332975845e-14,1.1457501614131615e-13,5.728750807065808e-14,False,False,True,False,1.1379870979778707e-49,1.2931531327525316
100,40.0,29.145733740690048,55,2,13,44.595682606804964,197.2940089294995,0.6326996439238806,770.7328217310329,0.6286472185169193,1.141309269314661e-13,5.706546346573305e-14,True,True,True,True,1226.0180257367822,0.044847390668593896
100,40.0,29.145733740690048,55,3,13,44.595682606804964,197.2940089294995,0.6326996439238806,406.8572750535,0.5315580740976642,1.141309269314661e-13,5.706546346573305e-14,True,True,True,True,765.4051267006948,0.06727108600289085
100,40.0,29.145733740690048,55,4,13,44.595682606804964,197.2940089294995,0.6326996439238806,189.23659545011975,0.3139860723233799,1.141309269314661e-13,5.706546346573305e-14,True,True,True,True,602.6910494782124,0.08969478133718779
100,40.0,29.145733740690048,55,7,13,44.595682606804964,197.2940089294995,0.6326996439238806,8.402873707893917,0.011472703350485114,1.141309269314661e-13,5.706546346573305e-14,True,True,True,True,732.4231657692612,0.15696586734007864
100,40.0,29.145733740690048,55,10,13,44.595682606804964,197.2940089294995,0.6326996439238806,0.10904980562016567,5.3925439585600365e-05,1.141309269314661e-13,5.706546346573305e-14,True,True,True,True,2022.2330398820725,0.22423695334296948
100,40.0,29.145733740690048,55,15,13,44.595682606804964,197.2940089294995,0.6326996439238806,6.546745185631247e-06,1.5935391894927875e-10,1.141309269314661e-13,5.706546346573305e-14,True,True,True,True,41083.051040087885,0.3363554300144542
100,40.0,29.145733740690048,55,22,13,44.595682606804964,197.2940089294995,0.6326996439238806,1.0754421620696579e-13,2.2870594307278225e-14,1.141309269314661e-13,5.706546346573305e-14,False,False,True,True,4.702292155684885,0.49332129735453284
100,40.0,29.145733740690048,55,33,13,44.595682606804964,197.2940089294995,0.6326996439238806,2.8170372694907944e-29,1.5210055437364645e-14,1.141309269314661e-13,5.706546346573305e-14,False,False,True,False,1.85208875871059e-15,0.7399819460317992
100,40.0,29.145733740690048,55,49,13,44.595682606804964,197.2940089294995,0.6326996439238806,3.4890771645851194e-57,6.106226635438361e-14,1.141309269314661e-13,5.706546346573305e-14,False,False,True,False,5.713966043015437e-44,1.0987610713805505
100,40.0,29.145733740690048,56,2,12,38.99513834697998,148.19842395184105,0.9047447090638009,508.83199697525623,0.8820576955806547,1.3389289676979388e-13,6.694644838489694e-14,True,True,True,True,576.8692904383022,0.05128844478519185
100,40.0,29.145733740690048,56,3,12,38.99513834697998,148.19842395184105,0.9047447090638009,252.38421292634476,0.6425382210426189,1.3389289676979388e-13,6.694644838489694e-14,True,True,True,True,392.79252916163,0.07693266717778778
100,40.0,29.145733740690048,56,4,12,38.99513834697998,148.19842395184105,0.9047447090638009,108.20716635488839,0.3041832721150861,1.3389289676979388e-13,6.694644838489694e-14,True,True,True,True,355.73016754829564,0.1025768895703837
100,40.0,29.145733740690048,56,7,12,38.99513834697998,148.19842395184105,0.9047447090638009,3.3676509724595065,0.0049792180535142005,1.3389289676979388e-13,6.694644838489694e-14,True,True,True,True,676.3413323669782,0.17950955674817148
100,40.0,29.145733740690048,56,10,12,38.99513834697998,148.19842395184105,0.9047447090638009,0.026743578625328092,9.530651221001385e-06,1.3389289676979388e-13,6.694644838489694e-14,True,True,True,True,2806.0599433538127,0.2564422239259593
100,40.0,29.145733740690048,56,15,12,38.99513834697998,148.19842395184105,0.9047447090638009,5.853424234327995e-07,9.0846774547515e-12,1.3389289676979388e-13,6.694644838489694e-14,True,True,True,True,64431.83330924442,0.38466333588893886
100,40.0,29.145733740690048,56,22,12,38.99513834697998,148.19842395184105,0.9047447090638009,1.9026518995642276e-15,2.653433028854124e-14,1.3389289676979388e-13,6.694644838489694e-14,False,False,True,False,0.07170529193216085,0.5641728926371103
100,40.0,29.145733740690048,56,33,12,38.99513834697998,148.19842395184105,0.9047447090638009,3.194489085461444e-32,1.7541523789077473e-14,1.3389289676979388e-13,6.694644838489694e-14,False,False,True,False,1.8211012474586427e-18,0.8462593389556655
100,40.0,29.145733740690048,56,49,12,38.99513834697998,148.19842395184105,0.9047447090638009,6.214627180414055e-62,7.038813976123492e-14,1.3389289676979388e-13,6.694644838489694e-14,False,False,True,False,8.82908285613858e-49,1.2565668972372004
100,40.0,29.145733740690048,57,2,12,38.917598197381096,164.07365606113575,0.9856379200593783,562.2377406066187,0.9728114975127877,1.63202784619898e-13,8.1601392309949e-14,True,True,True,True,577.9513729474892,0.051390632840610066
100,40.0,29.145733740690048,57,3,12,38.917598197381096,164.07365606113575,0.9856379200593783,278.6022716165035,0.7687803488451186,1.63202784619898e-13,8.1601392309949e-14,True,True,True,True,362.3951523149973,0.0770859492609151
100,40.0,29.145733740690048,57,4,12,38.917598197381096,164.07365606113575,0.9856379200593783,119.29549929793151,0.40672386145992045,1.63202784619898e-13,8.1601392309949e-14,True,True,True,True,293.3083366924298,0.10278126568122013
100,40.0,29.145733740690048,57,7,12,38.917598197381096,164.07365606113575,0.9856379200593783,3.692196818955319,0.00960569681979595,1.63202784619898e-13,8.1601392309949e-14,True,True,True,True,384.37573954512453,0.17986721494213523
100,40.0,29.145733740690048,57,10,12,38.917598197381096,164.07365606113575,0.9856379200593783,0.029099193951048933,3.1509089502668175e-05,1.63202784619898e-13,8.1601392309949e-14,True,True,True,True,923.5174487852094,0.2569531642030503
100,40.0,29.145733740690048,57,15,12,38.917598197381096,164.07365606113575,0.9856379200593783,6.271699435908824e-07,3.136335635645082e-11,1.63202784619898e-13,8.1601392309949e-14,True,True,True,True,19996.901366772436,0.3854297463045755
100,40.0,29.145733740690048,57,22,12,38.917598197381096,164.07365606113575,0.9856379200593783,1.9894045571795327e-15,3.352873534367973e-14,1.63202784619898e-13,8.1601392309949e-14,False,False,True,False,0.05933431538015172,0.5652969612467107
100,40.0,29.145733740690048,57,33,12,38.917598197381096,164.07365606113575,0.9856379200593783,3.205630965209558e-32,2.19824158875781e-14,1.63202784619898e-13,8.1601392309949e-14,False,False,True,False,1.4582705475156657e-18,0.847945441870066
100,40.0,29.145733740690048,57,49,12,38.917598197381096,164.07365606113575,0.9856379200593783,5.862186426412521e-62,8.526512829121202e-14,1.63202784619898e-13,8.1601392309949e-14,False,False,True,False,6.875244949366617e-49,1.2590705045949466
100,40.0,29.145733740690048,58,2,12,39.253269523021075,155.05768824007947,1.0774008372828812,535.8419262517132,1.057958444692398,1.709743457922741e-13,8.548717289613705e-14,True,True,True,True,506.4867424046221,0.05095116978286482
100,40.0,29.145733740690048,58,3,12,39.253269523021075,155.05768824007947,1.0774008372828812,266.6381160029704,0.8024578189103868,1.709743457922741e-13,8.548717289613705e-14,True,True,True,True,332.27679975132344,0.07642675467429723
100,40.0,29.145733740690048,58,4,12,39.253269523021075,155.05768824007947,1.0774008372828812,114.80146527872917,0.3998422040211159,1.709743457922741e-13,8.548717289613705e-14,True,True,True,True,287.11692793856855,0.10190233956572964
100,40.0,29.145733740690048,58,7,12,39.253269523021075,155.05768824007947,1.0774008372828812,3.6390008374236014,0.007613485866849512,1.709743457922741e-13,8.548717289613705e-14,True,True,True,True,477.96776681079376,0.17832909424002688
100,40.0,29.145733740690048,58,10,12,39.253269523021075,155.05768824007947,1.0774008372828812,0.029632855586125183,1.5908149855192733e-05,1.709743457922741e-13,8.548717289613705e-14,True,True,True,True,1862.7468219663795,0.2547558489143241
100,40.0,29.145733740690048,58,15,12,39.253269523021075,155.05768824007947,1.0774008372828812,6.824787124358785e-07,1.0203615730119964e-11,1.709743457922741e-13,8.548717289613705e-14,True,True,True,True,66885.96772821184,0.3821337733714862
100,40.0,29.145733740690048,58,22,12,39.253269523021075,155.05768824007947,1.0774008372828812,2.405347466605391e-15,3.4638958368304884e-14,1.709743457922741e-13,8.548717289613705e-14,False,False,True,False,0.0694405253480808,0.560462867611513
100,40.0,29.145733740690048,58,33,12,39.253269523021075,155.05768824007947,1.0774008372828812,4.627677886071028e-32,2.2648549702353193e-14,1.709743457922741e-13,8.548717289613705e-14,False,False,True,False,2.0432557258137417e-18,0.8406943014172695
100,40.0,29.145733740690048,58,49,12,39.253269523021075,155.05768824007947,1.0774008372828812,1.105131208633957e-61,8.881784197001252e-14,1.709743457922741e-13,8.548717289613705e-14,False,False,True,False,1.2442671248498488e-48,1.2483036596801882
100,40.0,29.145733740690048,59,2,13,41.57612178274047,149.76291085914934,0.7110378501001771,547.2730546100928,0.7006086584254684,1.170175067954915e-13,5.850875339774575e-14,True,True,True,True,781.1394392984259,0.04810453486862407
100,40.0,29.145733740690048,59,3,13,41.57612178274047,149.76291085914934,0.7110378501001771,279.87667737401006,0.5473334087988926,1.170175067954915e-13,5.850875339774575e-14,True,True,True,True,511.3458686693205,0.07215680230293611
100,40.0,29.145733740690048,59,4,13,41.57612178274047,149.76291085914934,0.7110378501001771,124.89302374555201,0.2858590035190791,1.170175067954915e-13,5.850875339774575e-14,True,True,True,True,436.9042857074686,0.09620906973724815
100,40.0,29.145733740690048,59,7,13,41.57612178274047,149.76291085914934,0.7110378501001771,4.627097899045576,0.0066819253687626645,1.170175067954915e-13,5.850875339774575e-14,True,True,True,True,692.4797335625443,0.16836587204018427
100,40.0,29.145733740690048,59,10,13,41.57612178274047,149.76291085914934,0.7110378501001771,0.04669520508961045,1.8548484988611946e-05,1.170175067954915e-13,5.850875339774575e-14,True,True,True,True,2517.4673359187827,0.24052267434312039
100,40.0,29.145733740690048,59,15,13,41.57612178274047,149.76291085914934,0.7110378501001771,1.6667842545187364e-06,2.0674392753328164e-11,1.170175067954915e-13,5.850875339774575e-14,True,True,True,True,80620.71154425648,0.3607840115146806
100,40.0,29.145733740690048,59,22,13,41.57612178274047,149.76291085914934,0.7110378501001771,1.1826008718740968e-14,2.4646951146678475e-14,1.170175067954915e-13,5.850875339774575e-14,False,False,True,False,0.479816292423442,0.5291498835548648
100,40.0,29.145733740690048,59,33,13,41.57612178274047,149.76291085914934,0.7110378501001771,7.419052705502272e-31,1.5987211554602254e-14,1.170175067954915e-13,5.850875339774575e-14,False,False,True,False,4.640617083325292e-17,0.7937248253322973
100,40.0,29.145733740690048,59,49,13,41.57612178274047,149.76291085914934,0.7110378501001771,1.0538455411494177e-59,6.09512440519211e-14,1.170175067954915e-13,5.850875339774575e-14,False,False,True,False,1.7289975906836344e-46,1.1785611042812898
500,40.0,19.409900959100924,0,2,12,39.74374172359515,75.7887408808814,0.675669510796318,265.10950219872296,0.6677056011666741,4.412026299860372e-13,2.206013149930186e-13,True,True,True,True,397.0454969008801,0.050322388211692604
500,40.0,19.409900959100924,0,3,12,39.74374172359515,75.7887408808814,0.675669510796318,132.71558882107806,0.5411152524162081,4.412026299860372e-13,2.206013149930186e-13,True,True,True,True,245.26307145930824,0.0754835823175389
500,40.0,19.409900959100924,0,4,12,39.74374172359515,75.7887408808814,0.675669510796318,57.59267683554266,0.30225368038304534,4.412026299860372e-13,2.206013149930186e-13,True,True,True,True,190.54417058728816,0.10064477642338521
500,40.0,19.409900959100924,0,7,12,39.74374172359515,75.7887408808814,0.675669510796318,1.8892245271292516,0.009761632478919813,4.412026299860372e-13,2.206013149930186e-13,True,True,True,True,193.5357155894796,0.1761283587409241
500,40.0,19.409900959100924,0,10,12,39.74374172359515,75.7887408808814,0.675669510796318,0.016124000710249078,4.8220194594605914e-05,4.412026299860372e-13,2.206013149930186e-13,True,True,True,True,334.3827383071732,0.251611941058463
500,40.0,19.409900959100924,0,15,12,39.74374172359515,75.7887408808814,0.675669510796318,4.08574828730272e-07,2.771071150320381e-10,4.412026299860372e-13,2.206013149930186e-13,True,True,True,True,1474.4292245366348,0.3774179115876945
500,40.0,19.409900959100924,0,22,12,39.74374172359515,75.7887408808814,0.675669510796318,1.6762929767020367e-15,7.416289804496046e-14,4.412026299860372e-13,2.206013149930186e-13,False,False,True,False,0.022602851572572073,0.5535462703286186
500,40.0,19.409900959100924,0,33,12,39.74374172359515,75.7887408808814,0.675669510796318,4.166021309245376e-32,8.193445921733655e-14,4.412026299860372e-13,2.206013149930186e-13,False,False,True,False,5.084577782096211e-19,0.8303194054929279
500,40.0,19.409900959100924,0,49,12,39.74374172359515,75.7887408808814,0.675669510796318,1.4630436387967013e-61,3.630429290524262e-14,4.412026299860372e-13,2.206013149930186e-13,False,False,True,False,4.0299466584168796e-48,1.2328985111864688
500,40.0,19.409900959100924,1,2,12,41.43648737017048,85.47990629873308,0.2115197546038392,311.35559850556643,0.209907117641938,1.475486399726833e-13,7.377431998634165e-14,True,True,True,True,1483.3017670066836,0.04826663954724528
500,40.0,19.409900959100924,1,3,12,41.43648737017048,85.47990629873308,0.2115197546038392,158.97873353904407,0.17675422514525085,1.475486399726833e-13,7.377431998634165e-14,True,True,True,True,899.4338517701658,0.07239995932086792
500,40.0,19.409900959100924,1,4,12,41.43648737017048,85.47990629873308,0.2115197546038392,70.79797596808021,0.10484021184835171,1.475486399726833e-13,7.377431998634165e-14,True,True,True,True,675.2940948887762,0.09653327909449055
500,40.0,19.409900959100924,1,7,12,41.43648737017048,85.47990629873308,0.2115197546038392,2.5996146636351307,0.004188878768244059,1.475486399726833e-13,7.377431998634165e-14,True,True,True,True,620.599164469223,0.16893323841535846
500,40.0,19.409900959100924,1,10,12,41.43648737017048,85.47990629873308,0.2115197546038392,0.025912518131321945,2.631651582199468e-05,1.475486399726833e-13,7.377431998634165e-14,True,True,True,True,984.6485114744908,0.24133319773622638
500,40.0,19.409900959100924,1,15,12,41.43648737017048,85.47990629873308,0.2115197546038392,9.017933437237612e-07,2.7868277130416175e-10,1.475486399726833e-13,7.377431998634165e-14,True,True,True,True,3235.9135066140134,0.36199979660433956
500,40.0,19.409900959100924,1,22,12,41.43648737017048,85.47990629873308,0.2115197546038392,6.1433090641097336e-15,2.4841240175987878e-14,1.475486399726833e-13,7.377431998634165e-14,False,False,True,False,0.24730283273248166,0.530933035019698
500,40.0,19.409900959100924,1,33,12,41.43648737017048,85.47990629873308,0.2115197546038392,3.597316231930303e-31,2.7450264283856995e-14,1.475486399726833e-13,7.377431998634165e-14,False,False,True,False,1.310485099426099e-17,0.7963995525295471
500,40.0,19.409900959100924,1,49,12,41.43648737017048,85.47990629873308,0.2115197546038392,4.604354053225786e-60,1.2323475573339238e-14,1.475486399726833e-13,7.377431998634165e-14,False,False,True,False,3.736246342052159e-46,1.1825326689075093
500,40.0,19.409900959100924,2,2,12,40.00354906572038,77.36512421968345,0.198531448462076,272.3494031319937,0.1966561278558602,1.3444800828210646e-13,6.722400414105323e-14,True,True,True,True,1384.901686519594,0.04999556406143547
500,40.0,19.409900959100924,2,3,12,40.00354906572038,77.36512421968345,0.198531448462076,136.7675230097668,0.1628063565122108,1.3444800828210646e-13,6.722400414105323e-14,True,True,True,True,840.0625500117311,0.0749933460921532
500,40.0,19.409900959100924,2,4,12,40.00354906572038,77.36512421968345,0.198531448462076,59.594895857200555,0.09401952990195502,1.3444800828210646e-13,6.722400414105323e-14,True,True,True,True,633.8565606459318,0.09999112812287093
500,40.0,19.409900959100924,2,7,12,40.00354906572038,77.36512421968345,0.198531448462076,1.9901160279610521,0.003419226798555053,1.3444800828210646e-13,6.722400414105323e-14,True,True,True,True,582.0368595619526,0.17498447421502414
500,40.0,19.409900959100924,2,10,12,40.00354906572038,77.36512421968345,0.198531448462076,0.017406468355659382,1.9261028226774668e-05,1.3444800828210646e-13,6.722400414105323e-14,True,True,True,True,903.7143890097585,0.24997782030717733
500,40.0,19.409900959100924,2,15,12,40.00354906572038,77.36512421968345,0.198531448462076,4.636531094635856e-07,1.3153406142052404e-10,1.3444800828210646e-13,6.722400414105323e-14,True,True,True,True,3524.966114908081,0.374966730460766
500,40.0,19.409900959100924,2,22,12,40.00354906572038,77.36512421968345,0.198531448462076,2.0597776345313702e-15,2.2537527399890678e-14,1.3444800828210646e-13,6.722400414105323e-14,False,False,True,False,0.09139323928415331,0.5499512046757901
500,40.0,19.409900959100924,2,33,12,40.00354906572038,77.36512421968345,0.198531448462076,5.85418128388974e-32,2.4980018054066022e-14,1.3444800828210646e-13,6.722400414105323e-14,False,False,True,False,2.3435456576609035e-18,0.8249268070136851
500,40.0,19.409900959100924,2,49,12,40.00354906572038,77.36512421968345,0.198531448462076,2.516727193659027e-61,1.1157741397482823e-14,1.3444800828210646e-13,6.722400414105323e-14,False,False,True,False,2.2555883883693506e-47,1.224891319505169
500,40.0,19.409900959100924,3,2,12,39.839800630362205,76.40531243819142,0.59680053013684,267.8968527912691,0.5915844158929328,4.0811798385220754e-13,2.0405899192610377e-13,True,True,True,True,452.84636578349983,0.050201054431878486
500,40.0,19.409900959100924,3,3,12,39.839800630362205,76.40531243819142,0.59680053013684,134.2668821954898,0.49245404756215927,4.0811798385220754e-13,2.0405899192610377e-13,True,True,True,True,272.6485503777734,0.07530158164781774
500,40.0,19.409900959100924,3,4,12,39.839800630362205,76.40531243819142,0.59680053013684,58.3545995043143,0.28666648720562177,4.0811798385220754e-13,2.0405899192610377e-13,True,True,True,True,203.56268384611482,0.10040210886375697
500,40.0,19.409900959100924,3,7,12,39.839800630362205,76.40531243819142,0.59680053013684,1.926940414941352,0.010706993862434011,4.0811798385220754e-13,2.0405899192610377e-13,True,True,True,True,179.97025492861377,0.17570369051157472
500,40.0,19.409900959100924,3,10,12,39.839800630362205,76.40531243819142,0.59680053013684,0.016596079174378407,6.244774587849111e-05,4.0811798385220754e-13,2.0405899192610377e-13,True,True,True,True,265.75945922324473,0.25100527215939245
500,40.0,19.409900959100924,3,15,12,39.839800630362205,76.40531243819142,0.59680053013684,4.283952339525918e-07,4.803237807493588e-10,4.0811798385220754e-13,2.0405899192610377e-13,True,True,True,True,891.8884534183325,0.37650790823908864
500,40.0,19.409900959100924,3,22,12,39.839800630362205,76.40531243819142,0.59680053013684,1.8102110803619334e-15,6.838973831690964e-14,4.0811798385220754e-13,2.0405899192610377e-13,False,False,True,False,0.026469045282402424,0.5522115987506634
500,40.0,19.409900959100924,3,33,12,39.839800630362205,76.40531243819142,0.59680053013684,4.728205242630808e-32,7.582823258189819e-14,4.0811798385220754e-13,2.0405899192610377e-13,False,False,True,False,6.235415334946803e-19,0.828317398125995
500,40.0,19.409900959100924,3,49,12,39.839800630362205,76.40531243819142,0.59680053013684,1.789690018602216e-61,3.3861802251067274e-14,4.0811798385220754e-13,2.0405899192610377e-13,False,False,True,False,5.285276918613532e-48,1.229925833581023
500,40.0,19.409900959100924,4,2,12,38.29419802344488,71.0307852922123,0.19440843793630164,239.5597683017059,0.19199449107924,1.2562173523633646e-13,6.281086761816823e-14,True,True,True,True,1247.7429271803155,0.05222723292900765
500,40.0,19.409900959100924,4,3,12,38.29419802344488,71.0307852922123,0.19440843793630164,117.76635024018479,0.15472552468302156,1.2562173523633646e-13,6.281086761816823e-14,True,True,True,True,761.1307215241106,0.07834084939351148
500,40.0,19.409900959100924,4,4,12,38.29419802344488,71.0307852922123,0.19440843793630164,49.9032838876045,0.08563558168562635,1.2562173523633646e-13,6.281086761816823e-14,True,True,True,True,582.7400585752149,0.1044544658580153
500,40.0,19.409900959100924,4,7,12,38.29419802344488,71.0307852922123,0.19440843793630164,1.476054760524579,0.002659574408498566,1.2562173523633646e-13,6.281086761816823e-14,True,True,True,True,554.9966023916849,0.18279531525152679
500,40.0,19.409900959100924,4,10,12,38.29419802344488,71.0307852922123,0.19440843793630164,0.010934872699762462,1.2315768085802148e-05,1.2562173523633646e-13,6.281086761816823e-14,True,True,True,True,887.875820946027,0.26113616464503825
500,40.0,19.409900959100924,4,15,12,38.29419802344488,71.0307852922123,0.19440843793630164,2.079119331681992e-07,5.8058002849747936e-11,1.2562173523633646e-13,6.281086761816823e-14,True,True,True,True,3581.1072197276226,0.3917042469675574
500,40.0,19.409900959100924,4,22,12,38.29419802344488,71.0307852922123,0.19440843793630164,5.406920777081349e-16,2.1038726316646716e-14,1.2562173523633646e-13,6.281086761816823e-14,False,False,True,False,0.025699848439984543,0.5744995622190842
500,40.0,19.409900959100924,4,33,12,38.29419802344488,71.0307852922123,0.19440843793630164,6.239623138019849e-33,2.3314683517128287e-14,1.2562173523633646e-13,6.281086761816823e-14,False,False,True,False,2.676263279935097e-19,0.8617493433286262
500,40.0,19.409900959100924,4,49,12,38.29419802344488,71.0307852922123,0.19440843793630164,6.905909959711874e-63,1.0325074129013956e-14,1.2562173523633646e-13,6.281086761816823e-14,False,False,True,False,6.688484628217762e-49,1.2795672067606874
500,40.0,19.409900959100924,5,2,12,39.58562129986488,68.1976817675066,0.24922293739481552,237.62842133966853,0.24653308932199824,1.6470158570314197e-13,8.235079285157099e-14,True,True,True,True,963.8804348462154,0.050523395473568745
500,40.0,19.409900959100924,5,3,12,39.58562129986488,68.1976817675066,0.24922293739481552,118.72975422933365,0.20135426791060615,1.6470158570314197e-13,8.235079285157099e-14,True,True,True,True,589.6560100829115,0.07578509321035312
500,40.0,19.409900959100924,5,4,12,39.58562129986488,68.1976817675066,0.24922293739481552,51.39379833705681,0.1137382850538409,1.6470158570314197e-13,8.235079285157099e-14,True,True,True,True,451.8601481702336,0.10104679094713749
500,40.0,19.409900959100924,5,7,12,39.58562129986488,68.1976817675066,0.24922293739481552,1.6674959032199497,0.0038065282938674616,1.6470158570314197e-13,8.235079285157099e-14,True,True,True,True,438.06213286431694,0.17683188415749063
500,40.0,19.409900959100924,5,10,12,39.58562129986488,68.1976817675066,0.24922293739481552,0.014019162116950363,1.9432585369183464e-05,1.6470158570314197e-13,8.235079285157099e-14,True,True,True,True,721.4254743057605,0.2526169773678437
500,40.0,19.409900959100924,5,15,12,39.58562129986488,68.1976817675066,0.24922293739481552,3.4452930421035835e-07,1.1614972872386886e-10,1.6470158570314197e-13,8.235079285157099e-14,True,True,True,True,2966.251475536656,0.3789254660517656
500,40.0,19.409900959100924,5,22,12,39.58562129986488,68.1976817675066,0.24922293739481552,1.3462967786479326e-15,2.756128658631951e-14,1.6470158570314197e-13,8.235079285157099e-14,False,False,True,False,0.04884738506061574,0.5557573502092562
500,40.0,19.409900959100924,5,33,12,39.58562129986488,68.1976817675066,0.24922293739481552,3.0820276517309415e-32,3.0503377601576176e-14,1.6470158570314197e-13,8.235079285157099e-14,False,False,True,False,1.0103889778985283e-18,0.8336360253138844
500,40.0,19.409900959100924,5,49,12,39.58562129986488,68.1976817675066,0.24922293739481552,9.563520498668121e-62,1.3489209749195652e-14,1.6470158570314197e-13,8.235079285157099e-14,False,False,True,False,7.089755943070264e-48,1.2378231891024343
500,40.0,19.409900959100924,6,2,12,43.28948819644185,76.38557162963222,0.3877534719219567,290.12606857303797,0.3853003427449287,2.795541576006144e-13,1.397770788003072e-13,True,True,True,True,752.9867907880458,0.04620059241458966
500,40.0,19.409900959100924,6,3,12,43.28948819644185,76.38557162963222,0.3877534719219567,151.13904119099234,0.32961205754572037,2.795541576006144e-13,1.397770788003072e-13,True,True,True,True,458.5361419007795,0.0693008886218845
500,40.0,19.409900959100924,6,4,12,43.28948819644185,76.38557162963222,0.3877534719219567,69.09360742004458,0.20114070174075477,2.795541576006144e-13,1.397770788003072e-13,True,True,True,True,343.5088314899965,0.09240118482917932
500,40.0,19.409900959100924,6,7,12,43.28948819644185,76.38557162963222,0.3877534719219567,2.844688782783597,0.00902684209862109,2.795541576006144e-13,1.397770788003072e-13,True,True,True,True,315.1366504148934,0.1617020734510638
500,40.0,19.409900959100924,6,10,12,43.28948819644185,76.38557162963222,0.3877534719219567,0.03322825881190786,6.711283976623683e-05,2.795541576006144e-13,1.397770788003072e-13,True,True,True,True,495.11030866293856,0.2310029620729483
500,40.0,19.409900959100924,6,15,12,43.28948819644185,76.38557162963222,0.3877534719219567,1.6033592877312132e-06,8.538781348654823e-10,2.795541576006144e-13,1.397770788003072e-13,True,True,True,True,1877.7378436839847,0.34650444310942247
500,40.0,19.409900959100924,6,22,12,43.28948819644185,76.38557162963222,0.3877534719219567,1.8485574054597395e-14,4.723998969780041e-14,2.795541576006144e-13,1.397770788003072e-13,False,False,True,False,0.3913119831916077,0.5082065165604862
500,40.0,19.409900959100924,6,33,12,43.28948819644185,76.38557162963222,0.3877534719219567,2.6461349886615374e-30,5.21249710061511e-14,2.795541576006144e-13,1.397770788003072e-13,False,False,True,False,5.076520787607298e-17,0.7623097748407294
500,40.0,19.409900959100924,6,49,12,43.28948819644185,76.38557162963222,0.3877534719219567,1.3101195383997864e-58,2.353672812205332e-14,2.795541576006144e-13,1.397770788003072e-13,False,False,True,False,5.5662772310830985e-45,1.1319145141574467
500,40.0,19.409900959100924,7,2,12,37.835980954484285,56.307266624022965,0.5431818826282294,187.65225813785253,0.5351634685407077,3.410605131648481e-13,1.7053025658242404e-13,True,True,True,True,350.64474533275916,0.05285973693680491
500,40.0,19.409900959100924,7,3,12,37.835980954484285,56.307266624022965,0.5431818826282294,91.69697507018469,0.42319250746815323,3.410605131648481e-13,1.7053025658242404e-13,True,True,True,True,216.67910809381524,0.07928960540520737
500,40.0,19.409900959100924,7,4,12,37.835980954484285,56.307266624022965,0.5431818826282294,38.55190221425295,0.22762477807674347,3.410605131648481e-13,1.7053025658242404e-13,True,True,True,True,169.36601779466739,0.10571947387360982
500,40.0,19.409900959100924,7,7,12,37.835980954484285,56.307266624022965,0.5431818826282294,1.102016098653606,0.006376219667042715,3.410605131648481e-13,1.7053025658242404e-13,True,True,True,True,172.83220406437474,0.18500907927881718
500,40.0,19.409900959100924,7,10,12,37.835980954484285,56.307266624022965,0.5431818826282294,0.0077927937302481225,2.6296280755899737e-05,3.410605131648481e-13,1.7053025658242404e-13,True,True,True,True,296.3458521981197,0.26429868468402457
500,40.0,19.409900959100924,7,15,12,37.835980954484285,56.307266624022965,0.5431818826282294,1.3488185193433445e-07,1.0626721724804611e-10,3.410605131648481e-13,1.7053025658242404e-13,True,True,True,True,1269.2705749459574,0.3964480270260368
500,40.0,19.409900959100924,7,22,12,37.835980954484285,56.307266624022965,0.5431818826282294,3.0235110333683166e-16,5.67323965583455e-14,3.410605131648481e-13,1.7053025658242404e-13,False,False,True,False,0.005329425895588311,0.581457106304854
500,40.0,19.409900959100924,7,33,12,37.835980954484285,56.307266624022965,0.5431818826282294,2.7193523882558285e-33,6.294964549624638e-14,3.410605131648481e-13,1.7053025658242404e-13,False,False,True,False,4.3198851507717876e-20,0.872185659457281
500,40.0,19.409900959100924,7,49,12,37.835980954484285,56.307266624022965,0.5431818826282294,2.0693255154328681e-63,2.7644553313166398e-14,3.410605131648481e-13,1.7053025658242404e-13,False,False,True,False,7.485472787318655e-50,1.2950635549517202
500,40.0,19.409900959100924,8,2,12,39.78369415114108,80.39481681090689,0.23474654565101152,281.49761511813045,0.23274297003104752,1.61259894326804e-13,8.0629947163402e-14,True,True,True,True,1209.4784864203596,0.0502718523926375
500,40.0,19.409900959100924,8,3,12,39.78369415114108,80.39481681090689,0.23474654565101152,140.9877954879357,0.19413880292017374,1.61259894326804e-13,8.0629947163402e-14,True,True,True,True,726.2216175604382,0.07540777858895625
500,40.0,19.409900959100924,8,4,12,39.78369415114108,80.39481681090689,0.23474654565101152,61.221231532147065,0.11338075454061596,1.61259894326804e-13,8.0629947163402e-14,True,True,True,True,539.9614050920434,0.100543704785275
500,40.0,19.409900959100924,8,7,12,39.78369415114108,80.39481681090689,0.23474654565101152,2.0138002714030465,0.0042822278303236705,1.61259894326804e-13,8.0629947163402e-14,True,True,True,True,470.26929701001785,0.17595148337423125
500,40.0,19.409900959100924,8,10,12,39.78369415114108,80.39481681090689,0.23474654565101152,0.017252399422804907,2.5213616761443625e-05,1.61259894326804e-13,8.0629947163402e-14,True,True,True,True,684.2492921994071,0.2513592619631875
500,40.0,19.409900959100924,8,15,12,39.78369415114108,80.39481681090689,0.23474654565101152,4.4055052442906354e-07,1.921851289221621e-10,1.61259894326804e-13,8.0629947163402e-14,True,True,True,True,2292.3236927842277,0.3770388929447812
500,40.0,19.409900959100924,8,22,12,39.78369415114108,80.39481681090689,0.23474654565101152,1.829805875208734e-15,2.711719737646945e-14,1.61259894326804e-13,8.0629947163402e-14,False,False,True,False,0.06747769136336049,0.5529903763190125
500,40.0,19.409900959100924,8,33,12,39.78369415114108,80.39481681090689,0.23474654565101152,4.642646516581254e-32,3.0003777240494856e-14,1.61259894326804e-13,8.0629947163402e-14,False,False,True,False,1.5473540145856257e-18,0.8294855644785187
500,40.0,19.409900959100924,8,49,12,39.78369415114108,80.39481681090689,0.23474654565101152,1.682084436351396e-61,1.3489209749195652e-14,1.61259894326804e-13,8.0629947163402e-14,False,False,True,False,1.2469851589724868e-47,1.2316603836196187
500,40.0,19.409900959100924,9,2,12,39.48330701404359,83.1585399253863,0.23216461544662753,289.0254772270369,0.22979980661043353,1.542654892716655e-13,7.713274463583275e-14,True,True,True,True,1257.7272430738171,0.050654318274014676
500,40.0,19.409900959100924,9,3,12,39.48330701404359,83.1585399253863,0.23216461544662753,144.22931125652002,0.18837594189535634,1.542654892716655e-13,7.713274463583275e-14,True,True,True,True,765.6461319070141,0.07598147741102201
500,40.0,19.409900959100924,9,4,12,39.48330701404359,83.1585399253863,0.23216461544662753,62.32932551137294,0.10684196930404222,1.542654892716655e-13,7.713274463583275e-14,True,True,True,True,583.3786658686644,0.10130863654802935
500,40.0,19.409900959100924,9,7,12,39.48330701404359,83.1585399253863,0.23216461544662753,2.007923540677849,0.0035928830848989957,1.542654892716655e-13,7.713274463583275e-14,True,True,True,True,558.8613637658339,0.17729011395905137
500,40.0,19.409900959100924,9,10,12,39.48330701404359,83.1585399253863,0.23216461544662753,0.016716896042680417,1.7996622272975493e-05,1.542654892716655e-13,7.713274463583275e-14,True,True,True,True,928.8907545602727,0.2532715913700734
500,40.0,19.409900959100924,9,15,12,39.48330701404359,83.1585399253863,0.23216461544662753,4.0273317328180064e-07,9.097178566008779e-11,1.542654892716655e-13,7.713274463583275e-14,True,True,True,True,4427.011851637122,0.37990738705511007
500,40.0,19.409900959100924,9,22,12,39.48330701404359,83.1585399253863,0.23216461544662753,1.52469167800111e-15,2.581268532253489e-14,1.542654892716655e-13,7.713274463583275e-14,False,False,True,False,0.05906753439054361,0.5571975010141614
500,40.0,19.409900959100924,9,33,12,39.48330701404359,83.1585399253863,0.23216461544662753,3.309084500963326e-32,2.8504976157250894e-14,1.542654892716655e-13,7.713274463583275e-14,False,False,True,False,1.1608795891315224e-18,0.8357962515212422
500,40.0,19.409900959100924,9,49,12,39.48330701404359,83.1585399253863,0.23216461544662753,9.475130250139632e-62,1.27675647831893e-14,1.542654892716655e-13,7.713274463583275e-14,False,False,True,False,7.421250967620132e-48,1.2410307977133594
500,40.0,19.409900959100924,10,2,12,39.92193558708547,60.29324558973935,0.20002620028889487,211.8289115198126,0.19804755239647787,1.3355982986240633e-13,6.677991493120317e-14,True,True,True,True,1069.5861118028129,0.05009777132767553
500,40.0,19.409900959100924,10,3,12,39.92193558708547,60.29324558973935,0.20002620028889487,106.27137595869375,0.16284773121966273,1.3355982986240633e-13,6.677991493120317e-14,True,True,True,True,652.5812497525433,0.0751466569915133
500,40.0,19.409900959100924,10,4,12,39.92193558708547,60.29324558973935,0.20002620028889487,46.247181190097685,0.09282255583030756,1.3355982986240633e-13,6.677991493120317e-14,True,True,True,True,498.2321460167927,0.10019554265535106
500,40.0,19.409900959100924,10,7,12,39.92193558708547,60.29324558973935,0.20002620028889487,1.5357788651090714,0.0031788781215380257,1.3355982986240633e-13,6.677991493120317e-14,True,True,True,True,483.119769425454,0.17534219964686437
500,40.0,19.409900959100924,10,10,12,39.92193558708547,60.29324558973935,0.20002620028889487,0.013329982300590485,1.6290171535371378e-05,1.3355982986240633e-13,6.677991493120317e-14,True,True,True,True,818.2837284215616,0.25048885663837767
500,40.0,19.409900959100924,10,15,12,39.92193558708547,60.29324558973935,0.20002620028889487,3.4956019269349787e-07,1.4345703791551756e-10,1.3355982986240633e-13,6.677991493120317e-14,True,True,True,True,2436.689044836931,0.37573328495756647
500,40.0,19.409900959100924,10,22,12,39.92193558708547,60.29324558973935,0.20002620028889487,1.514698754298729e-15,2.2343238370581275e-14,1.3355982986240633e-13,6.677991493120317e-14,False,False,True,False,0.06779226579317575,0.5510754846044309
500,40.0,19.409900959100924,10,33,12,39.92193558708547,60.29324558973935,0.20002620028889487,4.1277393427178645e-32,2.4730217873525362e-14,1.3355982986240633e-13,6.677991493120317e-14,False,False,True,False,1.6691075524800638e-18,0.8266132269066463
500,40.0,19.409900959100924,10,49,12,39.92193558708547,60.29324558973935,0.20002620028889487,1.665543807947176e-61,1.1018963519404679e-14,1.3355982986240633e-13,6.677991493120317e-14,False,False,True,False,1.511524931554688e-47,1.2273953975280505
500,40.0,19.409900959100924,11,2,12,36.910963193879354,66.87293173560091,0.43205707805125776,217.43432275662158,0.4260387168984374,2.73003841755326e-13,1.36501920877663e-13,True,True,True,True,510.3628241572593,0.05418444350787475
500,40.0,19.409900959100924,11,3,12,36.910963193879354,66.87293173560091,0.43205707805125776,104.928214704366,0.3386114566015036,2.73003841755326e-13,1.36501920877663e-13,True,True,True,True,309.8779224940733,0.08127666526181213
500,40.0,19.409900959100924,11,4,12,36.910963193879354,66.87293173560091,0.43205707805125776,43.39611423664158,0.18325992473240832,2.73003841755326e-13,1.36501920877663e-13,True,True,True,True,236.80089523122706,0.1083688870157495
500,40.0,19.409900959100924,11,7,12,36.910963193879354,66.87293173560091,0.43205707805125776,1.1552585207707626,0.005204036629656628,2.73003841755326e-13,1.36501920877663e-13,True,True,True,True,221.99277272323673,0.18964555227756164
500,40.0,19.409900959100924,11,10,12,36.910963193879354,66.87293173560091,0.43205707805125776,0.007416486857517057,2.140424225077764e-05,2.73003841755326e-13,1.36501920877663e-13,True,True,True,True,346.49611841538604,0.27092221753937373
500,40.0,19.409900959100924,11,15,12,36.910963193879354,66.87293173560091,0.43205707805125776,1.0567324183781296e-07,8.083811398051921e-11,2.73003841755326e-13,1.36501920877663e-13,True,True,True,True,1307.2205254971516,0.4063833263090606
500,40.0,19.409900959100924,11,22,12,36.910963193879354,66.87293173560091,0.43205707805125776,1.7431750078769275e-16,4.546363285840016e-14,2.73003841755326e-13,1.36501920877663e-13,False,False,True,False,0.0038342184693118887,0.5960288785866222
500,40.0,19.409900959100924,11,33,12,36.910963193879354,66.87293173560091,0.43205707805125776,9.380974565995156e-34,5.051514762044462e-14,2.73003841755326e-13,1.36501920877663e-13,False,False,True,False,1.8570616949357312e-20,0.8940433178799334
500,40.0,19.409900959100924,11,49,12,36.910963193879354,66.87293173560091,0.43205707805125776,3.3017736374738725e-64,2.2148949341271873e-14,2.73003841755326e-13,1.36501920877663e-13,False,False,True,False,1.4907134359287276e-50,1.3275188659429313
500,40.0,19.409900959100924,12,2,12,40.25234086718967,56.76348199231942,0.19664046713219055,201.03499014067575,0.1944346687457998,1.2906342661267445e-13,6.453171330633722e-14,True,True,True,True,1033.9462166775675,0.049686551313845
500,40.0,19.409900959100924,12,3,12,40.25234086718967,56.76348199231942,0.19664046713219055,101.25482740928227,0.15802630201656215,1.2906342661267445e-13,6.453171330633722e-14,True,True,True,True,640.7466739218521,0.0745298269707675
500,40.0,19.409900959100924,12,4,12,40.25234086718967,56.76348199231942,0.19664046713219055,44.29222235217036,0.09144337386014299,1.2906342661267445e-13,6.453171330633722e-14,True,True,True,True,484.3677620634666,0.09937310262769
500,40.0,19.409900959100924,12,7,12,40.25234086718967,56.76348199231942,0.19664046713219055,1.5043143787117985,0.0036498990522343955,1.2906342661267445e-13,6.453171330633722e-14,True,True,True,True,412.1523245391916,0.17390292959845752
500,40.0,19.409900959100924,12,10,12,40.25234086718967,56.76348199231942,0.19664046713219055,0.013466650023216132,2.3320102443435964e-05,1.2906342661267445e-13,6.453171330633722e-14,True,True,True,True,577.4695911340931,0.24843275656922503
500,40.0,19.409900959100924,12,15,12,40.25234086718967,56.76348199231942,0.19664046713219055,3.7611550506397487e-07,2.0833779146300913e-10,1.2906342661267445e-13,6.453171330633722e-14,True,True,True,True,1805.3157923139215,0.37264913485383755
500,40.0,19.409900959100924,12,22,12,40.25234086718967,56.76348199231942,0.19664046713219055,1.8020749874647257e-15,2.1649348980190553e-14,1.2906342661267445e-13,6.453171330633722e-14,False,False,True,False,0.0832392229952803,0.5465520644522951
500,40.0,19.409900959100924,12,33,12,40.25234086718967,56.76348199231942,0.19664046713219055,5.818685383110777e-32,2.4064084058750268e-14,1.2906342661267445e-13,6.453171330633722e-14,False,False,True,False,2.417995785297702e-18,0.8198280966784426
500,40.0,19.409900959100924,12,49,12,40.25234086718967,56.76348199231942,0.19664046713219055,3.0320780339282513e-61,1.0658141036401503e-14,1.2906342661267445e-13,6.453171330633722e-14,False,False,True,False,2.8448469799494874e-47,1.2173205071892026
500,40.0,19.409900959100924,13,2,12,40.31745799877068,72.4325511773489,0.6566513542434975,256.93246745314514,0.6505935742411378,4.4564352208453784e-13,2.2282176104226892e-13,True,True,True,True,394.92008163904023,0.04960630206549684
500,40.0,19.409900959100924,13,3,12,40.31745799877068,72.4325511773489,0.6566513542434975,129.50833383681865,0.5393514662069337,4.4564352208453784e-13,2.2282176104226892e-13,True,True,True,True,240.11862755765645,0.07440945309824526
500,40.0,19.409900959100924,13,4,12,40.31745799877068,72.4325511773489,0.6566513542434975,56.70841585445071,0.3121063768831795,4.4564352208453784e-13,2.2282176104226892e-13,True,True,True,True,181.69579366100714,0.09921260413099368
500,40.0,19.409900959100924,13,7,12,40.31745799877068,72.4325511773489,0.6566513542434975,1.9344926465049328,0.011456779021297492,4.4564352208453784e-13,2.2282176104226892e-13,True,True,True,True,168.85135367530634,0.17362205722923893
500,40.0,19.409900959100924,13,10,12,40.31745799877068,72.4325511773489,0.6566513542434975,0.01742256651078485,6.609050760619795e-05,4.4564352208453784e-13,2.2282176104226892e-13,True,True,True,True,263.61677556779676,0.24803151032748422
500,40.0,19.409900959100924,13,15,12,40.31745799877068,72.4325511773489,0.6566513542434975,4.926408544315306e-07,5.141597148039523e-10,4.4564352208453784e-13,2.2282176104226892e-13,True,True,True,True,958.1475176820752,0.3720472654912263
500,40.0,19.409900959100924,13,22,12,40.31745799877068,72.4325511773489,0.6566513542434975,2.407308586577528e-15,7.482903185973555e-14,4.4564352208453784e-13,2.2282176104226892e-13,False,False,True,False,0.032170783541472854,0.5456693227204652
500,40.0,19.409900959100924,13,33,12,40.31745799877068,72.4325511773489,0.6566513542434975,8.035665302856733e-32,8.293365993949919e-14,4.4564352208453784e-13,2.2282176104226892e-13,False,False,True,False,9.689268879148489e-19,0.8185039840806979
500,40.0,19.409900959100924,13,49,12,40.31745799877068,72.4325511773489,0.6566513542434975,4.4026446831909734e-61,3.697042672001771e-14,4.4564352208453784e-13,2.2282176104226892e-13,False,False,True,False,1.1908557930728866e-47,1.2153544006046726
500,40.0,19.409900959100924,14,2,12,41.85035717937327,94.53190775182533,0.462407368499496,347.6352192660418,0.45921899436569846,3.284039706841213e-13,1.6420198534206065e-13,True,True,True,True,757.0140249669266,0.04778931733910595
500,40.0,19.409900959100924,14,3,12,41.85035717937327,94.53190775182533,0.462407368499496,178.32435303720553,0.3900770570978921,3.284039706841213e-13,1.6420198534206065e-13,True,True,True,True,457.15160579786163,0.07168397600865892
500,40.0,19.409900959100924,14,4,12,41.85035717937327,94.53190775182533,0.462407368499496,79.89390307441232,0.23503650774528737,3.284039706841213e-13,1.6420198534206065e-13,True,True,True,True,339.9212481534765,0.0955786346782119
500,40.0,19.409900959100924,14,7,12,41.85035717937327,94.53190775182533,0.462407368499496,3.0119116371131156,0.01003343737360396,3.284039706841213e-13,1.6420198534206065e-13,True,True,True,True,300.18741583386714,0.16726261068687082
500,40.0,19.409900959100924,14,10,12,41.85035717937327,94.53190775182533,0.462407368499496,0.031135376830819374,6.989410375635163e-05,3.284039706841213e-13,1.6420198534206065e-13,True,True,True,True,445.46499858351706,0.23894658669552973
500,40.0,19.409900959100924,14,15,12,41.85035717937327,94.53190775182533,0.462407368499496,1.1676988224022208e-06,7.862820949888771e-10,3.284039706841213e-13,1.6420198534206065e-13,True,True,True,True,1485.0889138188238,0.3584198800432946
500,40.0,19.409900959100924,14,22,12,41.85035717937327,94.53190775182533,0.462407368499496,8.969421534039148e-15,5.540012892879531e-14,3.284039706841213e-13,1.6420198534206065e-13,False,False,True,False,0.16190253899169382,0.5256824907301654
500,40.0,19.409900959100924,14,33,12,41.85035717937327,94.53190775182533,0.462407368499496,6.4377429559353435e-31,6.111777750561487e-14,3.284039706841213e-13,1.6420198534206065e-13,False,False,True,False,1.0533339428685721e-17,0.7885237360952482
500,40.0,19.409900959100924,14,49,12,41.85035717937327,94.53190775182533,0.462407368499496,1.1208297338469262e-59,2.758904216193514e-14,3.284039706841213e-13,1.6420198534206065e-13,False,False,True,False,4.062590238791782e-46,1.1708382748080957
500,40.0,19.409900959100924,15,2,12,39.70214403602628,59.36295155380237,0.27667555665426585,207.4396985303535,0.2733867601480348,1.7974510768681284e-13,8.987255384340642e-14,True,True,True,True,758.777412695582,0.05037511319754349
500,40.0,19.409900959100924,15,3,12,39.70214403602628,59.36295155380237,0.27667555665426585,103.7932962573407,0.2210809830912842,1.7974510768681284e-13,8.987255384340642e-14,True,True,True,True,469.48088798069307,0.07556266979631523
500,40.0,19.409900959100924,15,4,12,39.70214403602628,59.36295155380237,0.27667555665426585,45.01192084988784,0.12290436919325398,1.7974510768681284e-13,8.987255384340642e-14,True,True,True,True,366.235318934117,0.10075022639508698
500,40.0,19.409900959100924,15,7,12,39.70214403602628,59.36295155380237,0.27667555665426585,1.4722930113580364,0.003984953352742987,1.7974510768681284e-13,8.987255384340642e-14,True,True,True,True,369.46304787849124,0.1763128961914022
500,40.0,19.409900959100924,15,10,12,39.70214403602628,59.36295155380237,0.27667555665426585,0.01251610240021152,2.133595827735757e-05,1.7974510768681284e-13,8.987255384340642e-14,True,True,True,True,586.6201197765757,0.25187556598771743
500,40.0,19.409900959100924,15,15,12,39.70214403602628,59.36295155380237,0.27667555665426585,3.1461368306706336e-07,1.511167857515261e-10,1.7974510768681284e-13,8.987255384340642e-14,True,True,True,True,2081.924132401593,0.37781334898157615
500,40.0,19.409900959100924,15,22,12,39.70214403602628,59.36295155380237,0.27667555665426585,1.2743783056885895e-15,2.9976021664879227e-14,1.7974510768681284e-13,8.987255384340642e-14,False,False,True,False,0.04251325676020871,0.5541262451729784
500,40.0,19.409900959100924,15,33,12,39.70214403602628,59.36295155380237,0.27667555665426585,3.0995591917510275e-32,3.3306690738754696e-14,1.7974510768681284e-13,8.987255384340642e-14,False,False,True,False,9.306115747321815e-19,0.8311893677594675
500,40.0,19.409900959100924,15,49,12,39.70214403602628,59.36295155380237,0.27667555665426585,1.0536980415391653e-61,1.4765966227514582e-14,1.7974510768681284e-13,8.987255384340642e-14,False,False,True,False,7.135991138701965e-48,1.2341902733398153
500,40.0,19.409900959100924,16,2,12,40.12225300847717,90.353085884117,0.472149815151997,318.9903965000229,0.4681513891375844,3.247402347028583e-13,1.6237011735142914e-13,True,True,True,True,681.3829968285648,0.049847649372467516
500,40.0,19.409900959100924,16,3,12,40.12225300847717,90.353085884117,0.472149815151997,160.4169487736425,0.39091188244005315,3.247402347028583e-13,1.6237011735142914e-13,True,True,True,True,410.3660082480165,0.07477147405870127
500,40.0,19.409900959100924,16,4,12,40.12225300847717,90.353085884117,0.472149815151997,70.02981304061427,0.22879758722375879,3.247402347028583e-13,1.6237011735142914e-13,True,True,True,True,306.0775853904732,0.09969529874493503
500,40.0,19.409900959100924,16,7,12,40.12225300847717,90.353085884117,0.472149815151997,2.357573371555824,0.008737937668070572,3.247402347028583e-13,1.6237011735142914e-13,True,True,True,True,269.80890241076764,0.1744667728036363
500,40.0,19.409900959100924,16,10,12,40.12225300847717,90.353085884117,0.472149815151997,0.020850837790118898,5.251340181461339e-05,3.247402347028583e-13,1.6237011735142914e-13,True,True,True,True,397.0574571369045,0.24923824686233756
500,40.0,19.409900959100924,16,15,12,40.12225300847717,90.353085884117,0.472149815151997,5.681293586132169e-07,4.237338813162239e-10,3.247402347028583e-13,1.6237011735142914e-13,True,True,True,True,1340.7692508525972,0.37385737029350635
500,40.0,19.409900959100924,16,22,12,40.12225300847717,90.353085884117,0.472149815151997,2.6167795263310316e-15,5.4567461660326444e-14,3.247402347028583e-13,1.6237011735142914e-13,False,False,True,False,0.047954943233754536,0.5483241430971426
500,40.0,19.409900959100924,16,33,12,40.12225300847717,90.353085884117,0.472149815151997,7.904904785327907e-32,6.022959908591474e-14,3.247402347028583e-13,1.6237011735142914e-13,False,False,True,False,1.3124617970728852e-18,0.822486214645714
500,40.0,19.409900959100924,16,49,12,40.12225300847717,90.353085884117,0.472149815151997,3.72560209106187e-61,2.6978419498391304e-14,3.247402347028583e-13,1.6237011735142914e-13,False,False,True,False,1.380956394159422e-47,1.221267409625454
500,40.0,19.409900959100924,17,2,12,39.79964082525822,68.41300976708526,0.21344969433608235,239.6377704520686,0.21131835005947372,1.432187701766452e-13,7.16093850883226e-14,True,True,True,True,1134.013067888447,0.050251709777509625
500,40.0,19.409900959100924,17,3,12,39.79964082525822,68.41300976708526,0.21344969433608235,120.04548956671671,0.17396187104099956,1.432187701766452e-13,7.16093850883226e-14,True,True,True,True,690.0678226116815,0.07537756466626444
500,40.0,19.409900959100924,17,4,12,39.79964082525822,68.41300976708526,0.21344969433608235,52.14060889766663,0.09956211775791116,1.432187701766452e-13,7.16093850883226e-14,True,True,True,True,523.699275104296,0.10050341955501925
500,40.0,19.409900959100924,17,7,12,39.79964082525822,68.41300976708526,0.21344969433608235,1.7169910163558915,0.003511702388045379,1.432187701766452e-13,7.16093850883226e-14,True,True,True,True,488.9340913970709,0.1758809842212837
500,40.0,19.409900959100924,17,10,12,39.79964082525822,68.41300976708526,0.21344969433608235,0.014731824468778508,1.926841142466107e-05,1.432187701766452e-13,7.16093850883226e-14,True,True,True,True,764.5583304248778,0.2512585488875481
500,40.0,19.409900959100924,17,15,12,39.79964082525822,68.41300976708526,0.21344969433608235,3.7734406895240893e-07,1.4128803682567082e-10,1.432187701766452e-13,7.16093850883226e-14,True,True,True,True,2670.7432379288944,0.3768878233313222
500,40.0,19.409900959100924,17,22,12,39.79964082525822,68.41300976708526,0.21344969433608235,1.57497182587847e-15,2.398081733190338e-14,1.432187701766452e-13,7.16093850883226e-14,False,False,True,False,0.06567631970504914,0.5527688075526059
500,40.0,19.409900959100924,17,33,12,39.79964082525822,68.41300976708526,0.21344969433608235,4.029196607275019e-32,2.6645352591003757e-14,1.432187701766452e-13,7.16093850883226e-14,False,False,True,False,1.5121573615938535e-18,0.8291532113289088
500,40.0,19.409900959100924,17,49,12,39.79964082525822,68.41300976708526,0.21344969433608235,1.4780990434655151e-61,1.1879386363489175e-14,1.432187701766452e-13,7.16093850883226e-14,False,False,True,False,1.2442553834332673e-47,1.2311668895489858
500,40.0,19.409900959100924,18,2,12,41.117977390586205,70.70764334551505,0.4155014108448419,255.63819609356128,0.4118314357657521,2.843281166065026e-13,1.421640583032513e-13,True,True,True,True,620.7350238289414,0.04864052482449908
500,40.0,19.409900959100924,18,3,12,41.117977390586205,70.70764334551505,0.4155014108448419,130.05914612385297,0.34282785960729434,2.843281166065026e-13,1.421640583032513e-13,True,True,True,True,379.3715781233017,0.0729607872367486
500,40.0,19.409900959100924,18,4,12,41.117977390586205,70.70764334551505,0.4155014108448419,57.64647916265281,0.19978330311245146,2.843281166065026e-13,1.421640583032513e-13,True,True,True,True,288.5450298627083,0.09728104964899816
500,40.0,19.409900959100924,18,7,12,41.117977390586205,70.70764334551505,0.4155014108448419,2.0735667439314858,0.007541658573835652,2.843281166065026e-13,1.421640583032513e-13,True,True,True,True,274.9483715857054,0.17024183688574676
500,40.0,19.409900959100924,18,10,12,41.117977390586205,70.70764334551505,0.4155014108448419,0.020089805118307786,4.5154146740000733e-05,2.843281166065026e-13,1.421640583032513e-13,True,True,True,True,444.91606128636727,0.24320262412249538
500,40.0,19.409900959100924,18,15,12,41.117977390586205,70.70764334551505,0.4155014108448419,6.595696721021573e-07,3.750234567334587e-10,2.843281166065026e-13,1.421640583032513e-13,True,True,True,True,1758.7424473315937,0.36480393618374307
500,40.0,19.409900959100924,18,22,12,41.117977390586205,70.70764334551505,0.4155014108448419,4.092465058510134e-15,4.773959005888173e-14,2.843281166065026e-13,1.421640583032513e-13,False,False,True,False,0.08572476331410704,0.5350457730694899
500,40.0,19.409900959100924,18,33,12,41.117977390586205,70.70764334551505,0.4155014108448419,2.0457461249775e-31,5.284661597215745e-14,2.843281166065026e-13,1.421640583032513e-13,False,False,True,False,3.871101464766094e-18,0.8025686596042347
500,40.0,19.409900959100924,18,49,12,41.117977390586205,70.70764334551505,0.4155014108448419,2.0617799716342425e-60,2.3647750424515834e-14,2.843281166065026e-13,1.421640583032513e-13,False,False,True,False,8.718715034715424e-47,1.1916928582002273
500,40.0,19.409900959100924,19,2,12,39.87926623741257,54.7756515471542,0.3275341952545602,192.2432703859096,0.3246191290227501,2.2448709557920665e-13,1.1224354778960333e-13,True,True,True,True,592.2117743481368,0.05015137410235768
500,40.0,19.409900959100924,19,3,12,39.87926623741257,54.7756515471542,0.3275341952545602,96.3960287363854,0.27030538203527443,2.2448709557920665e-13,1.1224354778960333e-13,True,True,True,True,356.6189766943148,0.07522706115353653
500,40.0,19.409900959100924,19,4,12,39.87926623741257,54.7756515471542,0.3275341952545602,41.921422005318895,0.157734078164192,2.2448709557920665e-13,1.1224354778960333e-13,True,True,True,True,265.77276447313517,0.10030274820471537
500,40.0,19.409900959100924,19,7,12,39.87926623741257,54.7756515471542,0.3275341952545602,1.3880580585773976,0.006012754109434693,2.2448709557920665e-13,1.1224354778960333e-13,True,True,True,True,230.85229053344742,0.17552980935825188
500,40.0,19.409900959100924,19,10,12,39.87926623741257,54.7756515471542,0.3275341952545602,0.01199948096099484,3.672017855405052e-05,2.2448709557920665e-13,1.1224354778960333e-13,True,True,True,True,326.78166156877813,0.2507568705117884
500,40.0,19.409900959100924,19,15,12,39.87926623741257,54.7756515471542,0.3275341952545602,3.1210235606888995e-07,3.210108845408399e-10,2.2448709557920665e-13,1.1224354778960333e-13,True,True,True,True,972.24851585736,0.3761353057676826
500,40.0,19.409900959100924,19,22,12,39.87926623741257,54.7756515471542,0.3275341952545602,1.3348485639108186e-15,3.7692071686024065e-14,2.2448709557920665e-13,1.1224354778960333e-13,False,False,True,False,0.03541457139926247,0.5516651151259345
500,40.0,19.409900959100924,19,33,12,39.87926623741257,54.7756515471542,0.3275341952545602,3.55839899974361e-32,4.168887457467463e-14,2.2448709557920665e-13,1.1224354778960333e-13,False,False,True,False,8.53560820734001e-19,0.8274976726889017
500,40.0,19.409900959100924,19,49,12,39.87926623741257,54.7756515471542,0.3275341952545602,1.3889397299479804e-61,1.865174681370263e-14,2.2448709557920665e-13,1.1224354778960333e-13,False,False,True,False,7.446700535992621e-48,1.2287086655077633
500,40.0,19.409900959100924,20,2,12,41.78150452620477,69.29165984178637,0.18561948600157818,254.41294911748636,0.18426343377516133,1.2989609388114332e-13,6.494804694057166e-14,True,True,True,True,1380.7023124724878,0.04786807039812624
500,40.0,19.409900959100924,20,3,12,41.78150452620477,69.29165984178637,0.18561948600157818,130.40525148978475,0.15546293628535238,1.2989609388114332e-13,6.494804694057166e-14,True,True,True,True,838.8189146924755,0.07180210559718936
500,40.0,19.409900959100924,20,4,12,41.78150452620477,69.29165984178637,0.18561948600157818,58.366718378954424,0.0924042318433803,1.2989609388114332e-13,6.494804694057166e-14,True,True,True,True,631.6455124899751,0.09573614079625248
500,40.0,19.409900959100924,20,7,12,41.78150452620477,69.29165984178637,0.18561948600157818,2.1908089132586084,0.0037024258737970994,1.2989609388114332e-13,6.494804694057166e-14,True,True,True,True,591.7225591911119,0.16753824639344184
500,40.0,19.409900959100924,20,10,12,41.78150452620477,69.29165984178637,0.18561948600157818,0.022511454944993844,2.3233318669685366e-05,1.2989609388114332e-13,6.494804694057166e-14,True,True,True,True,968.9298057262305,0.2393403519906312
500,40.0,19.409900959100924,20,15,12,41.78150452620477,69.29165984178637,0.18561948600157818,8.33890098797356e-07,3.0130023476182544e-10,1.2989609388114332e-13,6.494804694057166e-14,True,True,True,True,2767.638397150726,0.3590105279859468
500,40.0,19.409900959100924,20,22,12,41.78150452620477,69.29165984178637,0.18561948600157818,6.2793324197365755e-15,2.1871393585115584e-14,1.2989609388114332e-13,6.494804694057166e-14,False,False,True,False,0.2871025293975748,0.5265487743793886
500,40.0,19.409900959100924,20,33,12,41.78150452620477,69.29165984178637,0.18561948600157818,4.357588443423263e-31,2.425837308805967e-14,1.2989609388114332e-13,6.494804694057166e-14,False,False,True,False,1.796323449888786e-17,0.7898231615690829
500,40.0,19.409900959100924,20,49,12,41.78150452620477,69.29165984178637,0.18561948600157818,7.20976704507108e-60,1.0907941216942163e-14,1.2989609388114332e-13,6.494804694057166e-14,False,False,True,False,6.609649705365944e-46,1.1727677247540929
500,40.0,19.409900959100924,21,2,12,39.25080991587478,67.49623620739771,0.3780887128956428,233.23636204854978,0.3744734713473565,2.554623179662485e-13,1.2773115898312426e-13,True,True,True,True,622.8381444735318,0.05095436257969063
500,40.0,19.409900959100924,21,3,12,39.25080991587478,67.49623620739771,0.3780887128956428,116.05625663174733,0.30954129236435923,2.554623179662485e-13,1.2773115898312426e-13,True,True,True,True,374.9298057951448,0.07643154386953595
500,40.0,19.409900959100924,21,4,12,39.25080991587478,67.49623620739771,0.3780887128956428,49.96621021068452,0.17832130917703554,2.554623179662485e-13,1.2773115898312426e-13,True,True,True,True,280.20324907484047,0.10190872515938126
500,40.0,19.409900959100924,21,7,12,39.25080991587478,67.49623620739771,0.3780887128956428,1.583564240145624,0.006439979593060419,2.554623179662485e-13,1.2773115898312426e-13,True,True,True,True,245.89584753529937,0.1783402690289172
500,40.0,19.409900959100924,21,10,12,39.25080991587478,67.49623620739771,0.3780887128956428,0.012892101688110563,3.629516932007748e-05,2.554623179662485e-13,1.2773115898312426e-13,True,True,True,True,355.20158548975303,0.25477181289845313
500,40.0,19.409900959100924,21,15,12,39.25080991587478,67.49623620739771,0.3780887128956428,2.9677647303926787e-07,2.6187074730898985e-10,2.554623179662485e-13,1.2773115898312426e-13,True,True,True,True,1133.2937187103666,0.3821577193476797
500,40.0,19.409900959100924,21,22,12,39.25080991587478,67.49623620739771,0.3780887128956428,1.0451646179690356e-15,4.29101199017623e-14,2.554623179662485e-13,1.2773115898312426e-13,False,False,True,False,0.02435706589405524,0.5604979883765969
500,40.0,19.409900959100924,21,33,12,39.25080991587478,67.49623620739771,0.3780887128956428,2.008207148326991e-32,4.746203430272544e-14,2.554623179662485e-13,1.2773115898312426e-13,False,False,True,False,4.2311864163219666e-19,0.8407469825648954
500,40.0,19.409900959100924,21,49,12,39.25080991587478,67.49623620739771,0.3780887128956428,4.786452605836239e-62,2.1038726316646716e-14,2.554623179662485e-13,1.2773115898312426e-13,False,False,True,False,2.2750676698755277e-48,1.2483818832024205
500,40.0,19.409900959100924,22,2,12,39.178709038336855,80.86540846731764,0.22954928066544286,278.93068554617565,0.2269697331752093,1.528221993396528e-13,7.64110996698264e-14,True,True,True,True,1228.9333984935124,0.05104813428239749
500,40.0,19.409900959100924,22,3,12,39.178709038336855,80.86540846731764,0.22954928066544286,138.66912815738579,0.18633953775417933,1.528221993396528e-13,7.64110996698264e-14,True,True,True,True,744.1744775621331,0.07657220142359623
500,40.0,19.409900959100924,22,4,12,39.178709038336855,80.86540846731764,0.22954928066544286,59.63184587671114,0.1059851085334533,1.528221993396528e-13,7.64110996698264e-14,True,True,True,True,562.6436270326491,0.10209626856479498
500,40.0,19.409900959100924,22,7,12,39.178709038336855,80.86540846731764,0.22954928066544286,1.8802782865350784,0.003609396897307271,1.528221993396528e-13,7.64110996698264e-14,True,True,True,True,520.9397414670102,0.17866846998839123
500,40.0,19.409900959100924,22,10,12,39.178709038336855,80.86540846731764,0.22954928066544286,0.015201172352390248,1.8504992047974067e-05,1.528221993396528e-13,7.64110996698264e-14,True,True,True,True,821.4633280025904,0.2552406714119875
500,40.0,19.409900959100924,22,15,12,39.178709038336855,80.86540846731764,0.22954928066544286,3.4500298901487953e-07,1.0561063135128279e-10,1.528221993396528e-13,7.64110996698264e-14,True,True,True,True,3266.7448778648836,0.38286100711798116
500,40.0,19.409900959100924,22,22,12,39.178709038336855,80.86540846731764,0.22954928066544286,1.187930254042082e-15,2.5646151868841116e-14,1.528221993396528e-13,7.64110996698264e-14,False,False,True,False,0.04632001947572346,0.5615294771063724
500,40.0,19.409900959100924,22,33,12,39.178709038336855,80.86540846731764,0.22954928066544286,2.1975445975873258e-32,2.839395385478838e-14,1.528221993396528e-13,7.64110996698264e-14,False,False,True,False,7.739480767018046e-19,0.8422942156595585
500,40.0,19.409900959100924,22,49,12,39.178709038336855,80.86540846731764,0.22954928066544286,4.9469101586723485e-62,1.2573275753879898e-14,1.528221993396528e-13,7.64110996698264e-14,False,False,True,False,3.934464061321344e-48,1.2506792899187384
500,40.0,19.409900959100924,23,2,12,41.15283161254415,76.02176744477961,0.498782466877351,275.076039204913,0.4952018965956828,3.5138558729386205e-13,1.7569279364693102e-13,True,True,True,True,555.4826043598621,0.04859932893148385
500,40.0,19.409900959100924,23,3,12,41.15283161254415,76.02176744477961,0.498782466877351,140.0040082921844,0.419003906859192,3.5138558729386205e-13,1.7569279364693102e-13,True,True,True,True,334.1353290513192,0.07289899339722578
500,40.0,19.409900959100924,23,4,12,41.15283161254415,76.02176744477961,0.498782466877351,62.08662988319398,0.2505903033156282,3.5138558729386205e-13,1.7569279364693102e-13,True,True,True,True,247.76150178881207,0.0971986578629677
500,40.0,19.409900959100924,23,7,12,41.15283161254415,76.02176744477961,0.498782466877351,2.238349431176042,0.010349933341841477,3.5138558729386205e-13,1.7569279364693102e-13,True,True,True,True,216.2670383708762,0.17009765126019347
500,40.0,19.409900959100924,23,10,12,41.15283161254415,76.02176744477961,0.498782466877351,0.02175423269087588,6.843780628734697e-05,3.5138558729386205e-13,1.7569279364693102e-13,True,True,True,True,317.8686441166347,0.24299664465741924
500,40.0,19.409900959100924,23,15,12,41.15283161254415,76.02176744477961,0.498782466877351,7.188068725338646e-07,6.759950932355707e-10,3.5138558729386205e-13,1.7569279364693102e-13,True,True,True,True,1063.3314941583087,0.3644949669861289
500,40.0,19.409900959100924,23,22,12,41.15283161254415,76.02176744477961,0.498782466877351,4.5060424610055536e-15,5.917488721252084e-14,3.5138558729386205e-13,1.7569279364693102e-13,False,False,True,False,0.07614788423377203,0.5345926182463223
500,40.0,19.409900959100924,23,33,12,41.15283161254415,76.02176744477961,0.498782466877351,2.2919762735553756e-31,6.539213615042172e-14,3.5138558729386205e-13,1.7569279364693102e-13,False,False,True,False,3.504972323098814e-18,0.8018889273694836
500,40.0,19.409900959100924,23,49,12,41.15283161254415,76.02176744477961,0.498782466877351,2.371378829816338e-60,2.936539900133539e-14,3.5138558729386205e-13,1.7569279364693102e-13,False,False,True,False,8.07541838511542e-47,1.1906835588213542
500,40.0,19.409900959100924,24,2,12,39.26935964741651,86.77752973597529,0.42974348998745604,300.00270703160027,0.4258791426643809,2.913225216616411e-13,1.4566126083082054e-13,True,True,True,True,704.4315557571715,0.050930293184232714
500,40.0,19.409900959100924,24,3,12,39.26935964741651,86.77752973597529,0.42974348998745604,149.31288855695885,0.3530653669616536,2.913225216616411e-13,1.4566126083082054e-13,True,True,True,True,422.90437558882894,0.07639543977634906
500,40.0,19.409900959100924,24,4,12,39.26935964741651,86.77752973597529,0.42974348998745604,64.30369462810619,0.2039240107377683,2.913225216616411e-13,1.4566126083082054e-13,True,True,True,True,315.3316492524077,0.10186058636846543
500,40.0,19.409900959100924,24,7,12,39.26935964741651,86.77752973597529,0.42974348998745604,2.040628813950159,0.007359428028493209,2.913225216616411e-13,1.4566126083082054e-13,True,True,True,True,277.2808981961012,0.17825602614481448
500,40.0,19.409900959100924,24,10,12,39.26935964741651,86.77752973597529,0.42974348998745604,0.016642974756290573,4.082525719195651e-05,2.913225216616411e-13,1.4566126083082054e-13,True,True,True,True,407.663684224618,0.25465146592116356
500,40.0,19.409900959100924,24,15,12,39.26935964741651,86.77752973597529,0.42974348998745604,3.845200097113443e-07,2.7886892794981577e-10,2.913225216616411e-13,1.4566126083082054e-13,True,True,True,True,1378.855695893596,0.3819771988817453
500,40.0,19.409900959100924,24,22,12,39.26935964741651,86.77752973597529,0.42974348998745604,1.3620359711338502e-15,4.912736883966318e-14,2.913225216616411e-13,1.4566126083082054e-13,False,False,True,False,0.02772458617881862,0.5602332250265598
500,40.0,19.409900959100924,24,33,12,39.26935964741651,86.77752973597529,0.42974348998745604,2.6426888667032494e-32,5.417888360170764e-14,2.913225216616411e-13,1.4566126083082054e-13,False,False,True,False,4.877710080057751e-19,0.8403498375398397
500,40.0,19.409900959100924,24,49,12,39.26935964741651,86.77752973597529,0.42974348998745604,6.391844588426263e-62,2.4202861936828413e-14,2.913225216616411e-13,1.4566126083082054e-13,False,False,True,False,2.6409457712519855e-48,1.2477921830137013
500,40.0,19.409900959100924,25,2,12,40.88367921117555,85.8296610348191,0.17787727626996072,308.60092196102966,0.17641849565797416,1.233457780358549e-13,6.167288901792745e-14,True,True,True,True,1749.254922563902,0.048919276312423966
500,40.0,19.409900959100924,25,3,12,40.88367921117555,85.8296610348191,0.17787727626996072,156.58336046059503,0.14795655222129908,1.233457780358549e-13,6.167288901792745e-14,True,True,True,True,1058.3063616296818,0.07337891446863595
500,40.0,19.409900959100924,25,4,12,40.88367921117555,85.8296610348191,0.17787727626996072,69.15936735651617,0.08735986071910908,1.233457780358549e-13,6.167288901792745e-14,True,True,True,True,791.660687038942,0.09783855262484793
500,40.0,19.409900959100924,25,7,12,40.88367921117555,85.8296610348191,0.17787727626996072,2.449849046345974,0.003475700181635538,1.233457780358549e-13,6.167288901792745e-14,True,True,True,True,704.8505102051594,0.17121746709348387
500,40.0,19.409900959100924,25,10,12,40.88367921117555,85.8296610348191,0.17787727626996072,0.02323906588193775,2.226897588161747e-05,1.233457780358549e-13,6.167288901792745e-14,True,True,True,True,1043.5623984451422,0.24459638156211982
500,40.0,19.409900959100924,25,15,12,40.88367921117555,85.8296610348191,0.17787727626996072,7.306423892222285e-07,2.067948312589607e-10,1.233457780358549e-13,6.167288901792745e-14,True,True,True,True,3533.175296375154,0.36689457234317974
500,40.0,19.409900959100924,25,22,12,40.88367921117555,85.8296610348191,0.17787727626996072,4.2299321703692746e-15,2.0788926136106056e-14,1.233457780358549e-13,6.167288901792745e-14,False,False,True,False,0.20347045069455313,0.5381120394366636
500,40.0,19.409900959100924,25,33,12,40.88367921117555,85.8296610348191,0.17787727626996072,1.880493702697959e-31,2.300937218535637e-14,1.233457780358549e-13,6.167288901792745e-14,False,False,True,False,8.172729301561489e-18,0.8071680591549955
500,40.0,19.409900959100924,25,49,12,40.88367921117555,85.8296610348191,0.17787727626996072,1.5876688619686006e-60,1.0241807402167069e-14,1.233457780358549e-13,6.167288901792745e-14,False,False,True,False,1.550184259111009e-46,1.1985222696543871
500,40.0,19.409900959100924,26,2,12,39.5678141198405,79.3641366248818,0.18947101487912718,276.41523510433564,0.18759805590030437,1.2745360322696797e-13,6.372680161348399e-14,True,True,True,True,1473.4440278593909,0.050546133125841275
500,40.0,19.409900959100924,26,3,12,39.5678141198405,79.3641366248818,0.18947101487912718,138.0793394559571,0.15465012547136087,1.2745360322696797e-13,6.372680161348399e-14,True,True,True,True,892.8498378847261,0.07581919968876191
500,40.0,19.409900959100924,26,4,12,39.5678141198405,79.3641366248818,0.18947101487912718,59.75250625223747,0.08872857540027172,1.2745360322696797e-13,6.372680161348399e-14,True,True,True,True,673.4302447963622,0.10109226625168255
500,40.0,19.409900959100924,26,7,12,39.5678141198405,79.3641366248818,0.18947101487912718,1.9362961374242451,0.0031592325887568884,1.2745360322696797e-13,6.372680161348399e-14,True,True,True,True,612.9007861957227,0.17691146594044446
500,40.0,19.409900959100924,26,10,12,39.5678141198405,79.3641366248818,0.18947101487912718,0.016251402258250478,1.749291131702968e-05,1.2745360322696797e-13,6.372680161348399e-14,True,True,True,True,929.0278767050875,0.2527306656292064
500,40.0,19.409900959100924,26,15,12,39.5678141198405,79.3641366248818,0.18947101487912718,3.9800915016567196e-07,1.2119596992654635e-10,1.2745360322696797e-13,6.372680161348399e-14,True,True,True,True,3284.0130773894107,0.3790959984438096
500,40.0,19.409900959100924,26,22,12,39.5678141198405,79.3641366248818,0.18947101487912718,1.5467415278633934e-15,2.1371793224034263e-14,1.2745360322696797e-13,6.372680161348399e-14,False,False,True,False,0.07237303447817195,0.5560074643842541
500,40.0,19.409900959100924,26,33,12,39.5678141198405,79.3641366248818,0.18947101487912718,3.5082111201881167e-32,2.3619994848900205e-14,1.2745360322696797e-13,6.372680161348399e-14,False,False,True,False,1.4852717549815496e-18,0.834011196576381
500,40.0,19.409900959100924,26,49,12,39.5678141198405,79.3641366248818,0.18947101487912718,1.0734925424662303e-61,1.0519363158323358e-14,1.2745360322696797e-13,6.372680161348399e-14,False,False,True,False,1.0204919502344952e-47,1.2383802615831112
500,40.0,19.409900959100924,27,2,12,39.745504968164596,72.12542782938405,0.2811556999640402,252.30614057389195,0.27844765275140565,1.8962609260597674e-13,9.481304630298837e-14,True,True,True,True,906.1169597976375,0.05032015574093127
500,40.0,19.409900959100924,27,3,12,39.745504968164596,72.12542782938405,0.2811556999640402,126.30884019646778,0.22998954067437194,1.8962609260597674e-13,9.481304630298837e-14,True,True,True,True,549.1938451901198,0.0754802336113969
500,40.0,19.409900959100924,27,4,12,39.745504968164596,72.12542782938405,0.2811556999640402,54.813966548694516,0.13231990673063765,1.8962609260597674e-13,9.481304630298837e-14,True,True,True,True,414.25336446373694,0.10064031148186255
500,40.0,19.409900959100924,27,7,12,39.745504968164596,72.12542782938405,0.2811556999640402,1.7982930210652426,0.004753826176797538,1.8962609260597674e-13,9.481304630298837e-14,True,True,True,True,378.28329311709933,0.17612054509325945
500,40.0,19.409900959100924,27,10,12,39.745504968164596,72.12542782938405,0.2811556999640402,0.01535049194238046,2.660250840985645e-05,1.8962609260597674e-13,9.481304630298837e-14,True,True,True,True,577.0317485058279,0.25160077870465636
500,40.0,19.409900959100924,27,15,12,39.745504968164596,72.12542782938405,0.2811556999640402,3.8910689824568783e-07,1.8893209219328355e-10,1.8962609260597674e-13,9.481304630298837e-14,True,True,True,True,2059.5066392829604,0.37740116805698454
500,40.0,19.409900959100924,27,22,12,39.745504968164596,72.12542782938405,0.2811556999640402,1.5972859196697622e-15,3.175237850427948e-14,1.8962609260597674e-13,9.481304630298837e-14,False,False,True,False,0.050304449458943225,0.553521713150244
500,40.0,19.409900959100924,27,33,12,39.745504968164596,72.12542782938405,0.2811556999640402,3.973298172724761e-32,3.5138558729386205e-14,1.8962609260597674e-13,9.481304630298837e-14,False,False,True,False,1.130751606326389e-18,0.830282569725366
500,40.0,19.409900959100924,27,49,12,39.745504968164596,72.12542782938405,0.2811556999640402,1.3972853488671049e-61,1.5654144647214707e-14,1.8962609260597674e-13,9.481304630298837e-14,False,False,True,False,8.925976987926449e-48,1.232843815652816
500,40.0,19.409900959100924,28,2,12,38.92261019878525,73.33357887059545,0.33862860044426724,251.32691988207728,0.3351283479397536,2.2526425169644426e-13,1.1263212584822213e-13,True,True,True,True,749.9422875657734,0.05138401535214662
500,40.0,19.409900959100924,28,3,12,38.92261019878525,73.33357887059545,0.33862860044426724,124.54636649416929,0.274767559252521,2.2526425169644426e-13,1.1263212584822213e-13,True,True,True,True,453.27900729251235,0.07707602302821993
500,40.0,19.409900959100924,28,4,12,38.92261019878525,73.33357887059545,0.33862860044426724,53.33427130739578,0.156089086034697,2.2526425169644426e-13,1.1263212584822213e-13,True,True,True,True,341.6912268647669,0.10276803070429325
500,40.0,19.409900959100924,28,7,12,38.92261019878525,73.33357887059545,0.33862860044426724,1.651289418431046,0.005319061861482288,2.2526425169644426e-13,1.1263212584822213e-13,True,True,True,True,310.44749270332295,0.1798440537325132
500,40.0,19.409900959100924,28,10,12,38.92261019878525,73.33357887059545,0.33862860044426724,0.013020650893102002,2.7549060140352744e-05,2.2526425169644426e-13,1.1263212584822213e-13,True,True,True,True,472.6350309871327,0.25692007676073314
500,40.0,19.409900959100924,28,15,12,38.92261019878525,73.33357887059545,0.33862860044426724,2.809116265669602e-07,1.63561164612247e-10,2.2526425169644426e-13,1.1263212584822213e-13,True,True,True,True,1717.4714256462705,0.38538011514109966
500,40.0,19.409900959100924,28,22,12,38.92261019878525,73.33357887059545,0.33862860044426724,8.924713224403866e-16,3.7692071686024065e-14,2.2526425169644426e-13,1.1263212584822213e-13,False,False,True,False,0.02367795885232035,0.5652241688736128
500,40.0,19.409900959100924,28,33,12,38.92261019878525,73.33357887059545,0.33862860044426724,1.4419153799671402e-32,4.1744385725905886e-14,2.2526425169644426e-13,1.1263212584822213e-13,False,False,True,False,3.454154025489255e-19,0.8478362533104192
500,40.0,19.409900959100924,28,49,12,38.92261019878525,73.33357887059545,0.33862860044426724,2.647428480896459e-62,1.8540724511240114e-14,2.2526425169644426e-13,1.1263212584822213e-13,False,False,True,False,1.4278991521024348e-48,1.2589083761275923
500,40.0,19.409900959100924,29,2,12,41.556864228607694,82.23758698033973,0.2323585039382328,300.3837648718602,0.23073388466965475,1.648126080056045e-13,8.240630400280224e-14,True,True,True,True,1301.8623827268555,0.048126826629599315
500,40.0,19.409900959100924,29,3,12,41.556864228607694,82.23758698033973,0.2323585039382328,153.58383972397712,0.19580861740697594,1.648126080056045e-13,8.240630400280224e-14,True,True,True,True,784.3568978619707,0.07219023994439898
500,40.0,19.409900959100924,29,4,12,41.556864228607694,82.23758698033973,0.2323585039382328,68.51641303184562,0.11780072709031647,1.648126080056045e-13,8.240630400280224e-14,True,True,True,True,581.6297974062152,0.09625365325919863
500,40.0,19.409900959100924,29,7,12,41.556864228607694,82.23758698033973,0.2323585039382328,2.5353099680524833,0.004998975648565135,1.648126080056045e-13,8.240630400280224e-14,True,True,True,True,507.1658968333238,0.1684438932035976
500,40.0,19.409900959100924,29,10,12,41.556864228607694,82.23758698033973,0.2323585039382328,0.025542109742768243,3.88312401163049e-05,1.648126080056045e-13,8.240630400280224e-14,True,True,True,True,657.7721871942827,0.2406341331479966
500,40.0,19.409900959100924,29,15,12,41.556864228607694,82.23758698033973,0.2323585039382328,9.085495440883327e-07,6.255470308413891e-10,1.648126080056045e-13,8.240630400280224e-14,True,True,True,True,1452.4080513439453,0.36095119972199485
500,40.0,19.409900959100924,29,22,12,41.556864228607694,82.23758698033973,0.2323585039382328,6.410262285985901e-15,2.7783331191244542e-14,1.648126080056045e-13,8.240630400280224e-14,False,False,True,False,0.2307233154246813,0.5293950929255925
500,40.0,19.409900959100924,29,33,12,41.556864228607694,82.23758698033973,0.2323585039382328,3.983497152867149e-31,3.069766663088558e-14,1.648126080056045e-13,8.240630400280224e-14,False,False,True,False,1.2976547047583309e-17,0.7940926393883887
500,40.0,19.409900959100924,29,49,12,41.556864228607694,82.23758698033973,0.2323585039382328,5.577808725364223e-60,1.3822276656583199e-14,1.648126080056045e-13,8.240630400280224e-14,False,False,True,False,4.035376272625577e-46,1.1791072524251833
500,40.0,19.409900959100924,30,2,12,37.771557701242386,84.05537535405739,0.4566033356658133,279.65343973886576,0.4511394804758875,2.9676261448230434e-13,1.4838130724115217e-13,True,True,True,True,619.882435125987,0.05294989462227595
500,40.0,19.409900959100924,30,3,12,37.771557701242386,84.05537535405739,0.4566033356658133,136.53702604165449,0.3648153261945328,2.9676261448230434e-13,1.4838130724115217e-13,True,True,True,True,374.26340462694264,0.07942484193341393
500,40.0,19.409900959100924,30,4,12,37.771557701242386,84.05537535405739,0.4566033356658133,57.33961636821141,0.20297247238591715,2.9676261448230434e-13,1.4838130724115217e-13,True,True,True,True,282.4994724367845,0.1058997892445519
500,40.0,19.409900959100924,30,7,12,37.771557701242386,84.05537535405739,0.4566033356658133,1.6311225392375004,0.006437948197306753,2.9676261448230434e-13,1.4838130724115217e-13,True,True,True,True,253.36061882570957,0.18532463117796583
500,40.0,19.409900959100924,30,10,12,37.771557701242386,84.05537535405739,0.4566033356658133,0.01145829598309947,3.0907772728350213e-05,2.9676261448230434e-13,1.4838130724115217e-13,True,True,True,True,370.7253862582381,0.26474947311137975
500,40.0,19.409900959100924,30,15,12,37.771557701242386,84.05537535405739,0.4566033356658133,1.9569892924723313e-07,1.6503048927418718e-10,2.9676261448230434e-13,1.4838130724115217e-13,True,True,True,True,1185.8349939331051,0.3971242096670696
500,40.0,19.409900959100924,30,22,12,37.771557701242386,84.05537535405739,0.4566033356658133,4.295362979039181e-16,4.9682480351975755e-14,2.9676261448230434e-13,1.4838130724115217e-13,False,False,True,False,0.008645629100255589,0.5824488408450355
500,40.0,19.409900959100924,30,33,12,37.771557701242386,84.05537535405739,0.4566033356658133,3.729209461886708e-33,5.5067062021407764e-14,2.9676261448230434e-13,1.4838130724115217e-13,False,False,True,False,6.772123525378833e-20,0.8736732612675532
500,40.0,19.409900959100924,30,49,12,37.771557701242386,84.05537535405739,0.4566033356658133,2.691156503159474e-63,2.425837308805967e-14,2.9676261448230434e-13,1.4838130724115217e-13,False,False,True,False,1.1093722127985991e-49,1.297272418245761
500,40.0,19.409900959100924,31,2,12,39.56371598913201,69.68106771410967,0.41263707685212997,242.6657495808623,0.40877424909816346,2.7922109069322687e-13,1.3961054534661343e-13,True,True,True,True,593.6424569703956,0.05055136884890671
500,40.0,19.409900959100924,31,3,12,39.56371598913201,69.68106771410967,0.41263707685212997,121.21418835187467,0.33821452075956665,2.7922109069322687e-13,1.3961054534661343e-13,True,True,True,True,358.39439442058915,0.07582705327336006
500,40.0,19.409900959100924,31,4,12,39.56371598913201,69.68106771410967,0.41263707685212997,52.45083366759395,0.19496993662106876,2.7922109069322687e-13,1.3961054534661343e-13,True,True,True,True,269.02010933887755,0.10110273769781342
500,40.0,19.409900959100924,31,7,12,39.56371598913201,69.68106771410967,0.41263707685212997,1.6991983585766208,0.007029296431994347,2.7922109069322687e-13,1.3961054534661343e-13,True,True,True,True,241.7309292637877,0.17692979097117348
500,40.0,19.409900959100924,31,10,12,39.56371598913201,69.68106771410967,0.41263707685212997,0.014255851813138237,3.934141859796014e-05,2.7922109069322687e-13,1.3961054534661343e-13,True,True,True,True,362.36242416223917,0.25275684424453354
500,40.0,19.409900959100924,31,15,12,39.56371598913201,69.68106771410967,0.41263707685212997,3.4885874159652407e-07,2.8193763990103093e-10,2.7922109069322687e-13,1.3961054534661343e-13,True,True,True,True,1237.3613601893828,0.37913526636680034
500,40.0,19.409900959100924,31,22,12,39.56371598913201,69.68106771410967,0.41263707685212997,1.3540169152703385e-15,4.6851411639181606e-14,2.7922109069322687e-13,1.3961054534661343e-13,False,False,True,False,0.028900237322582203,0.5560650573379738
500,40.0,19.409900959100924,31,33,12,39.56371598913201,69.68106771410967,0.41263707685212997,3.064536750863822e-32,5.190292640122607e-14,2.7922109069322687e-13,1.3961054534661343e-13,False,False,True,False,5.904362168664598e-19,0.8340975860069607
500,40.0,19.409900959100924,31,49,12,39.56371598913201,69.68106771410967,0.41263707685212997,9.347194120984782e-62,2.3203661214665772e-14,2.7922109069322687e-13,1.3961054534661343e-13,False,False,True,False,4.0283272689212206e-48,1.2385085367982143
500,40.0,19.409900959100924,32,2,12,40.07735556177131,63.559891207334715,0.2515118283749895,224.15284736449195,0.24879609019759877,1.6564527527407336e-13,8.282263763703668e-14,True,True,True,True,900.9500397955021,0.049903492183195466
500,40.0,19.409900959100924,32,3,12,40.07735556177131,63.559891207334715,0.2515118283749895,112.66376566366958,0.20297215204281677,1.6564527527407336e-13,8.282263763703668e-14,True,True,True,True,555.0700651777258,0.07485523827479319
500,40.0,19.409900959100924,32,4,12,40.07735556177131,63.559891207334715,0.2515118283749895,49.14874091820636,0.11430847200731123,1.6564527527407336e-13,8.282263763703668e-14,True,True,True,True,429.96586390432003,0.09980698436639093
500,40.0,19.409900959100924,32,7,12,40.07735556177131,63.559891207334715,0.2515118283749895,1.649559956752221,0.0037525117039303724,1.6564527527407336e-13,8.282263763703668e-14,True,True,True,True,439.58822434170577,0.17466222264118414
500,40.0,19.409900959100924,32,10,12,40.07735556177131,63.559891207334715,0.2515118283749895,0.014527929946215077,1.8357658405576682e-05,1.6564527527407336e-13,8.282263763703668e-14,True,True,True,True,791.3825186877749,0.24951746091597732
500,40.0,19.409900959100924,32,15,12,40.07735556177131,63.559891207334715,0.2515118283749895,3.9247323661342857e-07,9.412787216334095e-11,1.6564527527407336e-13,8.282263763703668e-14,True,True,True,True,4169.575149137188,0.374276191373966
500,40.0,19.409900959100924,32,22,12,40.07735556177131,63.559891207334715,0.2515118283749895,1.783204905767514e-15,2.7700064464397656e-14,1.6564527527407336e-13,8.282263763703668e-14,False,False,True,False,0.06437547855021897,0.5489384140151501
500,40.0,19.409900959100924,32,33,12,40.07735556177131,63.559891207334715,0.2515118283749895,5.264100791386624e-32,3.069766663088558e-14,1.6564527527407336e-13,8.282263763703668e-14,False,False,True,False,1.7148211473800748e-18,0.8234076210227251
500,40.0,19.409900959100924,32,49,12,40.07735556177131,63.559891207334715,0.2515118283749895,2.3962717739484446e-61,1.3600232051658168e-14,1.6564527527407336e-13,8.282263763703668e-14,False,False,True,False,1.7619344764461475e-47,1.2226355584882889
500,40.0,19.409900959100924,33,2,12,41.56005830540779,94.49728324596506,0.38536639420836194,345.18948276151013,0.3820805682986837,2.6489921367556235e-13,1.3244960683778118e-13,True,True,True,True,903.4468418495056,0.048123127867213795
500,40.0,19.409900959100924,33,3,12,41.56005830540779,94.49728324596506,0.38536639420836194,176.49895826981705,0.3189551031711413,2.6489921367556235e-13,1.3244960683778118e-13,True,True,True,True,553.3661525243359,0.0721846918008207
500,40.0,19.409900959100924,33,4,12,41.56005830540779,94.49728324596506,0.38536639420836194,78.74292590747666,0.1866651274838132,2.6489921367556235e-13,1.3244960683778118e-13,True,True,True,True,421.8405814139275,0.09624625573442759
500,40.0,19.409900959100924,33,7,12,41.56005830540779,94.49728324596506,0.38536639420836194,2.9143157527889345,0.007142874890808171,2.6489921367556235e-13,1.3244960683778118e-13,True,True,True,True,408.00319161955787,0.1684309475352483
500,40.0,19.409900959100924,33,10,12,41.56005830540779,94.49728324596506,0.38536639420836194,0.029368700665709988,4.325317470882384e-05,2.6489921367556235e-13,1.3244960683778118e-13,True,True,True,True,678.9952613517326,0.240615639336069
500,40.0,19.409900959100924,33,15,12,41.56005830540779,94.49728324596506,0.38536639420836194,1.0452687625708254e-06,3.5959790700701433e-10,2.6489921367556235e-13,1.3244960683778118e-13,True,True,True,True,2906.770985600971,0.3609234590041035
500,40.0,19.409900959100924,33,22,12,41.56005830540779,94.49728324596506,0.38536639420836194,7.381736958646012e-15,4.446443213623752e-14,2.6489921367556235e-13,1.3244960683778118e-13,False,False,True,False,0.16601442105520697,0.5293544065393517
500,40.0,19.409900959100924,33,33,12,41.56005830540779,94.49728324596506,0.38536639420836194,4.594423564656895e-31,4.929390229335695e-14,2.6489921367556235e-13,1.3244960683778118e-13,False,False,True,False,9.32047038458154e-18,0.7940316098090276
500,40.0,19.409900959100924,33,49,12,41.56005830540779,94.49728324596506,0.38536639420836194,6.448572156318623e-60,2.2093438190040615e-14,2.6489921367556235e-13,1.3244960683778118e-13,False,False,True,False,2.918772578921438e-46,1.179016632746738
500,40.0,19.409900959100924,34,2,12,39.07094099455959,72.21091016472299,0.25513777657925657,248.40603033352394,0.2517938227249626,1.6364687382974807e-13,8.182343691487404e-14,True,True,True,True,986.5453713090525,0.05118893860986068
500,40.0,19.409900959100924,34,3,12,39.07094099455959,72.21091016472299,0.25513777657925657,123.32811323832019,0.20176201803361116,1.6364687382974807e-13,8.182343691487404e-14,True,True,True,True,611.2553514297978,0.07678340791479102
500,40.0,19.409900959100924,34,4,12,39.07094099455959,72.21091016472299,0.25513777657925657,52.94147077252495,0.11074336625296358,1.6364687382974807e-13,8.182343691487404e-14,True,True,True,True,478.0554588849533,0.10237787721972136
500,40.0,19.409900959100924,34,7,12,39.07094099455959,72.21091016472299,0.25513777657925657,1.6565906825648187,0.0033509983932658582,1.6364687382974807e-13,8.182343691487404e-14,True,True,True,True,494.357349109415,0.17916128513451238
500,40.0,19.409900959100924,34,10,12,39.07094099455959,72.21091016472299,0.25513777657925657,0.013253179718205601,1.5242123411751685e-05,1.6364687382974807e-13,8.182343691487404e-14,True,True,True,True,869.5100649813262,0.2559446930493034
500,40.0,19.409900959100924,34,15,12,39.07094099455959,72.21091016472299,0.25513777657925657,2.9446183553284385e-07,7.237738186560705e-11,1.6364687382974807e-13,8.182343691487404e-14,True,True,True,True,4068.4234210020372,0.3839170395739551
500,40.0,19.409900959100924,34,22,12,39.07094099455959,72.21091016472299,0.25513777657925657,9.802277322838282e-16,2.736699755701011e-14,1.6364687382974807e-13,8.182343691487404e-14,False,False,True,False,0.03581787626654503,0.5630783247084675
500,40.0,19.409900959100924,34,33,12,39.07094099455959,72.21091016472299,0.25513777657925657,1.7130985768303937e-32,3.0142555118573e-14,1.6364687382974807e-13,8.182343691487404e-14,False,False,True,False,5.683322366307395e-19,0.8446174870627012
500,40.0,19.409900959100924,34,49,12,39.07094099455959,72.21091016472299,0.25513777657925657,3.540030830301784e-62,1.3433698597964394e-14,1.6364687382974807e-13,8.182343691487404e-14,False,False,True,False,2.635187029459038e-48,1.2541289959415867
500,40.0,19.409900959100924,35,2,12,39.695650112377336,72.61456171879794,0.39803463540780865,253.70597983470412,0.39424259013923807,2.6900703886667543e-13,1.3450351943333771e-13,True,True,True,True,643.5275796689053,0.050383354204756765
500,40.0,19.409900959100924,35,3,12,39.695650112377336,72.61456171879794,0.39803463540780865,126.93280479597976,0.32600310102976804,2.6900703886667543e-13,1.3450351943333771e-13,True,True,True,True,389.3607281496051,0.07557503130713515
500,40.0,19.409900959100924,35,4,12,39.695650112377336,72.61456171879794,0.39803463540780865,55.04111865180077,0.18792914703496055,2.6900703886667543e-13,1.3450351943333771e-13,True,True,True,True,292.8822884592854,0.10076670840951353
500,40.0,19.409900959100924,35,7,12,39.695650112377336,72.61456171879794,0.39803463540780865,1.7995282512943234,0.006807107473130569,2.6900703886667543e-13,1.3450351943333771e-13,True,True,True,True,264.3601938705289,0.17634173971664868
500,40.0,19.409900959100924,35,10,12,39.695650112377336,72.61456171879794,0.39803463540780865,0.015288526550244545,3.854858158719443e-05,2.6900703886667543e-13,1.3450351943333771e-13,True,True,True,True,396.60412707178017,0.25191677102378385
500,40.0,19.409900959100924,35,15,12,39.695650112377336,72.61456171879794,0.39803463540780865,3.838210483461105e-07,2.818373867619073e-10,2.6900703886667543e-13,1.3450351943333771e-13,True,True,True,True,1361.8528498149813,0.3778751565356757
500,40.0,19.409900959100924,35,22,12,39.695650112377336,72.61456171879794,0.39803463540780865,1.5516054486543037e-15,4.50195436485501e-14,2.6900703886667543e-13,1.3450351943333771e-13,False,False,True,False,0.034465152751593356,0.5542168962523244
500,40.0,19.409900959100924,35,33,12,39.695650112377336,72.61456171879794,0.39803463540780865,3.7611364701823486e-32,4.984901380566953e-14,2.6900703886667543e-13,1.3450351943333771e-13,False,False,True,False,7.545056928999024e-19,0.8313253443784866
500,40.0,19.409900959100924,35,49,12,39.695650112377336,72.61456171879794,0.39803463540780865,1.2721246748635267e-61,2.225997164373439e-14,2.6900703886667543e-13,1.3450351943333771e-13,False,False,True,False,5.714853078986726e-48,1.2343921780165408
500,40.0,19.409900959100924,36,2,12,40.9104302799381,79.97829629275599,0.17291014507621275,287.7443845165459,0.17105178829108594,1.1440848268762238e-13,5.720424134381119e-14,True,True,True,True,1682.2062335114515,0.048887288310452505
500,40.0,19.409900959100924,36,3,12,40.9104302799381,79.97829629275599,0.17291014507621275,146.04579816225785,0.13972490567334978,1.1440848268762238e-13,5.720424134381119e-14,True,True,True,True,1045.2381231423774,0.07333093246567876
500,40.0,19.409900959100924,36,4,12,40.9104302799381,79.97829629275599,0.17291014507621275,64.53117320740489,0.07891670433124821,1.1440848268762238e-13,5.720424134381119e-14,True,True,True,True,817.7124698028329,0.09777457662090501
500,40.0,19.409900959100924,36,7,12,40.9104302799381,79.97829629275599,0.17291014507621275,2.2899253797183157,0.0032281206611556035,1.1440848268762238e-13,5.720424134381119e-14,True,True,True,True,709.3679636183635,0.17110550908658378
500,40.0,19.409900959100924,36,10,12,40.9104302799381,79.97829629275599,0.17291014507621275,0.02177473574080402,2.167543705869357e-05,1.1440848268762238e-13,5.720424134381119e-14,True,True,True,True,1004.5811617012181,0.24443644155226252
500,40.0,19.409900959100924,36,15,12,40.9104302799381,79.97829629275599,0.17291014507621275,6.880075039677636e-07,2.3499324708353697e-10,1.1440848268762238e-13,5.720424134381119e-14,True,True,True,True,2927.7756382641332,0.3666546623283938
500,40.0,19.409900959100924,36,22,12,40.9104302799381,79.97829629275599,0.17291014507621275,4.014844919092151e-15,1.9234613901630837e-14,1.1440848268762238e-13,5.720424134381119e-14,False,False,True,False,0.2087302058478931,0.5377601714149776
500,40.0,19.409900959100924,36,33,12,40.9104302799381,79.97829629275599,0.17291014507621275,1.8090003487133349e-31,2.1260770921571748e-14,1.1440848268762238e-13,5.720424134381119e-14,False,False,True,False,8.508630074546707e-18,0.8066402571224663
500,40.0,19.409900959100924,36,49,12,40.9104302799381,79.97829629275599,0.17291014507621275,1.5585857616648271e-60,9.43689570931383e-15,1.1440848268762238e-13,5.720424134381119e-14,False,False,True,False,1.6515873542255709e-46,1.1977385636060864
500,40.0,19.409900959100924,37,2,12,41.06774709663742,72.54945275300425,0.3596204291987584,261.9875242153271,0.3563969083706565,2.4569235534954714e-13,1.2284617767477357e-13,True,True,True,True,735.1004401611063,0.04870001744419425
500,40.0,19.409900959100924,37,3,12,41.06774709663742,72.54945275300425,0.3596204291987584,133.2130061446017,0.29631660440062196,2.4569235534954714e-13,1.2284617767477357e-13,True,True,True,True,449.5630827508298,0.07305002616629137
500,40.0,19.409900959100924,37,4,12,41.06774709663742,72.54945275300425,0.3596204291987584,59.000079315304134,0.17234257462249075,2.4569235534954714e-13,1.2284617767477357e-13,True,True,True,True,342.3418702229635,0.0974000348883885
500,40.0,19.409900959100924,37,7,12,41.06774709663742,72.54945275300425,0.3596204291987584,2.1153211902533933,0.006461535285666342,2.4569235534954714e-13,1.2284617767477357e-13,True,True,True,True,327.3712974911429,0.17045006105467986
500,40.0,19.409900959100924,37,10,12,41.06774709663742,72.54945275300425,0.3596204291987584,0.02040203148614926,3.84336224717452e-05,2.4569235534954714e-13,1.2284617767477357e-13,True,True,True,True,530.8381092921435,0.24350008722097125
500,40.0,19.409900959100924,37,15,12,41.06774709663742,72.54945275300425,0.3596204291987584,6.636529246102958e-07,3.213345700636694e-10,2.4569235534954714e-13,1.2284617767477357e-13,True,True,True,True,2065.3019825373885,0.36525013083145685
500,40.0,19.409900959100924,37,22,12,41.06774709663742,72.54945275300425,0.3596204291987584,4.057245162532419e-15,4.1244785364824565e-14,2.4569235534954714e-13,1.2284617767477357e-13,False,False,True,False,0.09836989395494886,0.5357001918861367
500,40.0,19.409900959100924,37,33,12,41.06774709663742,72.54945275300425,0.3596204291987584,1.9779136928005625e-31,4.5630166312093934e-14,2.4569235534954714e-13,1.2284617767477357e-13,False,False,True,False,4.3346624670888636e-18,0.8035502878292051
500,40.0,19.409900959100924,37,49,12,41.06774709663742,72.54945275300425,0.3596204291987584,1.9193330489377626e-60,2.0317081350640365e-14,2.4569235534954714e-13,1.2284617767477357e-13,False,False,True,False,9.446893556279767e-47,1.1931504273827591
500,40.0,19.409900959100924,38,2,12,39.83961974604377,70.89281629164326,0.32108377831852947,248.5675095074219,0.3173378944945254,2.1049828546892968e-13,1.0524914273446484e-13,True,True,True,True,783.2897167965237,0.050201282360347016
500,40.0,19.409900959100924,38,3,12,39.83961974604377,70.89281629164326,0.32108377831852947,124.57896126623612,0.25765211994436316,2.1049828546892968e-13,1.0524914273446484e-13,True,True,True,True,483.5161507428599,0.07530192354052052
500,40.0,19.409900959100924,38,4,12,39.83961974604377,70.89281629164326,0.32108377831852947,54.143914620757,0.14448163374412526,2.1049828546892968e-13,1.0524914273446484e-13,True,True,True,True,374.74600208802343,0.10040256472069403
500,40.0,19.409900959100924,38,7,12,39.83961974604377,70.89281629164326,0.32108377831852947,1.7878761833039283,0.004770622536641067,2.1049828546892968e-13,1.0524914273446484e-13,True,True,True,True,374.76789864887286,0.17570448826121457
500,40.0,19.409900959100924,38,10,12,39.83961974604377,70.89281629164326,0.32108377831852947,0.015398103397872598,2.4728165883891595e-05,2.1049828546892968e-13,1.0524914273446484e-13,True,True,True,True,622.6949248954699,0.2510064118017351
500,40.0,19.409900959100924,38,15,12,39.83961974604377,70.89281629164326,0.32108377831852947,3.97458005892301e-07,1.7020657105959458e-10,2.1049828546892968e-13,1.0524914273446484e-13,True,True,True,True,2335.150772487736,0.3765096177026026
500,40.0,19.409900959100924,38,22,12,39.83961974604377,70.89281629164326,0.32108377831852947,1.6793907572516294e-15,3.5138558729386205e-14,2.1049828546892968e-13,1.0524914273446484e-13,False,False,True,False,0.04779338760548432,0.5522141059638171
500,40.0,19.409900959100924,38,33,12,39.83961974604377,70.89281629164326,0.32108377831852947,4.3860971746912755e-32,3.902433931557425e-14,2.1049828546892968e-13,1.0524914273446484e-13,False,False,True,False,1.1239388677980321e-18,0.8283211589457258
500,40.0,19.409900959100924,38,49,12,39.83961974604377,70.89281629164326,0.32108377831852947,1.6599634966263332e-61,1.7263968032921184e-14,2.1049828546892968e-13,1.0524914273446484e-13,False,False,True,False,9.615190977305441e-48,1.229931417828502
500,40.0,19.409900959100924,39,2,12,39.963031992795976,118.43481136189257,0.3116761406587132,416.5159334345581,0.3082610939770793,2.05613304160579e-13,1.028066520802895e-13,True,True,True,True,1351.1790542906724,0.05004625275581028
500,40.0,19.409900959100924,39,3,12,39.963031992795976,118.43481136189257,0.3116761406587132,209.06297939938446,0.25137649676867685,2.05613304160579e-13,1.028066520802895e-13,True,True,True,True,831.6727382503449,0.07506937913371542
500,40.0,19.409900959100924,39,4,12,39.963031992795976,118.43481136189257,0.3116761406587132,91.03887763669388,0.14163494599948567,2.05613304160579e-13,1.028066520802895e-13,True,True,True,True,642.7712948541985,0.10009250551162056
500,40.0,19.409900959100924,39,7,12,39.963031992795976,118.43481136189257,0.3116761406587132,3.0317470883885083,0.004693570049369711,2.05613304160579e-13,1.028066520802895e-13,True,True,True,True,645.9362609908496,0.17516188464533597
500,40.0,19.409900959100924,39,10,12,39.963031992795976,118.43481136189257,0.3116761406587132,0.02641634507926188,2.3628581095891388e-05,2.05613304160579e-13,1.028066520802895e-13,True,True,True,True,1117.9827079779766,0.2502312637790514
500,40.0,19.409900959100924,39,15,12,39.963031992795976,118.43481136189257,0.3116761406587132,6.982110620089807e-07,1.3557333033986652e-10,2.05613304160579e-13,1.028066520802895e-13,True,True,True,True,5150.06203844552,0.3753468956685771
500,40.0,19.409900959100924,39,22,12,39.963031992795976,118.43481136189257,0.3116761406587132,3.0636862656513386e-15,3.447242491461111e-14,2.05613304160579e-13,1.028066520802895e-13,False,False,True,False,0.08887353510059565,0.550508780313913
500,40.0,19.409900959100924,39,33,12,39.963031992795976,118.43481136189257,0.3116761406587132,8.527667304163724e-32,3.8191672047105385e-14,2.05613304160579e-13,1.028066520802895e-13,False,False,True,False,2.2328604240332155e-18,0.8257631704708697
500,40.0,19.409900959100924,39,49,12,39.963031992795976,118.43481136189257,0.3116761406587132,3.5525669711341126e-61,1.6930901125533637e-14,2.05613304160579e-13,1.028066520802895e-13,False,False,True,False,2.0982740049060095e-47,1.2261331925173518
1000,40.0,18.97120976007136,0,2,12,40.91638999031414,41.91952007456281,0.10556655582884578,150.83850464169473,0.10485835100921721,3.0808688933348094e-14,1.5404344466674047e-14,True,True,True,True,1438.4977752361926,0.04888016759233761
1000,40.0,18.97120976007136,0,3,12,40.91638999031414,41.91952007456281,0.10556655582884578,76.56393035017287,0.08946886637585014,3.0808688933348094e-14,1.5404344466674047e-14,True,True,True,True,855.7605952950731,0.07332025138850641
1000,40.0,18.97120976007136,0,4,12,40.91638999031414,41.91952007456281,0.10556655582884578,33.833248072168224,0.054463641550617434,3.0808688933348094e-14,1.5404344466674047e-14,True,True,True,True,621.2079675341627,0.09776033518467522
1000,40.0,18.97120976007136,0,7,12,40.91638999031414,41.91952007456281,0.10556655582884578,1.2010620055950512,0.0024528783177626273,3.0808688933348094e-14,1.5404344466674047e-14,True,True,True,True,489.65413281918933,0.17108058657318162
1000,40.0,18.97120976007136,0,10,12,40.91638999031414,41.91952007456281,0.10556655582884578,0.011426974504908465,1.882158399187095e-05,3.0808688933348094e-14,1.5404344466674047e-14,True,True,True,True,607.1207667666962,0.24440083796168804
1000,40.0,18.97120976007136,0,15,12,40.91638999031414,41.91952007456281,0.10556655582884578,3.614524422563654e-07,2.766278178745196e-10,3.0808688933348094e-14,1.5404344466674047e-14,True,True,True,True,1306.6380851846318,0.36660125694253204
1000,40.0,18.97120976007136,0,22,12,40.91638999031414,41.91952007456281,0.10556655582884578,2.1129748618561897e-15,3.798350522998817e-14,3.0808688933348094e-14,1.5404344466674047e-14,True,False,False,False,0.0556287485597297,0.5376818435157137
1000,40.0,18.97120976007136,0,33,12,40.91638999031414,41.91952007456281,0.10556655582884578,9.549107046445602e-32,3.6692870963861424e-14,3.0808688933348094e-14,1.5404344466674047e-14,True,False,False,False,2.6024420536213852e-18,0.8065227652735706
1000,40.0,18.97120976007136,0,49,12,40.91638999031414,41.91952007456281,0.10556655582884578,8.264477006730488e-61,4.443667656062189e-14,3.0808688933348094e-14,1.5404344466674047e-14,True,False,False,False,1.8598323831567e-47,1.1975641060122715
1000,40.0,18.97120976007136,1,2,12,40.83414382715161,41.85163084473426,0.24223225448799446,150.3012418423884,0.24024938349264102,6.84452494681409e-14,3.422262473407045e-14,True,True,True,True,625.6051093966375,0.04897861966852729
1000,40.0,18.97120976007136,1,3,12,40.83414382715161,41.85163084473426,0.24223225448799446,76.21891277190575,0.2017425665988878,6.84452494681409e-14,3.422262473407045e-14,True,True,True,True,377.80283088916514,0.07346792950279094
1000,40.0,18.97120976007136,1,4,12,40.83414382715161,41.85163084473426,0.24223225448799446,33.6390235257751,0.11954611585608547,6.84452494681409e-14,3.422262473407045e-14,True,True,True,True,281.3895147063677,0.09795723933705458
1000,40.0,18.97120976007136,1,7,12,40.83414382715161,41.85163084473426,0.24223225448799446,1.1877243510386313,0.004874574702708051,6.84452494681409e-14,3.422262473407045e-14,True,True,True,True,243.65702106868844,0.17142516883984552
1000,40.0,18.97120976007136,1,10,12,40.83414382715161,41.85163084473426,0.24223225448799446,0.011216146204285122,3.3194779209017033e-05,6.84452494681409e-14,3.422262473407045e-14,True,True,True,True,337.8888629944062,0.24489309834263645
1000,40.0,18.97120976007136,1,15,12,40.83414382715161,41.85163084473426,0.24223225448799446,3.494103941139732e-07,3.9590092315577863e-10,6.84452494681409e-14,3.422262473407045e-14,True,True,True,True,882.5702939229764,0.3673396475139547
1000,40.0,18.97120976007136,1,22,12,40.83414382715161,41.85163084473426,0.24223225448799446,1.9933058896115874e-15,8.468226120328382e-14,6.84452494681409e-14,3.422262473407045e-14,True,False,False,False,0.023538647424949617,0.5387648163538002
1000,40.0,18.97120976007136,1,33,12,40.83414382715161,41.85163084473426,0.24223225448799446,8.643765213913005e-32,8.165690346118026e-14,6.84452494681409e-14,3.422262473407045e-14,True,False,False,False,1.058546778965511e-18,0.8081472245307003
1000,40.0,18.97120976007136,1,49,12,40.83414382715161,41.85163084473426,0.24223225448799446,7.028656466285835e-61,9.892087149410145e-14,6.84452494681409e-14,3.422262473407045e-14,True,False,False,False,7.105332130747501e-48,1.1999761818789187
1000,40.0,18.97120976007136,2,2,12,41.96825215566552,49.10204006676557,0.22760354595868018,181.05809243008952,0.2260635355787912,6.611378111642807e-14,3.3056890558214036e-14,True,True,True,True,800.916839447485,0.047655070136867955
1000,40.0,18.97120976007136,2,3,12,41.96825215566552,49.10204006676557,0.22760354595868018,92.99709291697032,0.19269673827891537,6.611378111642807e-14,3.3056890558214036e-14,True,True,True,True,482.60854723115955,0.07148260520530193
1000,40.0,18.97120976007136,2,4,12,41.96825215566552,49.10204006676557,0.22760354595868018,41.735959342742476,0.11706406681433053,6.611378111642807e-14,3.3056890558214036e-14,True,True,True,True,356.5223768360773,0.09531014027373591
1000,40.0,18.97120976007136,2,7,12,41.96825215566552,49.10204006676557,0.22760354595868018,1.5851171551858414,0.00522171223209858,6.611378111642807e-14,3.3056890558214036e-14,True,True,True,True,303.56271750134164,0.16679274547903786
1000,40.0,18.97120976007136,2,10,12,41.96825215566552,49.10204006676557,0.22760354595868018,0.016555070718983312,3.944816509451887e-05,6.611378111642807e-14,3.3056890558214036e-14,True,True,True,True,419.6664326291708,0.23827535068433978
1000,40.0,18.97120976007136,2,15,12,41.96825215566552,49.10204006676557,0.22760354595868018,6.341265029952245e-07,5.58921853244243e-10,6.611378111642807e-14,3.3056890558214036e-14,True,True,True,True,1134.5530673285696,0.35741302602650965
1000,40.0,18.97120976007136,2,22,12,41.96825215566552,49.10204006676557,0.22760354595868018,5.0389881263039025e-15,8.176792576364278e-14,6.611378111642807e-14,3.3056890558214036e-14,True,False,False,False,0.06162548553413879,0.5242057715055475
1000,40.0,18.97120976007136,2,33,12,41.96825215566552,49.10204006676557,0.22760354595868018,3.8309893494284572e-31,7.882583474838611e-14,6.611378111642807e-14,3.3056890558214036e-14,True,False,False,False,4.860068227196152e-18,0.7863086572583212
1000,40.0,18.97120976007136,2,49,12,41.96825215566552,49.10204006676557,0.22760354595868018,7.276483193905009e-60,9.556244684461035e-14,6.611378111642807e-14,3.3056890558214036e-14,True,False,False,False,7.6143751381093875e-47,1.167549218353265
1000,40.0,18.97120976007136,3,2,12,39.55762872039607,37.559962361146845,0.309707287595529,130.7836569430985,0.3069378448055515,8.615330671091215e-14,4.3076653355456074e-14,True,True,True,True,426.09166369155747,0.050559147873512254
1000,40.0,18.97120976007136,3,3,12,39.55762872039607,37.559962361146845,0.309707287595529,65.32300227352931,0.25570347028776524,8.615330671091215e-14,4.3076653355456074e-14,True,True,True,True,255.46388635248354,0.07583872181026838
1000,40.0,18.97120976007136,3,4,12,39.55762872039607,37.559962361146845,0.309707287595529,28.263292278259208,0.1494793521368017,8.615330671091215e-14,4.3076653355456074e-14,True,True,True,True,189.0782363867418,0.10111829574702451
1000,40.0,18.97120976007136,3,7,12,39.55762872039607,37.559962361146845,0.309707287595529,0.9152300109698737,0.005773813206270573,8.615330671091215e-14,4.3076653355456074e-14,True,True,True,True,158.51396265745146,0.17695701755729287
1000,40.0,18.97120976007136,3,10,12,39.55762872039607,37.559962361146845,0.309707287595529,0.007674088893939843,3.6397585068181915e-05,8.615330671091215e-14,4.3076653355456074e-14,True,True,True,True,210.84060603373348,0.2527957393675613
1000,40.0,18.97120976007136,3,15,12,39.55762872039607,37.559962361146845,0.309707287595529,1.8757266917357632e-07,3.5929142994106655e-10,8.615330671091215e-14,4.3076653355456074e-14,True,True,True,True,522.0627422266746,0.37919360905134186
1000,40.0,18.97120976007136,3,22,12,39.55762872039607,37.559962361146845,0.309707287595529,7.266522796088388e-16,1.0652589921278377e-13,8.615330671091215e-14,4.3076653355456074e-14,True,False,False,False,0.006821367244761413,0.5561506266086348
1000,40.0,18.97120976007136,3,33,12,39.55762872039607,37.559962361146845,0.309707287595529,1.6394187512787523e-32,1.0275114092905824e-13,8.615330671091215e-14,4.3076653355456074e-14,True,False,False,False,1.5955236471881561e-19,0.8342259399129521
1000,40.0,18.97120976007136,3,49,12,39.55762872039607,37.559962361146845,0.309707287595529,4.976581793997973e-62,1.2456702336294256e-13,8.615330671091215e-14,4.3076653355456074e-14,True,False,False,False,3.995103727812489e-49,1.2386991229010502
1000,40.0,18.97120976007136,4,2,12,40.34981334238812,46.69149415774414,0.147166364820519,165.7530759029549,0.14594943225186732,4.1466829969749597e-14,2.0733414984874798e-14,True,True,True,True,1135.6883911470934,0.049566524212367756
1000,40.0,18.97120976007136,4,3,12,40.34981334238812,46.69149415774414,0.147166364820519,83.58074601034814,0.12233050875528127,4.1466829969749597e-14,2.0733414984874798e-14,True,True,True,True,683.2371324274393,0.07434978631855163
1000,40.0,18.97120976007136,4,4,12,40.34981334238812,46.69149415774414,0.147166364820519,36.61619648576324,0.07218096876842837,4.1466829969749597e-14,2.0733414984874798e-14,True,True,True,True,507.28325084186173,0.09913304842473551
1000,40.0,18.97120976007136,4,7,12,40.34981334238812,46.69149415774414,0.147166364820519,1.251811803301417,0.002873988921212739,4.1466829969749597e-14,2.0733414984874798e-14,True,True,True,True,435.56598080871834,0.17348283474328713
1000,40.0,18.97120976007136,4,10,12,40.34981334238812,46.69149415774414,0.147166364820519,0.011307990033795694,1.864928770273222e-05,4.1466829969749597e-14,2.0733414984874798e-14,True,True,True,True,606.3497016102665,0.24783262106183876
1000,40.0,18.97120976007136,4,15,12,40.34981334238812,46.69149415774414,0.147166364820519,3.2170718856583786e-07,1.8985135685767318e-10,4.1466829969749597e-14,2.0733414984874798e-14,True,True,True,True,1694.5214081720453,0.3717489315927581
1000,40.0,18.97120976007136,4,22,12,40.34981334238812,46.69149415774414,0.147166364820519,1.5874640864018163e-15,5.112577028398846e-14,4.1466829969749597e-14,2.0733414984874798e-14,True,False,False,False,0.031050174453781824,0.5452317663360453
1000,40.0,18.97120976007136,4,33,12,40.34981334238812,46.69149415774414,0.147166364820519,5.387139176380055e-32,4.932165786897258e-14,4.1466829969749597e-14,2.0733414984874798e-14,True,False,False,False,1.0922461671283384e-18,0.817847649504068
1000,40.0,18.97120976007136,4,49,12,40.34981334238812,46.69149415774414,0.147166364820519,3.0259121739450262e-61,5.981326545168031e-14,4.1466829969749597e-14,2.0733414984874798e-14,True,False,False,False,5.058931578295932e-48,1.21437984320301
1000,40.0,18.97120976007136,5,2,12,38.69124290240348,41.40115422082278,0.2761018176476158,141.05882969656983,0.2731325063803351,7.460698725481052e-14,3.730349362740526e-14,True,True,True,True,516.4483406458637,0.051691283349177726
1000,40.0,18.97120976007136,5,3,12,38.69124290240348,41.40115422082278,0.2761018176476158,69.69812734558708,0.22372655981832767,7.460698725481052e-14,3.730349362740526e-14,True,True,True,True,311.5326468264829,0.07753692502376659
1000,40.0,18.97120976007136,5,4,12,38.69124290240348,41.40115422082278,0.2761018176476158,29.732434669007276,0.1273061807810923,7.460698725481052e-14,3.730349362740526e-14,True,True,True,True,233.55059814521732,0.10338256669835545
1000,40.0,18.97120976007136,5,7,12,38.69124290240348,41.40115422082278,0.2761018176476158,0.9053299724293961,0.004456788290226887,7.460698725481052e-14,3.730349362740526e-14,True,True,True,True,203.13506351976778,0.18091949172212204
1000,40.0,18.97120976007136,5,10,12,38.69124290240348,41.40115422082278,0.2761018176476158,0.006977831713053644,2.4993937066120075e-05,7.460698725481052e-14,3.730349362740526e-14,True,True,True,True,279.18097475376436,0.25845641674588865
1000,40.0,18.97120976007136,5,15,12,38.69124290240348,41.40115422082278,0.2761018176476158,1.437472558039061e-07,2.0047752347096548e-10,7.460698725481052e-14,3.730349362740526e-14,True,True,True,True,717.0242993585491,0.38768462511883295
1000,40.0,18.97120976007136,5,22,12,38.69124290240348,41.40115422082278,0.2761018176476158,4.244350269732153e-16,9.231504449758177e-14,7.460698725481052e-14,3.730349362740526e-14,True,False,False,False,0.004597679926204592,0.568604116840955
1000,40.0,18.97120976007136,5,33,12,38.69124290240348,41.40115422082278,0.2761018176476158,6.0626256433358737e-33,8.903988657493755e-14,7.460698725481052e-14,3.730349362740526e-14,True,False,False,False,6.808887428482357e-20,0.8529061752614325
1000,40.0,18.97120976007136,5,49,12,38.69124290240348,41.40115422082278,0.2761018176476158,9.24805423331106e-63,1.0802470029602773e-13,7.460698725481052e-14,3.730349362740526e-14,True,False,False,False,8.56105521049164e-50,1.2664364420548544
1000,40.0,18.97120976007136,6,2,12,40.604073712066665,45.492158925929104,0.191047264582567,162.48337948199412,0.18962151318424234,5.467848396278896e-14,2.733924198139448e-14,True,True,True,True,856.8826224064569,0.049256141494138865
1000,40.0,18.97120976007136,6,3,12,40.604073712066665,45.492158925929104,0.191047264582567,82.17679658794725,0.1603839780014201,5.467848396278896e-14,2.733924198139448e-14,True,True,True,True,512.375348285847,0.0738842122412083
1000,40.0,18.97120976007136,6,4,12,40.604073712066665,45.492158925929104,0.191047264582567,36.14198228363098,0.09613778366490448,5.467848396278896e-14,2.733924198139448e-14,True,True,True,True,375.93941638603394,0.09851228298827773
1000,40.0,18.97120976007136,6,7,12,40.604073712066665,45.492158925929104,0.191047264582567,1.2568038322730026,0.004072578049699516,5.467848396278896e-14,2.733924198139448e-14,True,True,True,True,308.60153370559283,0.17239649522948602
1000,40.0,18.97120976007136,6,10,12,40.604073712066665,45.492158925929104,0.191047264582567,0.011622036903683458,2.8699166390450115e-05,5.467848396278896e-14,2.733924198139448e-14,True,True,True,True,404.9607833749062,0.24628070747069433
1000,40.0,18.97120976007136,6,15,12,40.604073712066665,45.492158925929104,0.191047264582567,3.468433549394841e-07,3.459016961748773e-10,5.467848396278896e-14,2.733924198139448e-14,True,True,True,True,1002.7223305783696,0.3694210612060415
1000,40.0,18.97120976007136,6,22,12,40.604073712066665,45.492158925929104,0.191047264582567,1.8474119945227157e-15,6.755707104844078e-14,5.467848396278896e-14,2.733924198139448e-14,True,False,False,False,0.02734594567011434,0.5418175564355275
1000,40.0,18.97120976007136,6,33,12,40.604073712066665,45.492158925929104,0.191047264582567,7.133339472983535e-32,6.514233596988106e-14,5.467848396278896e-14,2.733924198139448e-14,True,False,False,False,1.0950389430740826e-18,0.8127263346532912
1000,40.0,18.97120976007136,6,49,12,40.604073712066665,45.492158925929104,0.191047264582567,4.868471457287428e-61,7.902012377769552e-14,5.467848396278896e-14,2.733924198139448e-14,True,False,False,False,6.161052684482911e-48,1.2067754666064023
1000,40.0,18.97120976007136,7,2,12,39.13726792978739,39.91219494315942,0.1629071581888937,137.5270427504199,0.16128653604591053,4.440892098500626e-14,2.220446049250313e-14,True,True,True,True,852.6876831880904,0.051102187398160186
1000,40.0,18.97120976007136,7,3,12,39.13726792978739,39.91219494315942,0.1629071581888937,68.33568335371402,0.13292520505615432,4.440892098500626e-14,2.220446049250313e-14,True,True,True,True,514.0912389403167,0.07665328109724028
1000,40.0,18.97120976007136,7,4,12,39.13726792978739,39.91219494315942,0.1629071581888937,29.366518412299577,0.07627929325179433,4.440892098500626e-14,2.220446049250313e-14,True,True,True,True,384.986765875794,0.10220437479632037
1000,40.0,18.97120976007136,7,7,12,39.13726792978739,39.91219494315942,0.1629071581888937,0.9232509640184858,0.0027330822165781143,4.440892098500626e-14,2.220446049250313e-14,True,True,True,True,337.80577782047794,0.17885765589356065
1000,40.0,18.97120976007136,7,10,12,39.13726792978739,39.91219494315942,0.1629071581888937,0.007434082748802227,1.5795399853024694e-05,4.440892098500626e-14,2.220446049250313e-14,True,True,True,True,470.64859503247453,0.2555109369908009
1000,40.0,18.97120976007136,7,15,12,39.13726792978739,39.91219494315942,0.1629071581888937,1.6734989342598074e-07,1.307857988575023e-10,4.440892098500626e-14,2.220446049250313e-14,True,True,True,True,1279.5723609741212,0.3832664054862014
1000,40.0,18.97120976007136,7,22,12,39.13726792978739,39.91219494315942,0.1629071581888937,5.687981386242547e-16,5.5011550870176507e-14,4.440892098500626e-14,2.220446049250313e-14,True,False,False,False,0.010339612856335924,0.562124061379762
1000,40.0,18.97120976007136,7,33,12,39.13726792978739,39.91219494315942,0.1629071581888937,1.0294828229402763e-32,5.2985393850235596e-14,4.440892098500626e-14,2.220446049250313e-14,True,False,False,False,1.942955875443962e-19,0.843186092069643
1000,40.0,18.97120976007136,7,49,12,39.13726792978739,39.91219494315942,0.1629071581888937,2.2425093276679585e-62,6.425415755018093e-14,4.440892098500626e-14,2.220446049250313e-14,True,False,False,False,3.490061053118023e-49,1.2520035912549246
1000,40.0,18.97120976007136,8,2,12,40.797912503355555,49.90254834984405,0.10571935534744664,179.06043231001757,0.10480186660304122,2.967071033310731e-14,1.4835355166553654e-14,True,True,True,True,1708.5614799996458,0.04902211601722278
1000,40.0,18.97120976007136,8,3,12,40.797912503355555,49.90254834984405,0.10571935534744664,90.76489759910845,0.08759556282132579,2.967071033310731e-14,1.4835355166553654e-14,True,True,True,True,1036.18145344014,0.07353317402583417
1000,40.0,18.97120976007136,8,4,12,40.797912503355555,49.90254834984405,0.10571935534744664,40.03691014759984,0.051512933697368674,2.967071033310731e-14,1.4835355166553654e-14,True,True,True,True,777.2205400455567,0.09804423203444557
1000,40.0,18.97120976007136,8,7,12,40.797912503355555,49.90254834984405,0.10571935534744664,1.410247032599812,0.0022365720291358804,2.967071033310731e-14,1.4835355166553654e-14,True,True,True,True,630.5395105672825,0.17157740606027974
1000,40.0,18.97120976007136,8,10,12,40.797912503355555,49.90254834984405,0.10571935534744664,0.013273746751104421,1.7040266759763e-05,2.967071033310731e-14,1.4835355166553654e-14,True,True,True,True,778.9635536955077,0.24511058008611392
1000,40.0,18.97120976007136,8,15,12,40.797912503355555,49.90254834984405,0.10571935534744664,4.107333784031329e-07,2.2198781701732173e-10,2.967071033310731e-14,1.4835355166553654e-14,True,True,True,True,1850.2518918463138,0.3676658701291709
1000,40.0,18.97120976007136,8,22,12,40.797912503355555,49.90254834984405,0.10571935534744664,2.3180239241363817e-15,3.665123760043798e-14,2.967071033310731e-14,1.4835355166553654e-14,True,False,False,False,0.0632454475182219,0.5392432761894507
1000,40.0,18.97120976007136,8,33,12,40.797912503355555,49.90254834984405,0.10571935534744664,9.870320560246709e-32,3.530509218307998e-14,2.967071033310731e-14,1.4835355166553654e-14,True,False,False,False,2.795721509254995e-18,0.808864914284176
1000,40.0,18.97120976007136,8,49,12,40.797912503355555,49.90254834984405,0.10571935534744664,7.808209069568673e-61,4.2799097599299785e-14,2.967071033310731e-14,1.4835355166553654e-14,True,False,False,False,1.8243863790474917e-47,1.2010418424219582
1000,40.0,18.97120976007136,9,2,12,39.70402923832157,41.70979835268757,0.2159495479719942,145.7587455112509,0.21405083612999623,6.039613253960852e-14,3.019806626980426e-14,True,True,True,True,680.9538712697645,0.05037272131740318
1000,40.0,18.97120976007136,9,3,12,39.70402923832157,41.70979835268757,0.2159495479719942,72.93265056217233,0.1786158585612151,6.039613253960852e-14,3.019806626980426e-14,True,True,True,True,408.32124957805416,0.07555908197610477
1000,40.0,18.97120976007136,9,4,12,39.70402923832157,41.70979835268757,0.2159495479719942,31.629568105389907,0.10471780090323597,6.039613253960852e-14,3.019806626980426e-14,True,True,True,True,302.0457633045319,0.10074544263480636
1000,40.0,18.97120976007136,9,7,12,39.70402923832157,41.70979835268757,0.2159495479719942,1.0347052378886366,0.004093165418961653,6.039613253960852e-14,3.019806626980426e-14,True,True,True,True,252.78852232439675,0.17630452461091115
1000,40.0,18.97120976007136,9,10,12,39.70402923832157,41.70979835268757,0.2159495479719942,0.008797702298135706,2.623700942019913e-05,6.039613253960852e-14,3.019806626980426e-14,True,True,True,True,335.31650491243124,0.2518636065870159
1000,40.0,18.97120976007136,9,15,12,39.70402923832157,41.70979835268757,0.2159495479719942,2.2122594164966762e-07,2.6792479346227083e-10,6.039613253960852e-14,3.019806626980426e-14,True,True,True,True,825.701641086907,0.37779540988052385
1000,40.0,18.97120976007136,9,22,12,39.70402923832157,41.70979835268757,0.2159495479719942,8.966208600711562e-16,7.466249840604178e-14,6.039613253960852e-14,3.019806626980426e-14,True,False,False,False,0.012008985490882002,0.554099934491435
1000,40.0,18.97120976007136,9,33,12,39.70402923832157,41.70979835268757,0.2159495479719942,2.1829072778926484e-32,7.19979631469414e-14,6.039613253960852e-14,3.019806626980426e-14,True,False,False,False,3.031901435096893e-19,0.8311499017371525
1000,40.0,18.97120976007136,9,49,12,39.70402923832157,41.70979835268757,0.2159495479719942,7.431761477500083e-62,8.72635297355373e-14,6.039613253960852e-14,3.019806626980426e-14,True,False,False,False,8.516457562538367e-49,1.234131672276378
1000,40.0,18.97120976007136,10,2,12,39.35767803062768,47.90294481762543,0.19336809000434727,165.97255024158673,0.1914544897386054,5.284661597215745e-14,2.6423307986078726e-14,True,True,True,True,866.9034111876435,0.0508160059250351
1000,40.0,18.97120976007136,10,3,12,39.35767803062768,47.90294481762543,0.19336809000434727,82.69562164381125,0.15805724511183497,5.284661597215745e-14,2.6423307986078726e-14,True,True,True,True,523.2004492125568,0.07622400888755265
1000,40.0,18.97120976007136,10,4,12,39.35767803062768,47.90294481762543,0.19336809000434727,35.66500252941729,0.09106811593214677,5.284661597215745e-14,2.6423307986078726e-14,True,True,True,True,391.6299592273398,0.1016320118500702
1000,40.0,18.97120976007136,10,7,12,39.35767803062768,47.90294481762543,0.19336809000434727,1.1388646595438348,0.003338944770564567,5.284661597215745e-14,2.6423307986078726e-14,True,True,True,True,341.08520439865475,0.17785602073762286
1000,40.0,18.97120976007136,10,10,12,39.35767803062768,47.90294481762543,0.19336809000434727,0.009367841498502394,1.9822206322905878e-05,5.284661597215745e-14,2.6423307986078726e-14,True,True,True,True,472.59327977417075,0.2540800296251755
1000,40.0,18.97120976007136,10,15,12,39.35767803062768,47.90294481762543,0.19336809000434727,2.2021480652011566e-07,1.7678253305675184e-10,5.284661597215745e-14,2.6423307986078726e-14,True,True,True,True,1245.681927464072,0.38112004443776326
1000,40.0,18.97120976007136,10,22,12,39.35767803062768,47.90294481762543,0.19336809000434727,8.018028550054641e-16,6.547540287726861e-14,5.284661597215745e-14,2.6423307986078726e-14,True,False,False,False,0.012245863633835381,0.5589760651753861
1000,40.0,18.97120976007136,10,33,12,39.35767803062768,47.90294481762543,0.19336809000434727,1.629489212531111e-32,6.311617894994015e-14,5.284661597215745e-14,2.6423307986078726e-14,True,False,False,False,2.581729818947882e-19,0.8384640977630792
1000,40.0,18.97120976007136,10,49,12,39.35767803062768,47.90294481762543,0.19336809000434727,4.226103278014945e-62,7.666089985036706e-14,5.284661597215745e-14,2.6423307986078726e-14,True,False,False,False,5.512723286921749e-49,1.2449921451633599
1000,40.0,18.97120976007136,11,2,12,41.008710116068954,39.50172186847202,0.10243942062472947,142.4487359366931,0.101770529254624,2.992051051364797e-14,1.4960255256823984e-14,True,True,True,True,1399.7051698561436,0.0487701269886154
1000,40.0,18.97120976007136,11,3,12,41.008710116068954,39.50172186847202,0.10243942062472947,72.38208759428704,0.08691454934652161,2.992051051364797e-14,1.4960255256823984e-14,True,True,True,True,832.7959833940488,0.0731551904829231
1000,40.0,18.97120976007136,11,4,12,41.008710116068954,39.50172186847202,0.10243942062472947,32.029715205993675,0.05291465030002216,2.992051051364797e-14,1.4960255256823984e-14,True,True,True,True,605.3090216865755,0.0975402539772308
1000,40.0,18.97120976007136,11,7,12,41.008710116068954,39.50172186847202,0.10243942062472947,1.1439370848618247,0.0023599813191441527,2.992051051364797e-14,1.4960255256823984e-14,True,True,True,True,484.72294063610366,0.17069544446015392
1000,40.0,18.97120976007136,11,10,12,41.008710116068954,39.50172186847202,0.10243942062472947,0.010974631106289705,1.743697328820959e-05,2.992051051364797e-14,1.4960255256823984e-14,True,True,True,True,629.3885369263285,0.24385063494307702
1000,40.0,18.97120976007136,11,15,12,41.008710116068954,39.50172186847202,0.10243942062472947,3.5312371841302085e-07,2.3859543507587233e-10,2.992051051364797e-14,1.4960255256823984e-14,True,True,True,True,1480.0103711151432,0.3657759524146155
1000,40.0,18.97120976007136,11,22,12,41.008710116068954,39.50172186847202,0.10243942062472947,2.121497057349411e-15,3.7039815659056785e-14,2.992051051364797e-14,1.4960255256823984e-14,True,False,False,False,0.05727612353358658,0.5364713968747694
1000,40.0,18.97120976007136,11,33,12,41.008710116068954,39.50172186847202,0.10243942062472947,1.0041513492792324e-31,3.5610403514851896e-14,2.992051051364797e-14,1.4960255256823984e-14,True,False,False,False,2.8198258097817814e-18,0.8047070953121541
1000,40.0,18.97120976007136,11,49,12,41.008710116068954,39.50172186847202,0.10243942062472947,9.319306016105529e-61,4.313216450668733e-14,2.992051051364797e-14,1.4960255256823984e-14,True,False,False,False,2.160639541903963e-47,1.1948681112210773
1000,40.0,18.97120976007136,12,2,12,40.08705366393373,44.436396055776676,0.31317903594666163,156.74809901521886,0.31031773295310305,8.681944052568724e-14,4.340972026284362e-14,True,True,True,True,505.1213075177612,0.04989141922893169
1000,40.0,18.97120976007136,12,3,12,40.08705366393373,44.436396055776676,0.31317903594666163,78.7938963043007,0.25799367360269193,8.681944052568724e-14,4.340972026284362e-14,True,True,True,True,305.4101877925993,0.07483712884339754
1000,40.0,18.97120976007136,12,4,12,40.08705366393373,44.436396055776676,0.31317903594666163,34.378470750874754,0.15029411966069842,8.681944052568724e-14,4.340972026284362e-14,True,True,True,True,228.74128960259415,0.09978283845786338
1000,40.0,18.97120976007136,12,7,12,40.08705366393373,44.436396055776676,0.31317903594666163,1.1545932780531152,0.005723868907581031,8.681944052568724e-14,4.340972026284362e-14,True,True,True,True,201.7155348411113,0.17461996730126092
1000,40.0,18.97120976007136,12,10,12,40.08705366393373,44.436396055776676,0.31317903594666163,0.010177910739419727,3.533636678287877e-05,8.681944052568724e-14,4.340972026284362e-14,True,True,True,True,288.0293495354804,0.24945709614465847
1000,40.0,18.97120976007136,12,15,12,40.08705366393373,44.436396055776676,0.31317903594666163,2.7546626906761995e-07,3.2922808923530056e-10,8.681944052568724e-14,4.340972026284362e-14,True,True,True,True,836.7034225647228,0.3741856442169877
1000,40.0,18.97120976007136,12,22,12,40.08705366393373,44.436396055776676,0.31317903594666163,1.2552810117581954e-15,1.0735856648125264e-13,8.681944052568724e-14,4.340972026284362e-14,True,False,False,False,0.011692415918923409,0.5488056115182486
1000,40.0,18.97120976007136,12,33,12,40.08705366393373,44.436396055776676,0.31317903594666163,3.7241438393311333e-32,1.0363931934875836e-13,8.681944052568724e-14,4.340972026284362e-14,True,False,False,False,3.5933696426536306e-19,0.8232084172773729
1000,40.0,18.97120976007136,12,49,12,40.08705366393373,44.436396055776676,0.31317903594666163,1.708043476411894e-61,1.255662240851052e-13,8.681944052568724e-14,4.340972026284362e-14,True,False,False,False,1.360273026330895e-48,1.2223397711088264
1000,40.0,18.97120976007136,13,2,12,41.36063931491137,50.33673501590991,0.10435447740409728,183.02512526786364,0.10361784928445684,3.0225821845419887e-14,1.5112910922709943e-14,True,True,True,True,1766.347463605561,0.048355151978488844
1000,40.0,18.97120976007136,13,3,12,41.36063931491137,50.33673501590991,0.10435447740409728,93.37310907854852,0.08804796826388522,3.0225821845419887e-14,1.5112910922709943e-14,True,True,True,True,1060.479996525343,0.07253272796773327
1000,40.0,18.97120976007136,13,4,12,41.36063931491137,50.33673501590991,0.10435447740409728,41.53536976154535,0.05321499115556015,3.0225821845419887e-14,1.5112910922709943e-14,True,True,True,True,780.5200914179901,0.09671030395697769
1000,40.0,18.97120976007136,13,7,12,41.36063931491137,50.33673501590991,0.10435447740409728,1.5177059762289995,0.0023322104696576196,3.0225821845419887e-14,1.5112910922709943e-14,True,True,True,True,650.7585811720528,0.16924303192471096
1000,40.0,18.97120976007136,13,10,12,41.36063931491137,50.33673501590991,0.10435447740409728,0.015026676190604165,1.7312047307593836e-05,3.0225821845419887e-14,1.5112910922709943e-14,True,True,True,True,867.9895522242938,0.24177575989244424
1000,40.0,18.97120976007136,13,15,12,41.36063931491137,50.33673501590991,0.10435447740409728,5.157720144597825e-07,2.9283112740197126e-10,3.0225821845419887e-14,1.5112910922709943e-14,True,True,True,True,1761.3291969189424,0.36266363983866634
1000,40.0,18.97120976007136,13,22,12,41.36063931491137,50.33673501590991,0.10435447740409728,3.4365860993834212e-15,3.733124920302089e-14,3.0225821845419887e-14,1.5112910922709943e-14,True,False,False,False,0.09205655242593191,0.5319066717633774
1000,40.0,18.97120976007136,13,33,12,41.36063931491137,50.33673501590991,0.10435447740409728,1.9381872398646676e-31,3.594347042223944e-14,3.0225821845419887e-14,1.5112910922709943e-14,True,False,False,False,5.3923208223807056e-18,0.7978600076450659
1000,40.0,18.97120976007136,13,49,12,41.36063931491137,50.33673501590991,0.10435447740409728,2.3439306610091068e-60,4.3645642655576466e-14,3.0225821845419887e-14,1.5112910922709943e-14,True,False,False,False,5.370365787728022e-47,1.1847012234729768
1000,40.0,18.97120976007136,14,2,12,40.82134164271841,36.32844434003821,0.24164913610863803,130.42628896822617,0.23975522155005685,6.861178292183467e-14,3.430589146091734e-14,True,True,True,True,543.9976995078514,0.04899398009758345
1000,40.0,18.97120976007136,14,3,12,40.82134164271841,36.32844434003821,0.24164913610863803,66.13038968779229,0.2019168921867294,6.861178292183467e-14,3.430589146091734e-14,True,True,True,True,327.51291371222175,0.07349097014637516
1000,40.0,18.97120976007136,14,4,12,40.82134164271841,36.32844434003821,0.24164913610863803,29.18083135889053,0.12012605479928953,6.861178292183467e-14,3.430589146091734e-14,True,True,True,True,242.9184193857594,0.0979879601951669
1000,40.0,18.97120976007136,14,7,12,40.82134164271841,36.32844434003821,0.24164913610863803,1.0294457878846552,0.004940458100421652,6.861178292183467e-14,3.430589146091734e-14,True,True,True,True,208.3705128066556,0.17147893034154205
1000,40.0,18.97120976007136,14,10,12,40.82134164271841,36.32844434003821,0.24164913610863803,0.009710163621866164,3.348261114377582e-05,6.861178292183467e-14,3.430589146091734e-14,True,True,True,True,290.00616410023366,0.24496990048791722
1000,40.0,18.97120976007136,14,15,12,40.82134164271841,36.32844434003821,0.24164913610863803,3.0177645163279733e-07,3.7345271319821904e-10,6.861178292183467e-14,3.430589146091734e-14,True,True,True,True,808.071386196148,0.36745485073187584
1000,40.0,18.97120976007136,14,22,12,40.82134164271841,36.32844434003821,0.24164913610863803,1.7150245274764992e-15,8.482103908136196e-14,6.861178292183467e-14,3.430589146091734e-14,True,False,False,False,0.020219329379252415,0.5389337810734179
1000,40.0,18.97120976007136,14,33,12,40.82134164271841,36.32844434003821,0.24164913610863803,7.38929976737233e-32,8.190670364172092e-14,6.861178292183467e-14,3.430589146091734e-14,True,False,False,False,9.021605605928001e-19,0.8084006716101269
1000,40.0,18.97120976007136,14,49,12,40.82134164271841,36.32844434003821,0.24164913610863803,5.9504763731537645e-61,9.919842725025774e-14,6.861178292183467e-14,3.430589146091734e-14,True,False,False,False,5.998559188989868e-48,1.2003525123907943
1000,40.0,18.97120976007136,15,2,12,40.062495112787786,42.48900413137729,0.14917222955211779,149.78929926680692,0.14782269586070548,4.1466829969749597e-14,2.0733414984874798e-14,True,True,True,True,1013.303798815539,0.04992200296984518
1000,40.0,18.97120976007136,15,3,12,40.062495112787786,42.48900413137729,0.14917222955211779,75.27377362861293,0.12302834019548455,4.1466829969749597e-14,2.0733414984874798e-14,True,True,True,True,611.8409263183383,0.07488300445476777
1000,40.0,18.97120976007136,15,4,12,40.062495112787786,42.48900413137729,0.14917222955211779,32.82999927669055,0.0718121732552615,4.1466829969749597e-14,2.0733414984874798e-14,True,True,True,True,457.16482023171716,0.09984400593969037
1000,40.0,18.97120976007136,15,7,12,40.062495112787786,42.48900413137729,0.14917222955211779,1.1007455512836999,0.0027602203303048467,4.1466829969749597e-14,2.0733414984874798e-14,True,True,True,True,398.78901665872826,0.17472701039445815
1000,40.0,18.97120976007136,15,10,12,40.062495112787786,42.48900413137729,0.14917222955211779,0.009680963318450938,1.732407427909588e-05,4.1466829969749597e-14,2.0733414984874798e-14,True,True,True,True,558.8156205340499,0.2496100148492259
1000,40.0,18.97120976007136,15,15,12,40.062495112787786,42.48900413137729,0.14917222955211779,2.6079134675170665e-07,1.9305364251653856e-10,4.1466829969749597e-14,2.0733414984874798e-14,True,True,True,True,1350.8750384202935,0.3744150222738389
1000,40.0,18.97120976007136,15,22,12,40.062495112787786,42.48900413137729,0.14917222955211779,1.1795605734304643e-15,5.1236792586450974e-14,4.1466829969749597e-14,2.0733414984874798e-14,True,False,False,False,0.02302174890124536,0.549142032668297
1000,40.0,18.97120976007136,15,33,12,40.062495112787786,42.48900413137729,0.14917222955211779,3.455639101127474e-32,4.9460435747050724e-14,4.1466829969749597e-14,2.0733414984874798e-14,True,False,False,False,6.9866733863814175e-19,0.8237130490024455
1000,40.0,18.97120976007136,15,49,12,40.062495112787786,42.48900413137729,0.14917222955211779,1.555042999797693e-61,5.995204332975845e-14,4.1466829969749597e-14,2.0733414984874798e-14,True,False,False,False,2.5938115090496252e-48,1.223089072761207
1000,40.0,18.97120976007136,16,2,12,39.21341287650126,46.82611479687371,0.16739133859094954,161.6586108274669,0.1659772928268191,4.6906922790412864e-14,2.3453461395206432e-14,True,True,True,True,973.9802841352622,0.051002956725516364
1000,40.0,18.97120976007136,16,3,12,39.21341287650126,46.82611479687371,0.16739133859094954,80.40251535197842,0.13884730227176506,4.6906922790412864e-14,2.3453461395206432e-14,True,True,True,True,579.0714982319715,0.07650443508827455
1000,40.0,18.97120976007136,16,4,12,39.21341287650126,46.82611479687371,0.16739133859094954,34.595012722031605,0.08164988526526339,4.6906922790412864e-14,2.3453461395206432e-14,True,True,True,True,423.69946521834845,0.10200591345103273
1000,40.0,18.97120976007136,16,7,12,39.21341287650126,46.82611479687371,0.16739133859094954,1.0935146000087306,0.0032061430074527275,4.6906922790412864e-14,2.3453461395206432e-14,True,True,True,True,341.06856664435725,0.17851034853930728
1000,40.0,18.97120976007136,16,10,12,39.21341287650126,46.82611479687371,0.16739133859094954,0.008870345566770844,2.0381139136632642e-05,4.6906922790412864e-14,2.3453461395206432e-14,True,True,True,True,435.2232476950941,0.25501478362758184
1000,40.0,18.97120976007136,16,15,12,39.21341287650126,46.82611479687371,0.16739133859094954,2.0269975863457716e-07,1.9702706133273296e-10,4.6906922790412864e-14,2.3453461395206432e-14,True,True,True,True,1028.791462774062,0.38252217544137274
1000,40.0,18.97120976007136,16,22,12,39.21341287650126,46.82611479687371,0.16739133859094954,7.055614845017461e-16,5.803690861228006e-14,4.6906922790412864e-14,2.3453461395206432e-14,True,False,False,False,0.012157116934247873,0.56103252398068
1000,40.0,18.97120976007136,16,33,12,39.21341287650126,46.82611479687371,0.16739133859094954,1.3292805369475652e-32,5.595524044110789e-14,4.6906922790412864e-14,2.3453461395206432e-14,True,False,False,False,2.375614020185678e-19,0.84154878597102
1000,40.0,18.97120976007136,16,49,12,39.21341287650126,46.82611479687371,0.16739133859094954,3.0758142781199073e-62,6.786238238021269e-14,4.6906922790412864e-14,2.3453461395206432e-14,True,False,False,False,4.532428969096659e-49,1.249572439775151
1000,40.0,18.97120976007136,17,2,12,39.7214082308364,39.65903858745918,0.1803898445581605,138.65143362406306,0.17904766308788775,5.162537064506978e-14,2.581268532253489e-14,True,True,True,True,774.3828164682848,0.05035068214040221
1000,40.0,18.97120976007136,17,3,12,39.7214082308364,39.65903858745918,0.1803898445581605,69.39103513466988,0.15145619443236452,5.162537064506978e-14,2.581268532253489e-14,True,True,True,True,458.15910927075146,0.07552602321060332
1000,40.0,18.97120976007136,17,4,12,39.7214082308364,39.65903858745918,0.1803898445581605,30.101949782216753,0.09079550200396032,5.162537064506978e-14,2.581268532253489e-14,True,True,True,True,331.53569414599156,0.10070136428080442
1000,40.0,18.97120976007136,17,7,12,39.7214082308364,39.65903858745918,0.1803898445581605,0.9859169170962132,0.003847895972263704,5.162537064506978e-14,2.581268532253489e-14,True,True,True,True,256.2223418207955,0.17622738749140776
1000,40.0,18.97120976007136,17,10,12,39.7214082308364,39.65903858745918,0.1803898445581605,0.008396716149392018,2.7178379075315506e-05,5.162537064506978e-14,2.581268532253489e-14,True,True,True,True,308.9483786403676,0.25175341070201107
1000,40.0,18.97120976007136,17,15,12,39.7214082308364,39.65903858745918,0.1803898445581605,2.118531830298821e-07,3.339055976159244e-10,5.162537064506978e-14,2.581268532253489e-14,True,True,True,True,634.4702950250228,0.3776301160530166
1000,40.0,18.97120976007136,17,22,12,39.7214082308364,39.65903858745918,0.1803898445581605,8.632376932898555e-16,6.381006834033087e-14,5.162537064506978e-14,2.581268532253489e-14,True,False,False,False,0.013528236463966455,0.5538575035444243
1000,40.0,18.97120976007136,17,33,12,39.7214082308364,39.65903858745918,0.1803898445581605,2.1206678086382758e-32,6.164513344231182e-14,5.162537064506978e-14,2.581268532253489e-14,True,False,False,False,3.440122018103537e-19,0.8307862553166365
1000,40.0,18.97120976007136,17,49,12,39.7214082308364,39.65903858745918,0.1803898445581605,7.318628420559526e-62,7.460698725481052e-14,5.162537064506978e-14,2.581268532253489e-14,True,False,False,False,9.80957506776637e-49,1.2335917124398543
1000,40.0,18.97120976007136,18,2,12,39.99533014521895,47.758606245072265,0.3215942270982398,168.09154835086048,0.31898565591711814,9.092726571680032e-14,4.546363285840016e-14,True,True,True,True,526.9564484571545,0.05000583800004162
1000,40.0,18.97120976007136,18,3,12,39.99533014521895,47.758606245072265,0.3215942270982398,84.40334392402275,0.2678646043950725,9.092726571680032e-14,4.546363285840016e-14,True,True,True,True,315.09703984456485,0.07500875700006243
1000,40.0,18.97120976007136,18,4,12,39.99533014521895,47.758606245072265,0.3215942270982398,36.77305618390066,0.1585821429133563,9.092726571680032e-14,4.546363285840016e-14,True,True,True,True,231.88648802653753,0.10001167600008325
1000,40.0,18.97120976007136,18,7,12,39.99533014521895,47.758606245072265,0.3215942270982398,1.2273124758069947,0.006401819742277048,9.092726571680032e-14,4.546363285840016e-14,True,True,True,True,191.71306366249775,0.17502043300014566
1000,40.0,18.97120976007136,18,10,12,39.99533014521895,47.758606245072265,0.3215942270982398,0.010726361274196591,4.236202593044247e-05,9.092726571680032e-14,4.546363285840016e-14,True,True,True,True,253.20699467511406,0.2500291900002081
1000,40.0,18.97120976007136,18,15,12,39.99533014521895,47.758606245072265,0.3215942270982398,2.852673152165496e-07,4.505028572410197e-10,9.092726571680032e-14,4.546363285840016e-14,True,True,True,True,633.2197690456182,0.37504378500031216
1000,40.0,18.97120976007136,18,22,12,39.99533014521895,47.758606245072265,0.3215942270982398,1.2641263791674133e-15,1.124100812432971e-13,9.092726571680032e-14,4.546363285840016e-14,True,False,False,False,0.01124566733860262,0.5500642180004578
1000,40.0,18.97120976007136,18,33,12,39.99533014521895,47.758606245072265,0.3215942270982398,3.577662385983401e-32,1.0830225605218402e-13,9.092726571680032e-14,4.546363285840016e-14,True,False,False,False,3.3034052257042104e-19,0.8250963270006868
1000,40.0,18.97120976007136,18,49,12,39.99533014521895,47.758606245072265,0.3215942270982398,1.5282696518267922e-61,1.3128387266192476e-13,9.092726571680032e-14,4.546363285840016e-14,True,False,False,False,1.1640954984336201e-48,1.2251430310010198
1000,40.0,18.97120976007136,19,2,12,39.94887368055112,40.41130568665541,0.328594769717856,142.070889697344,0.32556858477186035,9.070522111187529e-14,4.5352610555937645e-14,True,True,True,True,436.37775984098425,0.05006398968824217
1000,40.0,18.97120976007136,19,3,12,39.94887368055112,40.41130568665541,0.328594769717856,71.29790690393122,0.27026009494346387,9.070522111187529e-14,4.5352610555937645e-14,True,True,True,True,263.8121877328806,0.07509598453236326
1000,40.0,18.97120976007136,19,4,12,39.94887368055112,40.41130568665541,0.328594769717856,31.040582391613082,0.15691417295457583,9.070522111187529e-14,4.5352610555937645e-14,True,True,True,True,197.81885732271513,0.10012797937648434
1000,40.0,18.97120976007136,19,7,12,39.94887368055112,40.41130568665541,0.328594769717856,1.0327018674369544,0.005871286819804367,9.070522111187529e-14,4.5352610555937645e-14,True,True,True,True,175.8902092729587,0.1752239639088476
1000,40.0,18.97120976007136,19,10,12,39.94887368055112,40.41130568665541,0.328594769717856,0.008986211531428366,3.508773359800488e-05,9.070522111187529e-14,4.5352610555937645e-14,True,True,True,True,256.1069242710886,0.25031994844121086
1000,40.0,18.97120976007136,19,15,12,39.94887368055112,40.41130568665541,0.328594769717856,2.3687127763916342e-07,2.9835311998738234e-10,9.070522111187529e-14,4.5352610555937645e-14,True,True,True,True,793.9292796709515,0.37547992266181623
1000,40.0,18.97120976007136,19,22,12,39.94887368055112,40.41130568665541,0.328594769717856,1.0348848316369188e-15,1.1229905894083458e-13,9.070522111187529e-14,4.5352610555937645e-14,True,False,False,False,0.0092154363660532,0.5507038865706638
1000,40.0,18.97120976007136,19,33,12,39.94887368055112,40.41130568665541,0.328594769717856,2.8596287830492137e-32,1.0835776720341528e-13,9.070522111187529e-14,4.5352610555937645e-14,True,False,False,False,2.639062115114423e-19,0.8260558298559958
1000,40.0,18.97120976007136,19,49,12,39.94887368055112,40.41130568665541,0.328594769717856,1.1782720706851254e-61,1.3133938381315602e-13,9.070522111187529e-14,4.5352610555937645e-14,True,False,False,False,8.971201451358569e-49,1.2265677473619332
1000,40.0,18.97120976007136,20,2,11,38.56989341801076,33.450340365346904,0.11859007397903848,113.61710468579287,0.11729279160986832,3.186340080674199e-14,1.5931700403370996e-14,True,True,True,True,968.662294812615,0.05185391565189215
1000,40.0,18.97120976007136,20,3,11,38.56989341801076,33.450340365346904,0.11859007397903848,56.05216095191838,0.09594056597251835,3.186340080674199e-14,1.5931700403370996e-14,True,True,True,True,584.2383811658378,0.07778087347783823
1000,40.0,18.97120976007136,20,4,11,38.56989341801076,33.450340365346904,0.11859007397903848,23.862761666836107,0.05448778750417041,3.186340080674199e-14,1.5931700403370996e-14,True,True,True,True,437.94697417306014,0.1037078313037843
1000,40.0,18.97120976007136,20,7,11,38.56989341801076,33.450340365346904,0.11859007397903848,0.7202268007615776,0.001954083404841253,3.186340080674199e-14,1.5931700403370996e-14,True,True,True,True,368.57526090094797,0.18148870478162252
1000,40.0,18.97120976007136,20,10,11,38.56989341801076,33.450340365346904,0.11859007397903848,0.005484727063386605,1.3111884813676866e-05,3.186340080674199e-14,1.5931700403370996e-14,True,True,True,True,418.30195592212226,0.25926957825946073
1000,40.0,18.97120976007136,20,15,11,38.56989341801076,33.450340365346904,0.11859007397903848,1.1026735462355362e-07,1.4028384009989736e-10,3.186340080674199e-14,1.5931700403370996e-14,True,True,True,True,786.0303406652631,0.3889043673891911
1000,40.0,18.97120976007136,20,22,11,38.56989341801076,33.450340365346904,0.11859007397903848,3.1324172863987435e-16,3.953781746446339e-14,3.186340080674199e-14,1.5931700403370996e-14,True,False,False,False,0.007922585229228098,0.5703930721708137
1000,40.0,18.97120976007136,20,33,11,38.56989341801076,33.450340365346904,0.11859007397903848,4.193030946992252e-33,3.813616089587413e-14,3.186340080674199e-14,1.5931700403370996e-14,True,False,False,False,1.09948952608019e-19,0.8555896082562204
1000,40.0,18.97120976007136,20,49,11,38.56989341801076,33.450340365346904,0.11859007397903848,5.80090334571508e-63,4.62685445512534e-14,3.186340080674199e-14,1.5931700403370996e-14,True,False,False,False,1.2537466656832488e-49,1.2704209334713576
1000,40.0,18.97120976007136,21,2,12,40.4104687748452,56.564572709361904,0.19491734203915329,201.09541413806124,0.1932982437844054,5.473399511402022e-14,2.736699755701011e-14,True,True,True,True,1040.3375126488597,0.04949212569503684
1000,40.0,18.97120976007136,21,3,12,40.4104687748452,56.564572709361904,0.19491734203915329,101.47456889191048,0.16189394602839272,5.473399511402022e-14,2.736699755701011e-14,True,True,True,True,626.796562696137,0.07423818854255526
1000,40.0,18.97120976007136,21,4,12,40.4104687748452,56.564572709361904,0.19491734203915329,44.49697651788902,0.09536435230481745,5.473399511402022e-14,2.736699755701011e-14,True,True,True,True,466.5996826116041,0.09898425139007368
1000,40.0,18.97120976007136,21,7,12,40.4104687748452,56.564572709361904,0.19491734203915329,1.5274486285297828,0.003762850058096512,5.473399511402022e-14,2.736699755701011e-14,True,True,True,True,405.92864582610105,0.17322243993262895
1000,40.0,18.97120976007136,21,10,12,40.4104687748452,56.564572709361904,0.19491734203915329,0.013875480720937578,2.39951393597726e-05,5.473399511402022e-14,2.736699755701011e-14,True,True,True,True,578.2621435489373,0.2474606284751842
1000,40.0,18.97120976007136,21,15,12,40.4104687748452,56.564572709361904,0.19491734203915329,3.9929729603394624e-07,2.31490826507752e-10,5.473399511402022e-14,2.736699755701011e-14,True,True,True,True,1724.8946839825417,0.3711909427127763
1000,40.0,18.97120976007136,21,22,12,40.4104687748452,56.564572709361904,0.19491734203915329,2.0066891467127646e-15,6.764033777528766e-14,5.473399511402022e-14,2.736699755701011e-14,True,False,False,False,0.02966704798812975,0.5444133826454053
1000,40.0,18.97120976007136,21,33,12,40.4104687748452,56.564572709361904,0.19491734203915329,7.023401181379325e-32,6.517009154549669e-14,5.473399511402022e-14,2.736699755701011e-14,True,False,False,False,1.0777031326519056e-18,0.8166200739681079
1000,40.0,18.97120976007136,21,49,12,40.4104687748452,56.564572709361904,0.19491734203915329,4.133130371069767e-61,7.915890165577366e-14,5.473399511402022e-14,2.736699755701011e-14,True,False,False,False,5.221308386822856e-48,1.2125570795284026
1000,40.0,18.97120976007136,22,2,12,39.771842230530055,36.65918889872695,0.380436588319275,128.32261091377868,0.3772731396443424,1.0702549957386509e-13,5.3512749786932545e-14,True,True,True,True,340.13184992376915,0.050286833292945636
1000,40.0,18.97120976007136,22,3,12,39.771842230530055,36.65918889872695,0.380436588319275,64.2610302328859,0.3162779104452039,1.0702549957386509e-13,5.3512749786932545e-14,True,True,True,True,203.17900210744978,0.07543024993941845
1000,40.0,18.97120976007136,22,4,12,39.771842230530055,36.65918889872695,0.380436588319275,27.898871411376085,0.18682558780947062,1.0702549957386509e-13,5.3512749786932545e-14,True,True,True,True,149.33110468694497,0.10057366658589127
1000,40.0,18.97120976007136,22,7,12,39.771842230530055,36.65918889872695,0.380436588319275,0.9169502951434308,0.007508939875263687,1.0702549957386509e-13,5.3512749786932545e-14,True,True,True,True,122.11448092214626,0.17600391652530972
1000,40.0,18.97120976007136,22,10,12,39.771842230530055,36.65918889872695,0.380436588319275,0.007846780817538639,4.989806803362695e-05,1.0702549957386509e-13,5.3512749786932545e-14,True,True,True,True,157.25620503484407,0.25143416646472816
1000,40.0,18.97120976007136,22,15,12,39.771842230530055,36.65918889872695,0.380436588319275,1.9991492513026786e-07,5.530729763059128e-10,1.0702549957386509e-13,5.3512749786932545e-14,True,True,True,True,361.46211023641115,0.3771512496970923
1000,40.0,18.97120976007136,22,22,12,39.771842230530055,36.65918889872695,0.380436588319275,8.273204623859997e-16,1.3250511798901243e-13,1.0702549957386509e-13,5.3512749786932545e-14,True,False,False,False,0.00624368684728542,0.553155166222402
1000,40.0,18.97120976007136,22,33,12,39.771842230530055,36.65918889872695,0.380436588319275,2.0862618596578953e-32,1.2756462552943049e-13,1.0702549957386509e-13,5.3512749786932545e-14,True,False,False,False,1.6354548535687686e-19,0.829732749333603
1000,40.0,18.97120976007136,22,49,12,39.771842230530055,36.65918889872695,0.380436588319275,7.489174511150631e-62,1.5476508963274682e-13,1.0702549957386509e-13,5.3512749786932545e-14,True,False,False,False,4.839059331094778e-49,1.232027415677168
1000,40.0,18.97120976007136,23,2,12,39.2057914919227,51.50413214939091,0.21412775179786245,177.774714247854,0.2121176584808152,5.906386491005833e-14,2.9531932455029164e-14,True,True,True,True,838.0948362388824,0.051012871412430126
1000,40.0,18.97120976007136,23,3,12,39.2057914919227,51.50413214939091,0.21412775179786245,88.40965054401889,0.17596143721208796,5.906386491005833e-14,2.9531932455029164e-14,True,True,True,True,502.4376473889442,0.07651930711864519
1000,40.0,18.97120976007136,23,4,12,39.2057914919227,51.50413214939091,0.21412775179786245,38.035547836500164,0.10215049320860653,5.906386491005833e-14,2.9531932455029164e-14,True,True,True,True,372.348156546106,0.10202574282486025
1000,40.0,18.97120976007136,23,7,12,39.2057914919227,51.50413214939091,0.21412775179786245,1.2016183059169916,0.0038413568301830514,5.906386491005833e-14,2.9531932455029164e-14,True,True,True,True,312.810904854088,0.17854504994350545
1000,40.0,18.97120976007136,23,10,12,39.2057914919227,51.50413214939091,0.21412775179786245,0.009740064028818685,2.333294147144338e-05,5.906386491005833e-14,2.9531932455029164e-14,True,True,True,True,417.4383260138595,0.25506435706215064
1000,40.0,18.97120976007136,23,15,12,39.2057914919227,51.50413214939091,0.21412775179786245,2.2224052175824547e-07,2.1024426644089544e-10,5.906386491005833e-14,2.9531932455029164e-14,True,True,True,True,1057.0586562022725,0.382596535593226
1000,40.0,18.97120976007136,23,22,12,39.2057914919227,51.50413214939091,0.21412775179786245,7.717385053764442e-16,7.316369732279782e-14,5.906386491005833e-14,2.9531932455029164e-14,True,False,False,False,0.010548106965829493,0.5611415855367314
1000,40.0,18.97120976007136,23,33,12,39.2057914919227,51.50413214939091,0.21412775179786245,1.4481381539886002e-32,7.05546732149287e-14,5.906386491005833e-14,2.9531932455029164e-14,True,False,False,False,2.0525049412066272e-19,0.8417123783050972
1000,40.0,18.97120976007136,23,49,12,39.2057914919227,51.50413214939091,0.21412775179786245,3.3306629060563343e-62,8.557043962298394e-14,5.906386491005833e-14,2.9531932455029164e-14,True,False,False,False,3.892305474566861e-49,1.249815349604538
1000,40.0,18.97120976007136,24,2,11,37.90430694809905,40.21862653892517,0.2114221719770029,134.27462603862898,0.20880308820876164,5.5566662382489085e-14,2.7783331191244542e-14,True,True,True,True,643.0681997594835,0.05276445240744081
1000,40.0,18.97120976007136,24,3,11,37.90430694809905,40.21862653892517,0.2114221719770029,65.67307405363589,0.1685508439683621,5.5566662382489085e-14,2.7783331191244542e-14,True,True,True,True,389.6336114814298,0.0791466786111612
1000,40.0,18.97120976007136,24,4,11,37.90430694809905,40.21862653892517,0.2114221719770029,27.64346228183323,0.09370869279366087,5.5566662382489085e-14,2.7783331191244542e-14,True,True,True,True,294.99357485118213,0.10552890481488161
1000,40.0,18.97120976007136,24,7,11,37.90430694809905,40.21862653892517,0.2114221719770029,0.7942658702593602,0.003005403765730802,5.5566662382489085e-14,2.7783331191244542e-14,True,True,True,True,264.2792556913645,0.18467558342604282
1000,40.0,18.97120976007136,24,10,11,37.90430694809905,40.21862653892517,0.2114221719770029,0.005655988476504094,1.5106371958284459e-05,5.5566662382489085e-14,2.7783331191244542e-14,True,True,True,True,374.4107779235704,0.263822262037204
1000,40.0,18.97120976007136,24,15,11,37.90430694809905,40.21862653892517,0.2114221719770029,9.928800104538241e-08,9.879091988906907e-11,5.5566662382489085e-14,2.7783331191244542e-14,True,True,True,True,1005.0316482210258,0.395733393055806
1000,40.0,18.97120976007136,24,22,11,37.90430694809905,40.21862653892517,0.2114221719770029,2.2758036595948484e-16,6.894484982922222e-14,5.5566662382489085e-14,2.7783331191244542e-14,True,False,False,False,0.003300904513146464,0.5804089764818489
1000,40.0,18.97120976007136,24,33,11,37.90430694809905,40.21862653892517,0.2114221719770029,2.124824906307743e-33,6.644684802381562e-14,5.5566662382489085e-14,2.7783331191244542e-14,True,False,False,False,3.1977813387719637e-20,0.8706134647227732
1000,40.0,18.97120976007136,24,49,11,37.90430694809905,40.21862653892517,0.2114221719770029,1.710323745574369e-63,8.0629947163402e-14,5.5566662382489085e-14,2.7783331191244542e-14,True,False,False,False,2.1212016201725686e-50,1.2927290839822996
