dataset,model_kind,explainer,n_samples,avg_seconds_per_instance,total_seconds,n_repeats,additivity_error,status,message
rotten_tomatoes,random_forest,shap,10,0.7727802300003532,7.727802300003532,1,684307952.8719728,ok,
rotten_tomatoes,random_forest,fasttreeshap_v1,10,0.7383645995003463,7.383645995003462,1,465983671.47744733,ok,
rotten_tomatoes,random_forest,fasttreeshap_v2,10,0.7371103262004908,7.371103262004908,1,465983671.47744733,ok,
rotten_tomatoes,random_forest,linear_tree_shap,10,0.02156593800027622,0.2156593800027622,1,5.500895193668101e+237,ok,
rotten_tomatoes,random_forest,shapiq,10,5.944503003600403,59.44503003600403,1,5.924487734027306e+29,ok,
rotten_tomatoes,random_forest,pg_quadrature_tree_cpp,10,0.4162641391994839,4.162641391994839,1,1.4727108421652702e-13,ok,
