dataset,model_kind,task,trained_now,fit_time_seconds,validation_score,train_accuracy,train_macro_f1,accuracy,macro_f1,best_params,tree_count,total_leaves,max_depth,max_features_on_path
imdb,svc_rbf,sentiment,False,7.270740790991113,0.824,0.998,0.9979999979999981,0.85452,0.8544188429912849,{},,,,
rotten_tomatoes,svc_rbf,sentiment,False,7.126439040992409,0.672,0.9935,0.9934999983749996,0.7213883677298312,0.7213763533974533,{},,,,
sst2,svc_rbf,sentiment,False,4.281933750025928,0.6846330275229358,0.9125,0.9121113343483218,0.0,0.0,{},,,,
yelp_polarity,svc_rbf,sentiment,False,7.577113499981351,0.879,0.9985,0.9984999996249999,0.8834736842105263,0.8834727774931634,{},,,,
sms_spam,svc_rbf,spam,False,4.3744328749598935,0.9712746858168761,0.9965,0.992375387970214,0.9713261648745519,0.9321518679514849,{},,,,
